/*
 * ifx_errmsg_data.c -- generated data tables, see ifx_errmsg.h
 * DO NOT EDIT BY HAND -- regenerate with gen_errmsg.
 */

#include <stdint.h>
#include <stddef.h>

/* 383 dictionary entries: entries 0..126 are referenced by a single byte
 * 0x81..0xFF in the message pool; entries 127..382 are referenced by
 * the two-byte sequence 0x80,(index-127). Each entry is a
 * NUL-terminated ASCII string; dict_offsets[i] is its start offset
 * in ifx_dict_blob. */
const unsigned char ifx_dict_blob[1808] = {
  0x65, 0x20, 0x00, 0x74, 0x20, 0x00, 0x65, 0x72, 0x00, 0x6e, 0x20, 0x00, 0x6f, 0x72, 0x00, 0x64, 0x20, 0x00, 0x73, 0x20,
  0x00, 0x6e, 0x6f, 0x00, 0x61, 0x74, 0x00, 0x69, 0x6e, 0x00, 0x6e, 0x6f, 0x74, 0x20, 0x00, 0x72, 0x65, 0x00, 0x61, 0x6c,
  0x00, 0x61, 0x6e, 0x00, 0x74, 0x68, 0x00, 0x61, 0x72, 0x00, 0x69, 0x6f, 0x00, 0x65, 0x63, 0x00, 0x6f, 0x72, 0x20, 0x00,
  0x65, 0x64, 0x20, 0x00, 0x65, 0x6e, 0x00, 0x61, 0x62, 0x00, 0x79, 0x20, 0x00, 0x63, 0x6f, 0x00, 0x73, 0x74, 0x00, 0x72,
  0x6f, 0x00, 0x69, 0x6f, 0x6e, 0x20, 0x00, 0x3a, 0x20, 0x00, 0x6c, 0x65, 0x00, 0x69, 0x6e, 0x20, 0x00, 0x61, 0x6e, 0x6e,
  0x6f, 0x74, 0x20, 0x00, 0x6f, 0x20, 0x00, 0x61, 0x20, 0x00, 0x6c, 0x65, 0x20, 0x00, 0x25, 0x73, 0x00, 0x65, 0x78, 0x00,
  0x65, 0x72, 0x20, 0x00, 0x69, 0x73, 0x20, 0x00, 0x74, 0x68, 0x65, 0x20, 0x00, 0x75, 0x73, 0x00, 0x64, 0x2e, 0x00, 0x6c,
  0x6f, 0x00, 0x61, 0x63, 0x00, 0x43, 0x61, 0x6e, 0x6e, 0x6f, 0x74, 0x20, 0x00, 0x25, 0x73, 0x29, 0x00, 0x28, 0x25, 0x73,
  0x29, 0x00, 0x66, 0x69, 0x00, 0x75, 0x72, 0x00, 0x76, 0x61, 0x6c, 0x00, 0x67, 0x20, 0x00, 0x65, 0x72, 0x72, 0x00, 0x75,
  0x6d, 0x00, 0x75, 0x6e, 0x00, 0x65, 0x63, 0x74, 0x00, 0x65, 0x6d, 0x00, 0x74, 0x61, 0x62, 0x00, 0x61, 0x73, 0x00, 0x74,
  0x6f, 0x20, 0x00, 0x6f, 0x66, 0x00, 0x61, 0x6d, 0x00, 0x65, 0x73, 0x00, 0x65, 0x64, 0x2e, 0x00, 0x69, 0x74, 0x00, 0x20,
  0x65, 0x72, 0x72, 0x00, 0x66, 0x6f, 0x72, 0x20, 0x00, 0x65, 0x2e, 0x00, 0x64, 0x61, 0x74, 0x00, 0x79, 0x70, 0x00, 0x67,
  0x65, 0x20, 0x00, 0x6f, 0x66, 0x20, 0x00, 0x69, 0x6e, 0x67, 0x20, 0x00, 0x49, 0x6e, 0x00, 0x73, 0x70, 0x00, 0x69, 0x6f,
  0x6e, 0x00, 0x20, 0x65, 0x72, 0x72, 0x6f, 0x72, 0x00, 0x28, 0x25, 0x73, 0x29, 0x20, 0x00, 0x65, 0x6e, 0x74, 0x00, 0x54,
  0x68, 0x00, 0x63, 0x6f, 0x6e, 0x00, 0x74, 0x65, 0x72, 0x00, 0x20, 0x65, 0x72, 0x72, 0x6f, 0x72, 0x3a, 0x20, 0x00, 0x65,
  0x73, 0x20, 0x00, 0x63, 0x68, 0x00, 0x74, 0x79, 0x70, 0x00, 0x65, 0x6e, 0x74, 0x20, 0x00, 0x41, 0x4d, 0x00, 0x54, 0x68,
  0x65, 0x20, 0x00, 0x61, 0x64, 0x00, 0x2d, 0x2d, 0x00, 0x69, 0x63, 0x00, 0x63, 0x6f, 0x6c, 0x00, 0x61, 0x6c, 0x20, 0x00,
  0x49, 0x53, 0x00, 0x62, 0x6a, 0x00, 0x6f, 0x6e, 0x00, 0x62, 0x65, 0x20, 0x00, 0x61, 0x6e, 0x20, 0x00, 0x64, 0x65, 0x00,
  0x6f, 0x70, 0x00, 0x75, 0x6c, 0x00, 0x71, 0x75, 0x00, 0x75, 0x70, 0x00, 0x6d, 0x61, 0x72, 0x00, 0x49, 0x53, 0x41, 0x4d,
  0x00, 0x69, 0x64, 0x20, 0x00, 0x64, 0x69, 0x00, 0x61, 0x67, 0x00, 0x49, 0x53, 0x41, 0x4d, 0x20, 0x65, 0x72, 0x72, 0x6f,
  0x72, 0x3a, 0x20, 0x00, 0x63, 0x74, 0x00, 0x75, 0x74, 0x00, 0x61, 0x74, 0x69, 0x6f, 0x6e, 0x20, 0x00, 0x77, 0x69, 0x00,
  0x65, 0x63, 0x69, 0x00, 0x74, 0x61, 0x62, 0x6c, 0x65, 0x20, 0x00, 0x61, 0x73, 0x20, 0x00, 0x6f, 0x6e, 0x20, 0x00, 0x61,
  0x72, 0x67, 0x65, 0x20, 0x00, 0x62, 0x6a, 0x65, 0x63, 0x74, 0x00, 0x73, 0x2e, 0x00, 0x69, 0x76, 0x00, 0x6d, 0x61, 0x72,
  0x74, 0x20, 0x00, 0x77, 0x69, 0x74, 0x68, 0x00, 0x69, 0x6c, 0x00, 0x65, 0x74, 0x00, 0x20, 0x63, 0x00, 0x61, 0x6d, 0x65,
  0x20, 0x00, 0x73, 0x70, 0x65, 0x63, 0x69, 0x00, 0x76, 0x61, 0x6c, 0x69, 0x64, 0x20, 0x00, 0x6c, 0x65, 0x2e, 0x00, 0x65,
  0x6e, 0x20, 0x00, 0x73, 0x65, 0x72, 0x00, 0x72, 0x61, 0x6e, 0x00, 0x61, 0x76, 0x00, 0x69, 0x6d, 0x00, 0x53, 0x6d, 0x61,
  0x72, 0x74, 0x20, 0x00, 0x69, 0x73, 0x20, 0x6e, 0x6f, 0x74, 0x20, 0x00, 0x64, 0x6f, 0x00, 0x63, 0x6f, 0x6c, 0x75, 0x6d,
  0x00, 0x2c, 0x20, 0x00, 0x61, 0x74, 0x65, 0x20, 0x00, 0x4f, 0x62, 0x6a, 0x65, 0x63, 0x74, 0x00, 0x4c, 0x61, 0x72, 0x67,
  0x65, 0x20, 0x00, 0x77, 0x20, 0x00, 0x54, 0x45, 0x00, 0x69, 0x73, 0x74, 0x00, 0x6b, 0x20, 0x00, 0x76, 0x61, 0x6c, 0x75,
  0x00, 0x4c, 0x61, 0x72, 0x67, 0x65, 0x20, 0x4f, 0x62, 0x6a, 0x65, 0x63, 0x74, 0x00, 0x53, 0x6d, 0x61, 0x72, 0x74, 0x20,
  0x4c, 0x61, 0x72, 0x67, 0x65, 0x20, 0x4f, 0x62, 0x6a, 0x65, 0x63, 0x74, 0x00, 0x70, 0x72, 0x6f, 0x00, 0x69, 0x6f, 0x6e,
  0x2e, 0x00, 0x73, 0x3a, 0x20, 0x00, 0x70, 0x6f, 0x72, 0x00, 0x65, 0x64, 0x00, 0x63, 0x72, 0x65, 0x00, 0x76, 0x65, 0x72,
  0x00, 0x74, 0x79, 0x70, 0x65, 0x20, 0x00, 0x61, 0x62, 0x61, 0x73, 0x00, 0x75, 0x73, 0x65, 0x20, 0x00, 0x6c, 0x20, 0x00,
  0x73, 0x70, 0x65, 0x63, 0x69, 0x66, 0x69, 0x00, 0x77, 0x69, 0x74, 0x68, 0x20, 0x00, 0x49, 0x6e, 0x76, 0x61, 0x6c, 0x69,
  0x64, 0x20, 0x00, 0x53, 0x6d, 0x61, 0x72, 0x74, 0x20, 0x4c, 0x61, 0x72, 0x67, 0x65, 0x20, 0x4f, 0x62, 0x6a, 0x65, 0x63,
  0x74, 0x73, 0x3a, 0x20, 0x00, 0x28, 0x25, 0x73, 0x29, 0x2e, 0x00, 0x66, 0x61, 0x00, 0x61, 0x63, 0x74, 0x00, 0x49, 0x4e,
  0x00, 0x61, 0x62, 0x6c, 0x65, 0x20, 0x00, 0x66, 0x6f, 0x72, 0x00, 0x69, 0x7a, 0x00, 0x61, 0x6c, 0x6c, 0x6f, 0x00, 0x66,
  0x72, 0x00, 0x72, 0x65, 0x73, 0x00, 0x66, 0x69, 0x6e, 0x00, 0x61, 0x67, 0x6d, 0x00, 0x69, 0x73, 0x00, 0x54, 0x20, 0x00,
  0x64, 0x65, 0x78, 0x00, 0x66, 0x72, 0x61, 0x67, 0x6d, 0x00, 0x63, 0x65, 0x73, 0x00, 0x74, 0x6f, 0x00, 0x63, 0x6f, 0x6d,
  0x00, 0x63, 0x75, 0x72, 0x00, 0x61, 0x74, 0x65, 0x6d, 0x00, 0x73, 0x74, 0x72, 0x00, 0x75, 0x73, 0x74, 0x20, 0x00, 0x69,
  0x6e, 0x20, 0x74, 0x68, 0x65, 0x20, 0x00, 0x75, 0x6e, 0x63, 0x74, 0x00, 0x64, 0x61, 0x74, 0x61, 0x62, 0x61, 0x73, 0x00,
  0x61, 0x6e, 0x64, 0x20, 0x00, 0x65, 0x73, 0x20, 0x6e, 0x6f, 0x74, 0x20, 0x00, 0x6d, 0x6f, 0x00, 0x61, 0x6c, 0x6c, 0x6f,
  0x77, 0x00, 0x72, 0x65, 0x61, 0x64, 0x00, 0x69, 0x6e, 0x65, 0x20, 0x00, 0x53, 0x45, 0x00, 0x6e, 0x61, 0x6d, 0x65, 0x20,
  0x00, 0x6c, 0x79, 0x20, 0x00, 0x6d, 0x75, 0x73, 0x74, 0x20, 0x00, 0x64, 0x6f, 0x65, 0x73, 0x20, 0x6e, 0x6f, 0x74, 0x20,
  0x00, 0x66, 0x6f, 0x72, 0x6d, 0x00, 0x66, 0x69, 0x6c, 0x65, 0x20, 0x00, 0x2d, 0x2d, 0x2d, 0x2d, 0x00, 0x73, 0x65, 0x00,
  0x69, 0x6c, 0x65, 0x00, 0x73, 0x75, 0x70, 0x00, 0x70, 0x61, 0x72, 0x00, 0x73, 0x70, 0x61, 0x63, 0x00, 0x70, 0x6f, 0x00,
  0x63, 0x65, 0x20, 0x00, 0x6c, 0x61, 0x00, 0x74, 0x65, 0x72, 0x6e, 0x00, 0x68, 0x61, 0x73, 0x20, 0x00, 0x74, 0x61, 0x62,
  0x6c, 0x65, 0x2e, 0x00, 0x72, 0x6f, 0x70, 0x00, 0x72, 0x69, 0x00, 0x63, 0x6f, 0x6e, 0x74, 0x00, 0x65, 0x78, 0x69, 0x73,
  0x74, 0x00, 0x65, 0x64, 0x20, 0x62, 0x00, 0x52, 0x45, 0x00, 0x73, 0x75, 0x70, 0x70, 0x6f, 0x72, 0x00, 0x63, 0x65, 0x00,
  0x6c, 0x69, 0x63, 0x00, 0x73, 0x74, 0x61, 0x74, 0x65, 0x6d, 0x00, 0x52, 0x20, 0x00, 0x69, 0x6e, 0x64, 0x65, 0x78, 0x00,
  0x72, 0x65, 0x61, 0x64, 0x79, 0x20, 0x00, 0x64, 0x72, 0x6f, 0x70, 0x00, 0x4e, 0x6f, 0x20, 0x00, 0x70, 0x65, 0x72, 0x00,
  0x61, 0x6c, 0x72, 0x65, 0x61, 0x64, 0x79, 0x20, 0x00, 0x72, 0x61, 0x6e, 0x73, 0x00, 0x73, 0x69, 0x6f, 0x6e, 0x20, 0x00,
  0x4c, 0x20, 0x00, 0x70, 0x74, 0x00, 0x76, 0x61, 0x6c, 0x75, 0x65, 0x20, 0x00, 0x61, 0x69, 0x6e, 0x00, 0x43, 0x6f, 0x00,
  0x63, 0x61, 0x6e, 0x6e, 0x6f, 0x74, 0x20, 0x00, 0x61, 0x67, 0x65, 0x20, 0x00, 0x20, 0x20, 0x00, 0x61, 0x64, 0x20, 0x00,
  0x65, 0x78, 0x70, 0x00, 0x74, 0x6f, 0x6f, 0x20, 0x00, 0x71, 0x75, 0x65, 0x72, 0x00, 0x65, 0x63, 0x74, 0x69, 0x6f, 0x6e,
  0x20, 0x00, 0x6c, 0x6f, 0x63, 0x00, 0x69, 0x74, 0x79, 0x20, 0x00, 0x72, 0x72, 0x00, 0x4c, 0x4f, 0x00, 0x64, 0x65, 0x66,
  0x69, 0x6e, 0x00, 0x75, 0x6e, 0x63, 0x74, 0x69, 0x6f, 0x6e, 0x20, 0x00, 0x73, 0x75, 0x70, 0x70, 0x6f, 0x72, 0x74, 0x00,
  0x66, 0x65, 0x72, 0x00, 0x66, 0x72, 0x61, 0x67, 0x6d, 0x65, 0x6e, 0x74, 0x00, 0x6f, 0x75, 0x6e, 0x00, 0x77, 0x68, 0x00,
  0x72, 0x61, 0x6e, 0x73, 0x61, 0x63, 0x74, 0x00, 0x73, 0x70, 0x65, 0x63, 0x69, 0x66, 0x69, 0x65, 0x64, 0x20, 0x00, 0x6b,
  0x65, 0x00, 0x61, 0x72, 0x69, 0x00, 0x61, 0x72, 0x65, 0x20, 0x00, 0x6d, 0x75, 0x73, 0x74, 0x20, 0x62, 0x65, 0x20, 0x00,
  0x63, 0x6f, 0x6c, 0x75, 0x6d, 0x6e, 0x20, 0x00, 0x45, 0x72, 0x72, 0x00, 0x65, 0x63, 0x74, 0x20, 0x00, 0x63, 0x6f, 0x6c,
  0x75, 0x6d, 0x6e, 0x00, 0x74, 0x65, 0x6d, 0x00, 0x4f, 0x4e, 0x00, 0x6f, 0x70, 0x65, 0x72, 0x00, 0x63, 0x75, 0x72, 0x72,
  0x65, 0x00, 0x63, 0x68, 0x20, 0x00, 0x75, 0x6c, 0x64, 0x20, 0x00, 0x61, 0x74, 0x20, 0x00, 0x6d, 0x20, 0x00, 0x63, 0x6f,
  0x72, 0x00, 0x61, 0x72, 0x67, 0x00, 0x62, 0x65, 0x00, 0x74, 0x65, 0x20, 0x00, 0x73, 0x79, 0x00, 0x75, 0x6d, 0x62, 0x00,
  0x61, 0x6c, 0x6c, 0x6f, 0x77, 0x65, 0x64, 0x20, 0x00, 0x79, 0x2e, 0x00, 0x72, 0x65, 0x63, 0x74, 0x00, 0x63, 0x72, 0x65,
  0x61, 0x74, 0x65, 0x20, 0x00, 0x74, 0x65, 0x72, 0x20, 0x00, 0x25, 0x73, 0x20, 0x00, 0x73, 0x70, 0x61, 0x63, 0x65, 0x20,
  0x00, 0x64, 0x61, 0x74, 0x61, 0x62, 0x61, 0x73, 0x65, 0x20, 0x00, 0x6f, 0x63, 0x00, 0x6f, 0x75, 0x00, 0x74, 0x68, 0x69,
  0x73, 0x20, 0x00, 0x64, 0x61, 0x74, 0x61, 0x20, 0x00, 0x76, 0x69, 0x00, 0x63, 0x6f, 0x6d, 0x70, 0x00, 0x49, 0x53, 0x41,
  0x4d, 0x20, 0x65, 0x72, 0x72, 0x6f, 0x72, 0x3a, 0x20, 0x20, 0x00, 0x74, 0x72, 0x61, 0x6e, 0x73, 0x61, 0x63, 0x74, 0x00,
  0x69, 0x74, 0x20, 0x00, 0x66, 0x72, 0x6f, 0x00, 0x66, 0x6f, 0x75, 0x6e, 0x00, 0x73, 0x69, 0x7a, 0x00, 0x65, 0x73, 0x2e,
  0x00, 0x75, 0x74, 0x69, 0x6e, 0x65, 0x20, 0x00, 0x6e, 0x6f, 0x6e, 0x00, 0x6e, 0x61, 0x6d, 0x00, 0x76, 0x61, 0x72, 0x69,
  0x00, 0x44, 0x42, 0x00, 0x63, 0x72, 0x65, 0x61, 0x74, 0x00, 0x74, 0x2e, 0x00, 0x6f, 0x66, 0x20, 0x74, 0x68, 0x65, 0x20,
  0x00, 0x76, 0x65, 0x72, 0x20, 0x00, 0x45, 0x72, 0x72, 0x6f, 0x72, 0x20, 0x00, 0x55, 0x6e, 0x00, 0x74, 0x65, 0x72, 0x6e,
  0x61, 0x6c, 0x20, 0x00, 0x65, 0x63, 0x75, 0x72, 0x00, 0x65, 0x63, 0x61, 0x00, 0x6d, 0x61, 0x00, 0x6e, 0x75, 0x6d, 0x62,
  0x00, 0x77, 0x6f, 0x72, 0x00, 0x55, 0x73, 0x00, 0x67, 0x2e, 0x00, 0x6c, 0x6c, 0x00, 0x68, 0x6f, 0x00, 0x41, 0x20, 0x00,
  0x69, 0x76, 0x65, 0x20, 0x00, 0x65, 0x63, 0x61, 0x75, 0x73, 0x65, 0x20, 0x00, 0x77, 0x61, 0x73, 0x20, 0x00, 0x44, 0x20,
  0x00, 0x66, 0x79, 0x20, 0x00, 0x63, 0x6c, 0x00, 0x66, 0x72, 0x6f, 0x6d, 0x20, 0x00, 0x68, 0x61, 0x76, 0x00, 0x66, 0x61,
  0x69, 0x6c, 0x65, 0x00, 0x61, 0x63, 0x63, 0x65, 0x73, 0x00, 0x25, 0x73, 0x2e, 0x00, 0x6f, 0x75, 0x72, 0x00, 0x65, 0x63,
  0x75, 0x72, 0x69, 0x74, 0x79, 0x20, 0x00, 0x75, 0x6c, 0x64, 0x20, 0x6e, 0x6f, 0x74, 0x20, 0x00, 0x69, 0x62, 0x00, 0x6f,
  0x70, 0x65, 0x6e, 0x20, 0x00, 0x69, 0x6e, 0x20, 0x61, 0x20, 0x00, 0x68, 0x61, 0x76, 0x65, 0x20, 0x00, 0x29, 0x20, 0x00,
  0x69, 0x6c, 0x65, 0x20, 0x00, 0x6c, 0x6f, 0x62, 0x00, 0x52, 0x6f, 0x00, 0x44, 0x45, 0x00, 0x74, 0x72, 0x00, 0x20, 0x6f,
  0x72, 0x20, 0x00, 0x6d, 0x61, 0x74, 0x00, 0x63, 0x61, 0x6e, 0x6e, 0x6f, 0x74, 0x20, 0x62, 0x65, 0x20, 0x00, 0x44, 0x61,
  0x74, 0x00, 0x69, 0x74, 0x69, 0x6f, 0x6e, 0x20, 0x00, 0x65, 0x77, 0x20, 0x00, 0x72, 0x6f, 0x77, 0x00, 0x68, 0x20, 0x00,
  0x63, 0x6f, 0x6c, 0x6c, 0x00, 0x73, 0x74, 0x65, 0x6d, 0x00, 0x64, 0x69, 0x72, 0x65, 0x63, 0x74, 0x00, 0x6e, 0x6f, 0x20,
  0x00, 0x65, 0x78, 0x63, 0x65, 0x00, 0x61, 0x72, 0x79, 0x20, 0x00, 0x66, 0x61, 0x69, 0x6c, 0x65, 0x64, 0x2e, 0x00, 0x4c,
  0x45, 0x00, 0x65, 0x6e, 0x74, 0x2e, 0x00, 0x73, 0x74, 0x72, 0x61, 0x69, 0x6e, 0x00, 0x74, 0x61, 0x62, 0x6c, 0x65, 0x00,
  0x72, 0x6f, 0x77, 0x20, 0x00, 0x63, 0x6f, 0x6e, 0x6e, 0x00, 0x62, 0x75, 0x00, 0x55, 0x73, 0x65, 0x72, 0x20, 0x00, 0x67,
  0x67, 0x00, 0x72, 0x65, 0x66, 0x65, 0x72, 0x00, 0x61, 0x6e, 0x79, 0x20, 0x00, 0x65, 0x72, 0x20, 0x6f, 0x66, 0x20, 0x00,
  0x73, 0x74, 0x61, 0x74, 0x65, 0x6d, 0x65, 0x6e, 0x74, 0x20, 0x00, 0x6f, 0x72, 0x2e, 0x00, 0x6f, 0x70, 0x65, 0x72, 0x61,
  0x74, 0x69, 0x6f, 0x6e, 0x20, 0x00, 0x73, 0x74, 0x20, 0x00, 0x2d, 0x2d, 0x2d, 0x2d, 0x2d, 0x2d, 0x2d, 0x2d, 0x00, 0x65,
  0x6c, 0x00, 0x74, 0x79, 0x70, 0x65, 0x2e, 0x00, 
};

const uint16_t ifx_dict_offsets[383] = {
  0, 3, 6, 9, 12, 15, 18, 21, 24, 27, 30, 35, 38, 41, 44, 47, 50, 53, 56, 60, 64, 67, 70, 73, 76, 79, 82, 87, 90, 93, 97, 104, 107, 110, 114, 117, 120, 124, 128, 133, 136, 139, 142, 145, 153, 157, 162, 165, 168, 172, 175, 179, 182, 185, 189, 192, 196, 199, 203, 206, 209, 212, 216, 219, 224, 229, 232, 236, 239, 243, 247, 252, 255, 258, 262, 269, 275, 279, 282, 286, 290, 299, 303, 306, 310, 315, 318, 323, 326, 329, 332, 336, 340, 343, 346, 349, 353, 357, 360, 363, 366, 369, 372, 376, 381, 385, 388, 391, 404, 407, 410, 417, 420, 424, 431, 435, 439, 445, 451, 454, 457, 463, 468, 471, 474, 477, 482, 488, 495, 499, 503, 507, 511, 514, 517, 524, 532, 535, 541, 544, 549, 556, 563, 566, 569, 573, 576, 581, 594, 613, 617, 622, 626, 630, 633, 637, 641, 647, 652, 657, 660, 668, 674, 683, 705, 711, 714, 718, 721, 727, 731, 734, 739, 742, 746, 750, 754, 757, 760, 764, 770, 774, 777, 781, 785, 790, 794, 799, 807, 812, 820, 825, 833, 836, 842, 847, 852, 855, 861, 865, 871, 881, 886, 892, 897, 900, 904, 908, 912, 917, 920, 924, 927, 932, 937, 944, 948, 951, 956, 962, 967, 970, 977, 980, 984, 991, 994, 1000, 1007, 1012, 1016, 1020, 1029, 1034, 1040, 1043, 1046, 1053, 1057, 1060, 1068, 1073, 1076, 1080, 1084, 1089, 1094, 1102, 1106, 1111, 1114, 1117, 1123, 1132, 1140, 1144, 1153, 1157, 1160, 1168, 1179, 1182, 1186, 1191, 1200, 1208, 1212, 1217, 1224, 1228, 1231, 1236, 1242, 1246, 1251, 1255, 1258, 1262, 1266, 1269, 1273, 1276, 1280, 1289, 1292, 1297, 1305, 1310, 1314, 1321, 1331, 1334, 1337, 1343, 1349, 1352, 1357, 1371, 1380, 1384, 1388, 1393, 1397, 1401, 1408, 1412, 1416, 1421, 1424, 1430, 1433, 1441, 1446, 1453, 1456, 1464, 1469, 1473, 1476, 1481, 1485, 1488, 1491, 1494, 1497, 1500, 1505, 1513, 1518, 1521, 1525, 1528, 1534, 1538, 1544, 1550, 1554, 1558, 1567, 1576, 1579, 1585, 1591, 1597, 1600, 1605, 1609, 1612, 1615, 1618, 1623, 1627, 1638, 1642, 1649, 1653, 1657, 1660, 1665, 1670, 1677, 1681, 1686, 1691, 1699, 1702, 1707, 1714, 1720, 1725, 1730, 1733, 1739, 1742, 1748, 1753, 1760, 1771, 1775, 1786, 1790, 1799, 1802
};

/* Tokenized, NUL-terminated message bodies, concatenated. */
const unsigned char ifx_msg_blob[82871] = {
  0x49, 0x64, 0xcd, 0x69, 0xaf, 0xa5, 0xa6, 0x80, 0x75, 0xaa, 0x6e, 0x80, 0xc2, 0x00, 0x80, 0xc5, 0x80, 0x99, 0x6e, 0x74,
  0x61, 0x78, 0xc0, 0x93, 0x80, 0x56, 0x80, 0xa3, 0x80, 0x90, 0xa9, 0x00, 0x41, 0x84, 0xfb, 0x9d, 0x67, 0xdc, 0xd3, 0x90,
  0x80, 0x27, 0xa5, 0x80, 0x56, 0x80, 0x97, 0x80, 0x02, 0x80, 0xad, 0x86, 0x80, 0x3c, 0x80, 0x61, 0x80, 0xee, 0x00, 0x41,
  0x84, 0xfb, 0x9d, 0x67, 0xdc, 0x8a, 0x74, 0x65, 0x67, 0xa5, 0x80, 0x56, 0x80, 0x97, 0x80, 0x02, 0x80, 0xad, 0x86, 0x80,
  0x3c, 0x80, 0x61, 0x80, 0xee, 0x00, 0x41, 0x84, 0xfb, 0x9d, 0x67, 0xdc, 0x66, 0xaa, 0x89, 0xc7, 0x80, 0x52, 0x8a, 0x82,
  0x80, 0xbf, 0xa5, 0x80, 0x56, 0x80, 0x97, 0x80, 0x02, 0x80, 0xad, 0x86, 0x80, 0x3c, 0x80, 0x61, 0x80, 0xee, 0x00, 0xd7,
  0x80, 0xf9, 0x80, 0x26, 0xfb, 0x80, 0x5c, 0x80, 0xc7, 0x79, 0x80, 0xa4, 0xfd, 0x9f, 0x80, 0x1f, 0x52, 0x4f, 0x57, 0x49,
  0x80, 0xc9, 0xc1, 0x80, 0xa7, 0x65, 0x77, 0x87, 0x80, 0x22, 0xb5, 0xca, 0x2c, 0x0a, 0x8a, 0xd0, 0x73, 0xb6, 0x80, 0x0b,
  0x6d, 0x8a, 0xa8, 0x80, 0x0b, 0xeb, 0x67, 0x8c, 0x67, 0x89, 0xbd, 0x80, 0x0b, 0x67, 0x9a, 0xe6, 0x20, 0x62, 0x79, 0x80,
  0x0b, 0x6d, 0xe4, 0x74, 0x69, 0x70, 0xa2, 0x80, 0xf0, 0x73, 0x80, 0x0b, 0x93, 0x64, 0x83, 0xf8, 0x94, 0x80, 0xf0, 0xf7,
  0x00, 0xd7, 0x80, 0x84, 0xf2, 0xcc, 0x80, 0x08, 0x80, 0x3c, 0x80, 0x3e, 0xc2, 0x00, 0xac, 0x64, 0x92, 0x6c, 0x80, 0x87,
  0xa1, 0x80, 0x45, 0x80, 0xed, 0x43, 0x80, 0x32, 0x80, 0x28, 0x54, 0x4f, 0x20, 0x80, 0xf9, 0x46, 0x4f, 0x80, 0x62, 0x55,
  0x50, 0x44, 0x41, 0x80, 0x10, 0x2e, 0x00, 0x4d, 0xb7, 0x85, 0x97, 0x80, 0x2c, 0x63, 0xef, 0x80, 0x26, 0xfb, 0x94, 0x64,
  0xb0, 0xc7, 0x80, 0x76, 0x97, 0x80, 0x16, 0x80, 0x35, 0x73, 0x8a, 0x80, 0xc2, 0x00, 0xc8, 0x80, 0xa8, 0x89, 0x80, 0xd4,
  0xa2, 0x80, 0xa2, 0x80, 0x4a, 0x89, 0x2e, 0x00, 0x45, 0x78, 0x70, 0x80, 0x60, 0x80, 0xab, 0x70, 0x89, 0x80, 0xe5, 0x80,
  0x46, 0x80, 0x75, 0xaa, 0x6e, 0x80, 0xc2, 0x00, 0xac, 0x8c, 0x80, 0x73, 0x80, 0x99, 0x80, 0xe7, 0xfd, 0x89, 0x8d, 0x6f,
  0xb2, 0x80, 0x25, 0x00, 0xac, 0xd8, 0x86, 0x80, 0x63, 0x2e, 0x00, 0x53, 0x74, 0x80, 0x39, 0xd5, 0x74, 0x80, 0x06, 0x94,
  0x80, 0xa4, 0x82, 0x93, 0x8a, 0x74, 0xb3, 0xe6, 0x74, 0x80, 0x5c, 0x97, 0xa8, 0x83, 0x2e, 0x00, 0xac, 0x8c, 0x80, 0x41,
  0x76, 0x81, 0x80, 0x4b, 0xc1, 0xf2, 0x80, 0x25, 0x00, 0xac, 0x80, 0xd5, 0x80, 0x4b, 0xc1, 0xf2, 0x80, 0x25, 0x00, 0xac,
  0x8c, 0x80, 0x41, 0x76, 0x81, 0x80, 0x63, 0x2e, 0x00, 0x80, 0x6f, 0x6c, 0xb4, 0x84, 0xcc, 0x8b, 0x80, 0xad, 0x86, 0x9e,
  0x80, 0xf7, 0xf2, 0x80, 0x3c, 0x80, 0x76, 0x97, 0x28, 0x93, 0x53, 0x4c, 0x56, 0x20, 0xa6, 0xb5, 0x80, 0x7c, 0x80, 0x1a,
  0x29, 0x2e, 0x00, 0x53, 0x79, 0x80, 0xb1, 0x79, 0x80, 0x94, 0xcc, 0x8b, 0x80, 0xad, 0xa9, 0x00, 0x57, 0xfb, 0x64, 0x63,
  0x90, 0x86, 0x80, 0xdf, 0xd3, 0xc7, 0x80, 0xbe, 0x97, 0x8b, 0xe0, 0xa8, 0x94, 0x80, 0x22, 0x80, 0xb1, 0x2d, 0xd3, 0x90,
  0x80, 0x27, 0xa5, 0xd4, 0x80, 0xaf, 0x00, 0xac, 0x80, 0x97, 0x67, 0x9e, 0x73, 0x80, 0x05, 0x65, 0x80, 0x52, 0x8a, 0x80,
  0xb6, 0x00, 0xac, 0x80, 0xf3, 0xfb, 0x86, 0x80, 0x8d, 0x80, 0x19, 0x80, 0xeb, 0x80, 0x4b, 0xc1, 0x6e, 0x80, 0xe3, 0xf2,
  0x80, 0x25, 0x00, 0xac, 0x77, 0x72, 0xbf, 0x81, 0xba, 0x80, 0x8d, 0x80, 0x19, 0x80, 0xeb, 0x80, 0x4b, 0xc1, 0x6e, 0x80,
  0xe3, 0xf2, 0x80, 0x25, 0x00, 0x44, 0xe6, 0x80, 0x60, 0x80, 0x0c, 0xf2, 0x80, 0x46, 0xcc, 0x80, 0x3c, 0x46, 0x52, 0x4f,
  0x4d, 0xfd, 0x80, 0x54, 0xa8, 0xc2, 0x00, 0xac, 0x80, 0xd5, 0x80, 0xaa, 0x9b, 0xaa, 0xb2, 0xaf, 0x80, 0x01, 0x00, 0xac,
  0x80, 0x9e, 0x80, 0x4b, 0xc1, 0x80, 0x99, 0x80, 0xe7, 0xfd, 0x89, 0x8d, 0x6f, 0xb2, 0x80, 0x25, 0x00, 0xac, 0x80, 0x9e,
  0x80, 0x63, 0x20, 0xc1, 0x80, 0x99, 0x80, 0xe7, 0xfd, 0x89, 0x8d, 0x6f, 0xb2, 0x80, 0x25, 0x00, 0x44, 0x44, 0x80, 0x6b,
  0x80, 0x8f, 0x89, 0xca, 0x87, 0xf4, 0x22, 0xa3, 0x22, 0x20, 0x80, 0x16, 0x68, 0x80, 0xd4, 0xbf, 0xbe, 0x00, 0x55, 0x50,
  0x44, 0x41, 0x80, 0x10, 0x80, 0xde, 0x80, 0x28, 0x80, 0x45, 0x52, 0x80, 0x32, 0xf4, 0x22, 0xa3, 0x22, 0x20, 0x80, 0x16,
  0x68, 0x80, 0xd4, 0xbf, 0xbe, 0x00, 0x80, 0x6f, 0x80, 0xd3, 0x80, 0xd5, 0x93, 0x80, 0x9e, 0xa1, 0x80, 0x8d, 0x80, 0x19,
  0x80, 0xeb, 0xaf, 0x80, 0x01, 0x00, 0x80, 0x6f, 0x80, 0xd3, 0x8c, 0x80, 0x73, 0xa1, 0x80, 0x8d, 0x80, 0x19, 0x80, 0xeb,
  0xaf, 0x80, 0x01, 0x00, 0xac, 0x80, 0x67, 0x80, 0x4a, 0x20, 0xeb, 0x67, 0x8c, 0x67, 0x80, 0x0c, 0x66, 0x80, 0x7d, 0x80,
  0x22, 0xea, 0x99, 0x8a, 0x63, 0x82, 0xf4, 0x80, 0x74, 0x80, 0x2e, 0x73, 0x80, 0x17, 0x00, 0x80, 0xc5, 0x80, 0x45, 0x52,
  0x49, 0x41, 0x80, 0x6b, 0x80, 0x89, 0xcc, 0x80, 0xbe, 0x97, 0x8b, 0xe0, 0xe6, 0xc3, 0xbe, 0x00, 0xac, 0x8c, 0x80, 0x73,
  0x8c, 0x80, 0x95, 0x86, 0x8f, 0x80, 0x93, 0xa6, 0x80, 0x78, 0x6b, 0x80, 0x5c, 0x97, 0x61, 0x88, 0x8f, 0xa5, 0xa8, 0x83,
  0x2e, 0x00, 0xac, 0x8a, 0x80, 0x03, 0x82, 0x8a, 0xba, 0x80, 0xa7, 0x72, 0x74, 0x75, 0xdc, 0x80, 0x89, 0x80, 0x25, 0x00,
  0x43, 0x68, 0x90, 0x80, 0x27, 0xa5, 0x80, 0x89, 0x80, 0xae, 0x81, 0xa6, 0x80, 0x75, 0x62, 0x69, 0x80, 0xc2, 0x00, 0x4e,
  0x80, 0x9a, 0x80, 0xf8, 0x80, 0x8c, 0x87, 0x9e, 0x80, 0x28, 0x80, 0x45, 0x52, 0x80, 0x32, 0x80, 0x49, 0x80, 0xdf, 0x80,
  0x91, 0x80, 0xbf, 0x80, 0xf8, 0x56, 0x41, 0x4c, 0x55, 0x45, 0x53, 0x2e, 0x00, 0xac, 0x80, 0x97, 0x67, 0x9e, 0x80, 0xc0,
  0x6b, 0x2e, 0x00, 0xac, 0x80, 0x37, 0x6d, 0x80, 0xab, 0x80, 0xc0, 0x6b, 0x2e, 0x00, 0x80, 0x6f, 0x80, 0xd3, 0x8a, 0x80,
  0x03, 0x82, 0x6e, 0x80, 0xe3, 0x80, 0xf1, 0x2d, 0x20, 0x64, 0xe6, 0x80, 0x60, 0x80, 0x0c, 0x80, 0x6d, 0x80, 0xd6, 0x55,
  0x4e, 0x49, 0x51, 0x55, 0x45, 0x20, 0x80, 0x28, 0x80, 0xdc, 0x58, 0x20, 0x80, 0x89, 0x80, 0x25, 0x00, 0x80, 0x6f, 0x80,
  0xd3, 0xe2, 0x9d, 0x80, 0x98, 0xa1, 0x80, 0xe4, 0x2e, 0x00, 0xac, 0x9a, 0x80, 0xc3, 0x62, 0xab, 0x80, 0x12, 0x80, 0xc0,
  0x6b, 0x2e, 0x00, 0x80, 0x6f, 0x80, 0xd3, 0x80, 0xd5, 0x80, 0xa2, 0xf2, 0x80, 0x25, 0x00, 0x80, 0x6f, 0x80, 0xd3, 0x80,
  0x52, 0x73, 0x80, 0xe2, 0xfa, 0x9e, 0xf2, 0x80, 0x25, 0x00, 0x80, 0x6f, 0x80, 0xd3, 0x64, 0xa0, 0xa1, 0x70, 0x68, 0x79,
  0x73, 0xda, 0x8d, 0x2d, 0x85, 0x64, 0xa5, 0x8c, 0x80, 0x73, 0xba, 0x66, 0xfc, 0x80, 0x91, 0x6e, 0xa4, 0x82, 0x80, 0xe4,
  0x2e, 0x00, 0x80, 0x6f, 0x80, 0xd3, 0x80, 0x52, 0x73, 0x80, 0xe2, 0xfa, 0x80, 0xd6, 0x80, 0x4b, 0x80, 0xa7, 0xa1, 0xe1,
  0x80, 0x63, 0x2e, 0x00, 0x80, 0x6f, 0x80, 0xd3, 0x64, 0xa0, 0xe1, 0x80, 0x63, 0x94, 0x8c, 0x80, 0x73, 0xba, 0x67, 0x65,
  0x82, 0xa7, 0x6e, 0xa4, 0x82, 0x80, 0xe4, 0x2e, 0x00, 0x80, 0xdb, 0x80, 0xc3, 0x80, 0x2a, 0x77, 0x90, 0x86, 0x80, 0xa2,
  0x80, 0xec, 0x00, 0xac, 0x80, 0x37, 0x6d, 0x80, 0xab, 0x73, 0x80, 0x05, 0x65, 0x80, 0x52, 0x8a, 0x80, 0xb6, 0x00, 0x56,
  0x69, 0x72, 0x74, 0x75, 0xdc, 0x80, 0x89, 0x80, 0x48, 0x80, 0xd7, 0x80, 0x74, 0x80, 0x60, 0x80, 0xab, 0x80, 0xb2, 0xc2,
  0x00, 0xac, 0x8c, 0x80, 0x73, 0x8c, 0x80, 0x95, 0x86, 0x80, 0xcc, 0x80, 0x4b, 0xc1, 0xe6, 0xc3, 0xc2, 0x00, 0x4f, 0x52,
  0x80, 0xdc, 0x80, 0x62, 0x42, 0x59, 0x80, 0xde, 0x47, 0x52, 0x4f, 0x55, 0x50, 0x20, 0x42, 0x59, 0x20, 0x80, 0x89, 0x80,
  0xbf, 0xa5, 0xa6, 0x80, 0x75, 0x62, 0x69, 0x80, 0xc2, 0x00, 0xac, 0x67, 0x65, 0x82, 0x80, 0x99, 0x80, 0xe7, 0x20, 0x8a,
  0x80, 0x4a, 0xef, 0xc1, 0x80, 0x57, 0x00, 0x49, 0x64, 0xcd, 0x69, 0xaf, 0xa5, 0x6c, 0x95, 0x67, 0x8f, 0x20, 0x80, 0xea,
  0x80, 0x1a, 0x87, 0xa7, 0x80, 0xbe, 0x78, 0x80, 0x06, 0xb4, 0x20, 0x80, 0x42, 0x80, 0x5c, 0x97, 0x80, 0xa5, 0x80, 0x1c,
  0x80, 0x6a, 0x80, 0xb7, 0x80, 0x03, 0x80, 0x1c, 0x2e, 0x00, 0x54, 0x6f, 0xa0, 0x6d, 0x80, 0xf7, 0x93, 0x80, 0x75, 0x66,
  0x80, 0xe3, 0x80, 0xc4, 0x80, 0xfc, 0x80, 0xb3, 0x96, 0x9d, 0x87, 0x67, 0xf8, 0x95, 0x2e, 0x00, 0x4e, 0x6f, 0x82, 0x9e,
  0x80, 0xaa, 0x80, 0x17, 0x00, 0x54, 0x80, 0x83, 0x9b, 0x8b, 0x80, 0x05, 0x61, 0xfb, 0x96, 0x80, 0x01, 0x00, 0x53, 0x79,
  0x80, 0xe7, 0x20, 0x6c, 0x80, 0x06, 0x80, 0xab, 0xf4, 0x80, 0xbe, 0x78, 0x80, 0x06, 0xb4, 0x20, 0x80, 0xbf, 0x80, 0xf8,
  0x80, 0x61, 0xcd, 0x87, 0x80, 0xea, 0x65, 0xe2, 0x64, 0x80, 0x0b, 0x80, 0xbe, 0x78, 0x80, 0x06, 0xb4, 0x20, 0xa6, 0x80,
  0xd0, 0x00, 0x53, 0x79, 0x80, 0xe7, 0xc0, 0x93, 0x2d, 0x20, 0x8a, 0x80, 0x00, 0x80, 0xf9, 0xe9, 0x8c, 0x80, 0x5f, 0xf8,
  0x80, 0x5c, 0x97, 0xa7, 0x73, 0x71, 0x9d, 0x78, 0x92, 0x20, 0x80, 0x16, 0x80, 0x35, 0xf7, 0x00, 0x43, 0xb0, 0x73, 0x93,
  0x8b, 0xe3, 0x95, 0x2e, 0x00, 0xac, 0xa4, 0x92, 0xee, 0x81, 0xa1, 0x80, 0x45, 0x80, 0xed, 0x43, 0x80, 0x32, 0x80, 0xf9,
  0x8f, 0x80, 0x93, 0xa6, 0x50, 0x80, 0x5d, 0x50, 0x41, 0x80, 0x5d, 0x86, 0x2d, 0x20, 0x80, 0x48, 0x80, 0x1f, 0x80, 0x38,
  0x73, 0x80, 0xfa, 0x00, 0xac, 0x80, 0x9e, 0xf2, 0x80, 0x25, 0x00, 0xce, 0x83, 0x81, 0xa6, 0x88, 0xfd, 0xb0, 0x8c, 0x6e,
  0x82, 0x80, 0x38, 0x73, 0x80, 0xfa, 0x00, 0x80, 0x6f, 0x80, 0xd3, 0x80, 0x78, 0x80, 0x12, 0x80, 0xf1, 0xc1, 0x55, 0x50,
  0x44, 0x41, 0x80, 0x10, 0x2e, 0x00, 0x80, 0x6f, 0x80, 0xd3, 0x77, 0x72, 0xbf, 0x81, 0xba, 0xa1, 0x80, 0x8d, 0x80, 0x19,
  0x80, 0xeb, 0xaf, 0x80, 0x01, 0x00, 0x4c, 0x6f, 0x80, 0x73, 0x93, 0x8a, 0x80, 0x03, 0x82, 0x80, 0x38, 0x73, 0x85, 0x87,
  0x80, 0x88, 0x72, 0x75, 0x84, 0xfa, 0x80, 0xd6, 0x80, 0xaa, 0x80, 0x17, 0x00, 0xce, 0x83, 0x81, 0xa6, 0x88, 0xfd, 0xb0,
  0x8c, 0x6e, 0x82, 0x80, 0xf1, 0xc1, 0x55, 0x50, 0x44, 0x41, 0x80, 0x10, 0x2f, 0x80, 0xdc, 0x80, 0xed, 0x80, 0x10, 0xfd,
  0xb0, 0x73, 0x80, 0xfa, 0x00, 0xd7, 0x80, 0x38, 0x73, 0x93, 0x80, 0x56, 0x80, 0x97, 0x80, 0x02, 0x70, 0x8c, 0x76, 0x91,
  0xa8, 0x80, 0x47, 0x8c, 0x9d, 0xb9, 0x94, 0x80, 0x3f, 0xa6, 0xb5, 0x80, 0x05, 0x61, 0xfb, 0x96, 0x80, 0x01, 0x00, 0x80,
  0xba, 0x69, 0xe5, 0x81, 0xcf, 0x80, 0xef, 0x82, 0xcc, 0x76, 0x91, 0x6c, 0x89, 0xbe, 0x00, 0xac, 0xd8, 0x86, 0x80, 0x89,
  0xcc, 0x8f, 0x80, 0x93, 0x80, 0x49, 0xab, 0x80, 0x5f, 0x70, 0x82, 0x6e, 0xe4, 0x6c, 0xf7, 0x00, 0x80, 0x6f, 0x80, 0xd3,
  0x80, 0x52, 0x73, 0x80, 0xe2, 0xfa, 0x80, 0xd6, 0x80, 0x8d, 0x80, 0x19, 0x80, 0xeb, 0xaf, 0x80, 0x01, 0x00, 0x80, 0x6f,
  0x80, 0xd3, 0x8a, 0x80, 0x03, 0x82, 0x6e, 0x80, 0xe3, 0x80, 0xf1, 0x8a, 0xba, 0xa7, 0x80, 0x57, 0x00, 0x80, 0x66, 0x80,
  0x45, 0x80, 0xed, 0x43, 0x80, 0x32, 0x80, 0x67, 0x6d, 0x80, 0x31, 0x80, 0x6a, 0xc1, 0x80, 0xd0, 0x00, 0x80, 0x66, 0x55,
  0x50, 0x44, 0x41, 0x80, 0x10, 0x20, 0x80, 0x67, 0x6d, 0x80, 0x31, 0x80, 0x6a, 0xc1, 0x80, 0xd0, 0x00, 0x80, 0x66, 0x80,
  0xdc, 0x80, 0xed, 0x80, 0x10, 0x20, 0x80, 0x67, 0x6d, 0x80, 0x31, 0x80, 0x6a, 0xc1, 0x80, 0xd0, 0x00, 0xd7, 0xc8, 0x80,
  0x03, 0x82, 0x70, 0x72, 0xf8, 0x80, 0x4e, 0xc5, 0xa6, 0x8c, 0xe5, 0x69, 0x8c, 0x86, 0xc1, 0x80, 0xa5, 0x80, 0x8f, 0x89,
  0x80, 0x17, 0x00, 0x43, 0xb0, 0x73, 0x93, 0x8b, 0x80, 0xad, 0xa9, 0x00, 0x55, 0x50, 0x44, 0x41, 0x80, 0x10, 0x20, 0xf2,
  0xcc, 0x80, 0x08, 0xa7, 0x73, 0xfe, 0xf3, 0xa7, 0x80, 0x38, 0x73, 0x93, 0x80, 0x57, 0x00, 0xac, 0x9a, 0x80, 0xc3, 0x62,
  0xab, 0x80, 0x12, 0x73, 0x80, 0x05, 0x65, 0x80, 0x52, 0x8a, 0x80, 0xb6, 0x00, 0xac, 0x67, 0x80, 0x04, 0x82, 0x93, 0x8c,
  0x76, 0x6f, 0x6b, 0x81, 0x80, 0xa2, 0x70, 0x72, 0xf8, 0x80, 0x4e, 0x67, 0xd2, 0xc1, 0xf2, 0x93, 0x80, 0xa7, 0x65, 0x77,
  0x2e, 0x00, 0x80, 0xc5, 0xe5, 0x6f, 0x74, 0x94, 0x80, 0x3a, 0xc7, 0x80, 0xea, 0x80, 0x1a, 0x87, 0x32, 0x35, 0x36, 0x20,
  0x62, 0x79, 0x74, 0x80, 0xaf, 0x00, 0x80, 0x6f, 0x80, 0xd3, 0xd8, 0x86, 0x80, 0x63, 0x20, 0xba, 0xa1, 0x80, 0x8d, 0x80,
  0x19, 0x80, 0xeb, 0x80, 0x57, 0x00, 0x46, 0x80, 0x81, 0x86, 0xa1, 0xe5, 0x6f, 0x80, 0x98, 0xc1, 0x80, 0x82, 0x69, 0x80,
  0x91, 0x8f, 0x83, 0x81, 0xa6, 0x80, 0xe9, 0x80, 0xdf, 0xd3, 0xc7, 0xe5, 0x6f, 0x74, 0xc2, 0x00, 0x46, 0x80, 0x81, 0x86,
  0xa1, 0x80, 0xb1, 0x2d, 0xd0, 0x6d, 0x8a, 0x89, 0x94, 0x80, 0x37, 0x6d, 0xd5, 0x28, 0x22, 0x7b, 0x22, 0x20, 0x80, 0x22,
  0x80, 0xe9, 0x80, 0xdf, 0xd3, 0xc7, 0x22, 0x7d, 0x22, 0x29, 0x2e, 0x00, 0x80, 0xc5, 0x73, 0x75, 0x62, 0x80, 0x76, 0x97,
  0x80, 0x56, 0x8c, 0x74, 0xb0, 0x6e, 0x94, 0x8b, 0xa4, 0x80, 0x27, 0x80, 0x47, 0xdf, 0x81, 0x80, 0xe4, 0x2e, 0x00, 0x80,
  0x23, 0x80, 0x38, 0x73, 0x93, 0x8c, 0x80, 0x5f, 0xf8, 0x80, 0x5c, 0x97, 0x73, 0x71, 0x9d, 0x78, 0x92, 0x2e, 0x00, 0x44,
  0x65, 0x80, 0x26, 0xe4, 0x82, 0x80, 0x6d, 0x80, 0xb7, 0x70, 0x80, 0x59, 0xe7, 0x97, 0x80, 0x85, 0x97, 0x80, 0x89, 0x80,
  0xa0, 0xa6, 0x4e, 0x55, 0x4c, 0x4c, 0x2e, 0x00, 0xac, 0xd8, 0x86, 0x80, 0x03, 0x69, 0xdc, 0x80, 0x89, 0xcc, 0xba, 0x80,
  0x57, 0x00, 0x54, 0x80, 0x29, 0xcc, 0x8b, 0x80, 0x78, 0x6b, 0x80, 0x5c, 0x97, 0x80, 0x90, 0x6e, 0x82, 0xa8, 0x83, 0x2e,
  0x00, 0xac, 0x80, 0x78, 0x80, 0x12, 0xf2, 0xcc, 0x9e, 0x8c, 0xe5, 0x65, 0x99, 0x94, 0x80, 0x41, 0x64, 0xc2, 0x00, 0x43,
  0xb0, 0x73, 0x93, 0x8b, 0x64, 0x92, 0x80, 0x54, 0x8c, 0x86, 0x80, 0x22, 0x46, 0x4f, 0x80, 0x62, 0x55, 0x50, 0x44, 0x41,
  0x80, 0x10, 0xfd, 0x80, 0x54, 0xa8, 0xc2, 0x00, 0xac, 0xd3, 0x8e, 0xc5, 0x80, 0x78, 0x80, 0x12, 0x80, 0x41, 0x64, 0x81,
  0xc6, 0x80, 0x57, 0x00, 0x41, 0x84, 0x80, 0x06, 0x70, 0x6c, 0x69, 0x94, 0x8a, 0x80, 0x03, 0x82, 0x80, 0x89, 0xcc, 0x80,
  0x49, 0xab, 0x80, 0x5f, 0x70, 0x82, 0x4e, 0x55, 0x4c, 0x4c, 0xf7, 0x00, 0xdd, 0x20, 0x5b, 0x4e, 0x4f, 0x54, 0x5d, 0x20,
  0x4e, 0x55, 0x4c, 0x80, 0x6b, 0x70, 0x8c, 0x64, 0xda, 0x80, 0x0c, 0x80, 0xbe, 0x97, 0xe0, 0xa8, 0x94, 0xdf, 0x80, 0x47,
  0x80, 0x22, 0x73, 0x80, 0x06, 0x70, 0xa2, 0x80, 0x8c, 0xf7, 0x00, 0xd7, 0x80, 0x89, 0xcc, 0x80, 0x88, 0x80, 0x3c, 0x47,
  0x52, 0x4f, 0x55, 0x50, 0x20, 0x42, 0x59, 0x20, 0x6c, 0x80, 0x11, 0x2e, 0x00, 0x52, 0x65, 0x80, 0x7f, 0x95, 0x63, 0x94,
  0x80, 0x3f, 0x80, 0xf6, 0x95, 0x63, 0xc7, 0x80, 0xf0, 0x87, 0x80, 0xd7, 0xba, 0xe0, 0x80, 0x3c, 0x73, 0xfe, 0x80, 0x3e,
  0xc2, 0x00, 0x52, 0x65, 0x80, 0x7f, 0x95, 0x63, 0x94, 0xf2, 0x80, 0xa0, 0x8b, 0x80, 0x05, 0x61, 0xfb, 0x96, 0x80, 0x01,
  0x00, 0xac, 0x80, 0x2f, 0x86, 0xb5, 0x69, 0xe5, 0x81, 0xcf, 0x80, 0xef, 0x82, 0x93, 0x70, 0x80, 0x59, 0xe7, 0x97, 0x80,
  0x85, 0x97, 0xf4, 0x80, 0xf6, 0x95, 0x63, 0x94, 0xf2, 0x80, 0x25, 0x00, 0xac, 0x67, 0x80, 0x04, 0x82, 0x80, 0x67, 0x6d,
  0x80, 0x31, 0x80, 0x6a, 0xba, 0x70, 0x75, 0x62, 0x80, 0x60, 0x20, 0x80, 0x22, 0x67, 0x80, 0x04, 0x82, 0xe3, 0x74, 0x80,
  0x17, 0x00, 0xac, 0x67, 0x80, 0x04, 0x82, 0x80, 0x67, 0x6d, 0x80, 0x31, 0x80, 0x6a, 0xba, 0x80, 0x4d, 0x6c, 0x66, 0x2e,
  0x00, 0xce, 0x83, 0x81, 0x80, 0x87, 0x80, 0x75, 0x6d, 0x80, 0xf7, 0x47, 0x52, 0x4f, 0x55, 0x50, 0x20, 0x42, 0x59, 0x20,
  0x80, 0x8c, 0xf7, 0x00, 0xd7, 0x80, 0x36, 0x74, 0xdc, 0x80, 0xae, 0x81, 0x80, 0xb7, 0x47, 0x52, 0x4f, 0x55, 0x50, 0x20,
  0x42, 0x59, 0x20, 0x80, 0x8c, 0x87, 0xa6, 0x80, 0x75, 0x62, 0x69, 0x80, 0xc2, 0x00, 0x80, 0x66, 0x47, 0x52, 0x41, 0x4e,
  0x80, 0x32, 0xe3, 0x74, 0x9b, 0x93, 0xfb, 0x9d, 0x67, 0xdc, 0xe3, 0x74, 0x9b, 0xf4, 0x6d, 0xe4, 0x74, 0x69, 0x2d, 0xf2,
  0x80, 0xa7, 0x65, 0x77, 0x2e, 0x00, 0x45, 0x78, 0x70, 0x80, 0x2e, 0x80, 0x6a, 0x6d, 0x69, 0x78, 0xd2, 0x80, 0x8c, 0x87,
  0x80, 0x22, 0xeb, 0x67, 0x8c, 0x67, 0x89, 0x80, 0xaf, 0x00, 0x48, 0x41, 0x56, 0x80, 0x28, 0x47, 0xfd, 0xe1, 0xdf, 0x80,
  0x47, 0x80, 0xd7, 0x80, 0x74, 0x80, 0x2e, 0x73, 0xca, 0x87, 0x80, 0x22, 0xeb, 0x67, 0x8c, 0x67, 0x89, 0xd2, 0x93, 0x80,
  0x8c, 0x87, 0x9e, 0x47, 0x52, 0x4f, 0x55, 0x50, 0x20, 0x42, 0x59, 0xfd, 0x80, 0x54, 0xa8, 0xc2, 0x00, 0x53, 0x75, 0x62,
  0x73, 0x63, 0x80, 0x59, 0x80, 0x6c, 0x94, 0x80, 0x89, 0xcc, 0x80, 0x08, 0xc6, 0x80, 0x1d, 0x43, 0x48, 0x41, 0x52, 0x80,
  0x0b, 0x56, 0x41, 0x52, 0x43, 0x48, 0x41, 0x52, 0x80, 0x0b, 0x80, 0x10, 0x58, 0x80, 0x32, 0x6e, 0x93, 0x42, 0x59, 0x80,
  0x10, 0x53, 0x2e, 0x00, 0x53, 0x75, 0x62, 0x73, 0x63, 0x80, 0x59, 0x70, 0x82, 0x80, 0xa4, 0x82, 0xc6, 0x80, 0x04, 0x67,
  0xc2, 0x00, 0x49, 0x6c, 0x9d, 0x67, 0xdc, 0x73, 0x75, 0x62, 0x73, 0x63, 0x80, 0x59, 0x70, 0x82, 0x80, 0x7c, 0xbf, 0x80,
  0x17, 0x00, 0xd7, 0x80, 0xf9, 0x80, 0x26, 0xfb, 0x80, 0x5c, 0x80, 0xc7, 0x80, 0x95, 0x8c, 0xc9, 0xdf, 0x64, 0xc7, 0x80,
  0x89, 0x80, 0xa6, 0xd4, 0xd2, 0x80, 0x88, 0x80, 0xa8, 0x89, 0x80, 0xd4, 0x9d, 0x0a, 0xc1, 0x65, 0xab, 0x80, 0xe5, 0x55,
  0x4e, 0x49, 0x80, 0x8e, 0x80, 0x0b, 0x80, 0x28, 0x80, 0x10, 0x52, 0x80, 0x45, 0x43, 0x54, 0x80, 0x0b, 0x93, 0x4d, 0x80,
  0x28, 0x55, 0x53, 0x20, 0x80, 0x76, 0x80, 0x9c, 0x00, 0x4f, 0x52, 0x80, 0xdc, 0x80, 0x62, 0x42, 0x59, 0x20, 0x80, 0x89,
  0xcc, 0x80, 0x88, 0x9e, 0x80, 0x45, 0x80, 0xed, 0x43, 0x80, 0x32, 0x6c, 0x80, 0x11, 0x2e, 0x00, 0x54, 0x80, 0x29, 0xcc,
  0x80, 0x68, 0x80, 0x5b, 0x87, 0x9e, 0x80, 0x3e, 0xc2, 0x00, 0xac, 0x80, 0xd5, 0x80, 0x99, 0x80, 0xe7, 0xfd, 0x89, 0x8d,
  0x6f, 0xb2, 0x80, 0x25, 0x00, 0xac, 0xe6, 0xc3, 0x81, 0x80, 0x99, 0x80, 0xe7, 0xfd, 0x89, 0x8d, 0x6f, 0xb2, 0x80, 0x25,
  0x00, 0x4e, 0x6f, 0x82, 0x6f, 0x77, 0x6e, 0x80, 0xf8, 0x80, 0x57, 0x00, 0x54, 0x80, 0x29, 0xcc, 0x80, 0x90, 0x6e, 0x74,
  0x80, 0x47, 0x9e, 0xa8, 0xc2, 0x00, 0x80, 0x66, 0x80, 0x9e, 0x80, 0x63, 0x20, 0x80, 0x67, 0x6d, 0x80, 0x31, 0x73, 0x80,
  0x17, 0x00, 0xc8, 0x80, 0x33, 0x20, 0xcc, 0x80, 0x68, 0x80, 0x5b, 0x87, 0x9e, 0x80, 0x3e, 0xc2, 0x00, 0xd7, 0x80, 0xf9,
  0x80, 0x26, 0xfb, 0x80, 0x5c, 0x80, 0xc7, 0x79, 0x80, 0xa4, 0x20, 0x80, 0x48, 0x80, 0xd7, 0xa7, 0x73, 0xfe, 0x80, 0xbf,
  0x80, 0xf8, 0x80, 0x4d, 0x6c, 0xb6, 0x94, 0x80, 0x8c, 0x73, 0x0a, 0x9e, 0x65, 0xab, 0x80, 0xe5, 0x55, 0x4e, 0x49, 0x80,
  0x8e, 0x80, 0x0b, 0x80, 0x28, 0x80, 0x10, 0x52, 0x80, 0x45, 0x43, 0x54, 0x80, 0x0b, 0x93, 0x4d, 0x80, 0x28, 0x55, 0x53,
  0x20, 0x80, 0x76, 0x80, 0x9c, 0x00, 0x46, 0x80, 0xd9, 0x80, 0x22, 0xa7, 0x73, 0xfe, 0x80, 0x46, 0xf3, 0x80, 0x84, 0xaa,
  0xb2, 0x80, 0x4b, 0x80, 0x68, 0x80, 0x5b, 0xf7, 0x00, 0xc8, 0x80, 0x33, 0x20, 0x80, 0x49, 0x80, 0x5b, 0x2e, 0x00, 0x4e,
  0x6f, 0x82, 0x6f, 0x77, 0x6e, 0x80, 0xf8, 0x80, 0x63, 0x2e, 0x00, 0xac, 0x67, 0x9a, 0xe6, 0x20, 0x62, 0x97, 0xeb, 0x67,
  0x8c, 0x67, 0x80, 0x0c, 0x80, 0x8c, 0x2e, 0x00, 0xac, 0x41, 0x6c, 0x80, 0x9f, 0xa1, 0x80, 0xa7, 0x65, 0x77, 0x80, 0x0b,
  0x52, 0x95, 0xfe, 0xa1, 0x80, 0xa7, 0x80, 0xe3, 0x93, 0x43, 0x8c, 0x80, 0x0c, 0xa1, 0x74, 0x80, 0x59, 0x80, 0xf5, 0xa5,
  0xf4, 0xa1, 0x80, 0xa7, 0x80, 0xe3, 0x80, 0x25, 0x00, 0xac, 0x67, 0x80, 0x04, 0x82, 0x80, 0x67, 0x6d, 0x80, 0x31, 0x80,
  0x6a, 0xf4, 0x80, 0x8d, 0x80, 0x19, 0x80, 0xeb, 0x80, 0x57, 0x00, 0x41, 0x6d, 0x62, 0x69, 0x67, 0x75, 0x80, 0xa4, 0x87,
  0x80, 0x89, 0x80, 0x25, 0x00, 0x46, 0xfb, 0x95, 0xfe, 0x80, 0x88, 0x80, 0x84, 0x80, 0x22, 0xa1, 0x66, 0xe4, 0x80, 0x20,
  0x70, 0x89, 0x80, 0xe5, 0x80, 0xb2, 0xc2, 0x00, 0x52, 0x65, 0x80, 0x7f, 0xcd, 0x69, 0xdc, 0xcf, 0x80, 0xef, 0x82, 0x80,
  0x56, 0x80, 0x75, 0x6d, 0x80, 0xf7, 0x80, 0xf6, 0x95, 0x63, 0x94, 0x80, 0x8c, 0xf7, 0x00, 0xac, 0xb5, 0x80, 0x78, 0x80,
  0x12, 0xf2, 0xcc, 0xfa, 0x80, 0xd6, 0x80, 0xaa, 0x80, 0x17, 0x00, 0x80, 0x6f, 0x6c, 0xb4, 0x84, 0xcc, 0x80, 0x68, 0x80,
  0x5b, 0x87, 0x9e, 0xf2, 0x93, 0x80, 0xff, 0x00, 0x80, 0xe1, 0x80, 0x1e, 0x81, 0x8b, 0x80, 0xad, 0x86, 0x93, 0x80, 0xe9,
  0x80, 0x99, 0x80, 0xe7, 0x20, 0x80, 0x67, 0x6d, 0x80, 0x31, 0x73, 0x80, 0x17, 0x00, 0xac, 0x80, 0x9e, 0x93, 0x8c, 0x80,
  0x46, 0xa7, 0x80, 0x3e, 0xc2, 0x00, 0xac, 0x80, 0x65, 0x20, 0x80, 0xa2, 0x80, 0xe8, 0x85, 0x80, 0x9c, 0x00, 0xac, 0x80,
  0xcf, 0x87, 0x61, 0x75, 0xea, 0x82, 0x80, 0xdd, 0x61, 0xfb, 0x20, 0x80, 0x46, 0x8a, 0x80, 0x4a, 0x89, 0x80, 0x17, 0x00,
  0xd7, 0x61, 0x75, 0xea, 0x82, 0x80, 0xdd, 0x61, 0xfb, 0x20, 0x80, 0x4b, 0x80, 0x68, 0x80, 0x5b, 0x87, 0x80, 0x22, 0xa1,
  0xea, 0x66, 0x80, 0x7f, 0xd5, 0x80, 0xb2, 0xc2, 0x00, 0xac, 0x80, 0x9e, 0x61, 0x75, 0xea, 0x82, 0x80, 0xdd, 0x61, 0xfb,
  0x2e, 0x00, 0xce, 0x83, 0x81, 0xa6, 0x80, 0xe9, 0x61, 0x75, 0xea, 0x82, 0x80, 0xdd, 0x61, 0xfb, 0x20, 0xc1, 0xa7, 0x80,
  0x84, 0x80, 0x57, 0x00, 0xac, 0x80, 0x9e, 0x93, 0x80, 0x65, 0x20, 0x61, 0x75, 0xea, 0x82, 0xf4, 0xa1, 0x80, 0x8d, 0x80,
  0x19, 0x80, 0xeb, 0xf2, 0x80, 0x25, 0x00, 0xac, 0x80, 0x9e, 0x80, 0xa7, 0x80, 0xe3, 0xf4, 0x80, 0x8d, 0x80, 0x19, 0x80,
  0xeb, 0xf2, 0x80, 0x25, 0x00, 0xac, 0x80, 0x65, 0x20, 0x61, 0x75, 0xea, 0x82, 0x80, 0xdd, 0x61, 0xfb, 0x2e, 0x00, 0xd7,
  0x61, 0x75, 0xea, 0x82, 0x80, 0xdd, 0x61, 0xfb, 0x20, 0x80, 0x4b, 0x80, 0x46, 0x80, 0x88, 0x67, 0xf8, 0x80, 0x02, 0x9e,
  0x66, 0xe4, 0x80, 0x20, 0x80, 0xe8, 0x85, 0x97, 0x70, 0x89, 0x68, 0x2e, 0x00, 0xac, 0x80, 0xd5, 0x61, 0x75, 0xea, 0x82,
  0x80, 0xdd, 0x61, 0xfb, 0x20, 0xaf, 0x80, 0x01, 0x00, 0x80, 0x6f, 0x80, 0xd3, 0x8c, 0x80, 0x73, 0xa1, 0x80, 0xf1, 0x80,
  0xcc, 0x61, 0x75, 0xea, 0x82, 0x80, 0xdd, 0x61, 0xfb, 0x20, 0xaf, 0x80, 0x01, 0x00, 0x52, 0xb7, 0x6f, 0x80, 0x98, 0x80,
  0xc4, 0x80, 0xfc, 0x80, 0x70, 0xa4, 0x92, 0xee, 0x81, 0x80, 0x61, 0x80, 0xee, 0x00, 0x80, 0xdb, 0x80, 0x0f, 0x80, 0xcc,
  0x61, 0x75, 0xea, 0x82, 0x80, 0xdd, 0x61, 0xfb, 0x20, 0x80, 0xc8, 0xd8, 0x64, 0x94, 0xba, 0xa1, 0xea, 0x66, 0x80, 0x7f,
  0xd5, 0x80, 0x52, 0x73, 0x80, 0xe2, 0x8f, 0xe1, 0x80, 0x74, 0xb6, 0xbe, 0x00, 0xac, 0xe2, 0x9d, 0x80, 0x98, 0x80, 0xf1,
  0x2d, 0x20, 0x80, 0xf1, 0x9e, 0xf2, 0x80, 0x49, 0x80, 0xdf, 0x80, 0x91, 0x80, 0xf1, 0x9e, 0x61, 0x75, 0xea, 0x82, 0x80,
  0xdd, 0x61, 0xfb, 0x2e, 0x00, 0xac, 0xe6, 0xc3, 0x81, 0x80, 0xf1, 0x2d, 0x20, 0x80, 0xf1, 0x9e, 0xf2, 0x80, 0x49, 0x80,
  0xdf, 0x80, 0x91, 0x80, 0xf1, 0x9e, 0x61, 0x75, 0xea, 0x82, 0x80, 0xdd, 0x61, 0xfb, 0x2e, 0x00, 0x80, 0x6f, 0x80, 0xd3,
  0xe6, 0xc3, 0x81, 0xa1, 0x80, 0xf1, 0x80, 0x3c, 0x80, 0x57, 0x00, 0x80, 0x6f, 0x80, 0xd3, 0x80, 0xd5, 0xf2, 0xc1, 0xa4,
  0x80, 0xcb, 0xa8, 0x80, 0xc6, 0x80, 0xcf, 0xf7, 0x00, 0x80, 0x6f, 0x80, 0xd3, 0x8c, 0x80, 0x73, 0xa1, 0x80, 0xf1, 0x80,
  0xcc, 0xa7, 0x80, 0x57, 0x00, 0x80, 0xe1, 0x80, 0x1e, 0x81, 0x8b, 0x80, 0x4d, 0x6c, 0xb6, 0x94, 0x79, 0xfc, 0x2e, 0x00,
  0xc8, 0x80, 0x33, 0x20, 0x80, 0x68, 0x80, 0x5b, 0x87, 0xf4, 0xa7, 0x80, 0x89, 0x28, 0x93, 0xf4, 0xa7, 0x80, 0x4d, 0x82,
  0xc6, 0x80, 0x8c, 0x73, 0x29, 0x2e, 0x00, 0x80, 0xe1, 0x80, 0x1e, 0x81, 0x80, 0x5a, 0x80, 0x6e, 0x87, 0x80, 0xf0, 0x87,
  0x6f, 0x77, 0x6e, 0x80, 0x5c, 0x97, 0x6f, 0x8f, 0xa5, 0xa8, 0x83, 0xf7, 0x00, 0x80, 0x6f, 0x6c, 0xb4, 0x84, 0xcc, 0x8b,
  0x80, 0xad, 0xa9, 0x00, 0x80, 0x66, 0xf2, 0x93, 0x80, 0xa7, 0x80, 0xe3, 0x80, 0x84, 0x80, 0x82, 0x80, 0x02, 0x67, 0x80,
  0x04, 0x74, 0x8a, 0x67, 0x2f, 0x8c, 0x76, 0x6f, 0x6b, 0xc7, 0x70, 0x72, 0xf8, 0x80, 0x4e, 0x67, 0x80, 0xaf, 0x00, 0xc8,
  0x80, 0x95, 0x8c, 0x63, 0x82, 0x80, 0xa2, 0x93, 0x80, 0x38, 0x73, 0x93, 0x80, 0x46, 0x80, 0x4a, 0x89, 0x2e, 0x00, 0xac,
  0x8c, 0x80, 0x46, 0x80, 0x4b, 0xc1, 0xf2, 0x80, 0xd0, 0x00, 0x80, 0xe1, 0xa1, 0x80, 0x1d, 0x80, 0xb7, 0x80, 0xf6, 0x95,
  0x63, 0xc7, 0x80, 0x3f, 0x80, 0xf6, 0x95, 0x63, 0x94, 0x80, 0x8c, 0x87, 0x64, 0xa0, 0x8b, 0x80, 0xdf, 0xd3, 0x2e, 0x00,
  0x44, 0x65, 0x70, 0x95, 0x64, 0xd5, 0xf2, 0xc1, 0x80, 0xa7, 0x80, 0xe3, 0xcc, 0x80, 0x56, 0x80, 0x97, 0x80, 0x02, 0x8d,
  0xd0, 0xbe, 0x00, 0x4d, 0x80, 0x3b, 0x63, 0xaa, 0x73, 0x81, 0x80, 0x90, 0x6e, 0x82, 0x80, 0xa2, 0x80, 0x97, 0x80, 0x2a,
  0x81, 0x43, 0x80, 0x5d, 0x41, 0x80, 0x10, 0x80, 0x0b, 0x53, 0x54, 0x41, 0x52, 0x80, 0x32, 0x93, 0x52, 0x4f, 0x4c, 0x4c,
  0x46, 0x4f, 0x52, 0x57, 0x41, 0x52, 0x44, 0x2e, 0x00, 0xac, 0x80, 0x65, 0x80, 0xde, 0x8c, 0x80, 0x46, 0xa7, 0x80, 0x90,
  0x6e, 0x82, 0x80, 0xa2, 0x93, 0x80, 0xf7, 0x80, 0xd5, 0x80, 0x3e, 0xc2, 0x00, 0xac, 0x80, 0x41, 0xea, 0x80, 0xca, 0xf2,
  0x93, 0x80, 0xa7, 0x80, 0xe3, 0xa8, 0x94, 0x9e, 0x73, 0x75, 0x62, 0x80, 0x76, 0x80, 0x9c, 0x00, 0x80, 0x6f, 0x6c, 0xb4,
  0x84, 0x80, 0xae, 0x81, 0x80, 0x75, 0x6c, 0x80, 0x96, 0xc2, 0x00, 0x43, 0xe1, 0x80, 0xd7, 0xdf, 0x80, 0x47, 0xdf, 0x81,
  0x80, 0x89, 0xc6, 0x80, 0x03, 0x69, 0x8d, 0x2f, 0x28, 0x80, 0x03, 0x69, 0x8d, 0x38, 0x80, 0xde, 0x62, 0x69, 0x67, 0x80,
  0x03, 0x69, 0x8d, 0x80, 0xd8, 0x80, 0xff, 0x00, 0x43, 0x55, 0x52, 0x53, 0x4f, 0x80, 0x62, 0x8b, 0xf4, 0x80, 0x45, 0x80,
  0xed, 0x43, 0x80, 0x32, 0x80, 0x61, 0x80, 0xee, 0x00, 0x80, 0x6f, 0x6c, 0xb4, 0x84, 0xcc, 0x8b, 0x64, 0x92, 0x80, 0x54,
  0x8c, 0x86, 0xc1, 0x55, 0x50, 0x44, 0x41, 0x80, 0x10, 0x20, 0x4f, 0x46, 0x2e, 0x00, 0x43, 0xb0, 0x73, 0x93, 0x80, 0x88,
  0xf4, 0x73, 0x80, 0x06, 0x70, 0xa2, 0x80, 0x45, 0x80, 0xed, 0x43, 0x80, 0x32, 0xc1, 0x46, 0x4f, 0x80, 0x62, 0x55, 0x50,
  0x44, 0x41, 0x80, 0x10, 0x2e, 0x00, 0xd7, 0x73, 0x63, 0x8d, 0x81, 0x80, 0xea, 0x80, 0x1a, 0x87, 0xa7, 0x80, 0xbe, 0x78,
  0x80, 0x06, 0xb4, 0x20, 0x70, 0x8c, 0x63, 0x80, 0x31, 0x9b, 0x80, 0x21, 0xbe, 0x00, 0x53, 0xb4, 0x87, 0x80, 0x3f, 0x80,
  0x05, 0x83, 0xeb, 0xd2, 0x80, 0xe0, 0x80, 0xa8, 0xee, 0x94, 0xc1, 0xd3, 0x90, 0x80, 0x27, 0xa5, 0x80, 0x8c, 0xf7, 0x00,
  0xc8, 0x80, 0xa8, 0x89, 0x80, 0xd4, 0xa2, 0x73, 0x71, 0x9d, 0x78, 0x92, 0x20, 0x80, 0x41, 0x64, 0x75, 0x80, 0x01, 0x00,
  0x80, 0x23, 0x80, 0x03, 0x69, 0xdc, 0x80, 0xbf, 0x83, 0x2e, 0x20, 0x43, 0xdf, 0x73, 0xe4, 0x82, 0x79, 0x80, 0xd1, 0x20,
  0x8a, 0x99, 0x8d, 0x6c, 0xef, 0x8a, 0x80, 0x3a, 0x75, 0xed, 0xca, 0xf7, 0x00, 0xac, 0x80, 0x65, 0x20, 0x6c, 0xb9, 0x82,
  0x80, 0x8c, 0x2e, 0x00, 0xac, 0x80, 0x9e, 0xb5, 0x69, 0xe5, 0x81, 0x80, 0x63, 0x20, 0xf4, 0x80, 0x89, 0x80, 0x22, 0x64,
  0xe6, 0x80, 0x60, 0x80, 0x0c, 0xc3, 0x61, 0x2e, 0x00, 0xac, 0x8d, 0x80, 0x9f, 0xf2, 0x80, 0x22, 0x61, 0x75, 0xea, 0x82,
  0x80, 0xdd, 0x61, 0xfb, 0x20, 0xdf, 0x2e, 0x00, 0x80, 0xc5, 0x80, 0xa2, 0x93, 0x80, 0x37, 0x6d, 0x80, 0x3f, 0x73, 0x63,
  0x80, 0x59, 0x70, 0x82, 0xa6, 0x8a, 0x80, 0xcf, 0x73, 0x80, 0xd4, 0xa2, 0x62, 0x80, 0xc7, 0xa1, 0x80, 0xb4, 0x50, 0x41,
  0x54, 0x48, 0x20, 0xcd, 0x72, 0x97, 0xa6, 0x80, 0x75, 0xaa, 0x6e, 0x80, 0xc2, 0x00, 0x43, 0xe1, 0xdf, 0x80, 0x47, 0x80,
  0x1f, 0x80, 0x89, 0x80, 0xbf, 0xa5, 0x9e, 0x4f, 0x52, 0x80, 0xdc, 0x80, 0x62, 0x42, 0x59, 0xfd, 0x80, 0x54, 0x80, 0x1f,
  0x80, 0x22, 0x55, 0x4e, 0x49, 0x80, 0x8e, 0x2e, 0x00, 0xac, 0x80, 0x9e, 0xaa, 0xb2, 0x80, 0x4b, 0xc1, 0x80, 0xaa, 0x80,
  0x17, 0x00, 0x4c, 0x6f, 0xb2, 0x80, 0x4b, 0x80, 0x68, 0x80, 0x5b, 0xf7, 0x00, 0x4d, 0x80, 0x3b, 0xd0, 0x6d, 0x8a, 0x80,
  0x0c, 0x80, 0xaa, 0x9b, 0x80, 0x97, 0x80, 0x2a, 0x81, 0x63, 0xaa, 0x73, 0xc7, 0x80, 0x3e, 0xc2, 0x00, 0x52, 0x92, 0x85,
  0x86, 0x80, 0x90, 0x6e, 0x74, 0x80, 0x47, 0x80, 0x78, 0x6b, 0x80, 0x5c, 0x97, 0x61, 0x88, 0x8f, 0xa5, 0xa8, 0x83, 0x2e,
  0x00, 0xac, 0x8c, 0x76, 0x6f, 0x6b, 0x81, 0x70, 0x72, 0xf8, 0x80, 0x4e, 0xc5, 0xf4, 0x80, 0x8c, 0xf7, 0x00, 0xac, 0x83,
  0xb9, 0x81, 0xaa, 0xb2, 0xaf, 0x80, 0x01, 0x00, 0xac, 0x67, 0x80, 0x04, 0x82, 0xba, 0x73, 0x6f, 0x6d, 0x65, 0xdf, 0x81,
  0x80, 0x82, 0xa0, 0x80, 0x56, 0x67, 0x80, 0x04, 0x74, 0x94, 0x79, 0x80, 0xa4, 0x20, 0xa7, 0x73, 0xfe, 0x70, 0x72, 0xf8,
  0x80, 0x4e, 0xc5, 0x80, 0x97, 0x80, 0x2a, 0xc2, 0x00, 0x53, 0xfe, 0x80, 0xbf, 0x80, 0xf8, 0x80, 0x8c, 0x87, 0x80, 0x88,
  0x80, 0x84, 0xc1, 0x80, 0xa7, 0x80, 0xe3, 0x80, 0x3f, 0x80, 0x4d, 0x6c, 0x80, 0x8b, 0x63, 0x80, 0x54, 0xa8, 0xc2, 0x00,
  0x4e, 0x65, 0x94, 0xba, 0xff, 0x80, 0xca, 0x80, 0xa7, 0x80, 0xe3, 0x80, 0x89, 0x80, 0xb2, 0xd2, 0x80, 0x3c, 0x80, 0xa7,
  0x80, 0xe3, 0x80, 0x7c, 0xbf, 0x80, 0x17, 0x00, 0xac, 0x80, 0x41, 0xea, 0x80, 0xca, 0x88, 0x84, 0x73, 0x80, 0x06, 0x70,
  0xa2, 0x80, 0xa7, 0x65, 0x77, 0x2e, 0x00, 0x80, 0xe1, 0xa1, 0x80, 0x6d, 0x80, 0xa4, 0x82, 0xc6, 0x80, 0x04, 0x67, 0xc2,
  0x00, 0x80, 0x6f, 0x6c, 0xb4, 0x84, 0x80, 0x5a, 0x80, 0x6e, 0x87, 0x6e, 0xe4, 0x80, 0x20, 0x80, 0x13, 0x80, 0xaf, 0x00,
  0x80, 0x66, 0x80, 0xf2, 0x80, 0x8b, 0x80, 0x67, 0x6d, 0x80, 0x31, 0x73, 0x80, 0x17, 0x00, 0x80, 0x66, 0x80, 0x2e, 0x80,
  0xd1, 0x80, 0x53, 0x80, 0x67, 0x6d, 0x80, 0x31, 0x73, 0x80, 0x17, 0x00, 0x80, 0x66, 0x80, 0xb4, 0x80, 0xc5, 0x80, 0x67,
  0x6d, 0x80, 0x31, 0x73, 0x80, 0x17, 0x00, 0x53, 0x79, 0x80, 0xb1, 0x79, 0x80, 0x94, 0x80, 0x68, 0xa8, 0x94, 0xf3, 0xf2,
  0x80, 0x46, 0x93, 0x80, 0x99, 0x80, 0xb1, 0x79, 0x6d, 0x2e, 0x00, 0xac, 0x8a, 0x80, 0x03, 0x82, 0xa1, 0x6e, 0xe4, 0x80,
  0x20, 0x8a, 0xba, 0x80, 0x89, 0x80, 0x25, 0x00, 0x53, 0x79, 0x80, 0xe7, 0xc0, 0x93, 0x2d, 0x20, 0xb5, 0x80, 0x74, 0xb6,
  0x94, 0x6e, 0xe4, 0x80, 0x20, 0x80, 0x52, 0x8a, 0x80, 0x9f, 0x95, 0x98, 0xb5, 0xd0, 0xbe, 0x00, 0x80, 0xc5, 0xcf, 0x64,
  0x80, 0xe2, 0x80, 0x3c, 0x80, 0x82, 0x83, 0x81, 0x63, 0x80, 0x54, 0x80, 0x1f, 0x80, 0x2e, 0xe4, 0x74, 0x87, 0x80, 0xd6,
  0x74, 0x77, 0x6f, 0x2d, 0x73, 0x69, 0x64, 0x94, 0x6f, 0xee, 0xa5, 0x6a, 0x6f, 0x8a, 0x2e, 0x00, 0x56, 0x69, 0x80, 0xe3,
  0xcc, 0x8b, 0x80, 0xad, 0xa9, 0x00, 0xd7, 0x80, 0x82, 0x83, 0x81, 0x63, 0x80, 0x54, 0x80, 0x1f, 0x80, 0x5a, 0x80, 0x6e,
  0x87, 0xe1, 0x6f, 0xee, 0xa5, 0x43, 0x90, 0x74, 0xbd, 0x69, 0xe1, 0x50, 0x9a, 0x64, 0x75, 0xed, 0x2e, 0x00, 0x49, 0x6c,
  0x9d, 0x67, 0xdc, 0x6a, 0x6f, 0x9e, 0x62, 0xfc, 0x77, 0x65, 0x80, 0x02, 0xa1, 0x6e, 0x65, 0x99, 0x94, 0x6f, 0xee, 0xa5,
  0xf2, 0x80, 0x3f, 0xa1, 0x70, 0x8c, 0x80, 0x03, 0x76, 0x94, 0x80, 0x57, 0x00, 0x53, 0x79, 0x80, 0xe7, 0xfd, 0x89, 0x8d,
  0x6f, 0xb2, 0xcc, 0x80, 0x95, 0x72, 0xe6, 0x74, 0xbe, 0x00, 0x43, 0xb0, 0x73, 0x93, 0x6d, 0x8e, 0x69, 0x70, 0xe4, 0xef,
  0x80, 0x88, 0xfa, 0x80, 0xd6, 0x80, 0xaa, 0x80, 0x17, 0x00, 0xac, 0x80, 0xcf, 0x87, 0xaa, 0xb2, 0xaf, 0x80, 0x01, 0x00,
  0x46, 0xfc, 0x80, 0x91, 0x89, 0x80, 0x8d, 0x80, 0x6c, 0x94, 0xf4, 0x75, 0x88, 0x70, 0x80, 0x02, 0x80, 0x38, 0x73, 0x80,
  0xfa, 0x00, 0x46, 0xfc, 0x80, 0x91, 0x89, 0x80, 0x8d, 0x80, 0x6c, 0x94, 0xf4, 0x4e, 0x55, 0x4c, 0x4c, 0xfd, 0xb0, 0x73,
  0x80, 0xfa, 0x00, 0x41, 0x64, 0x64, 0x80, 0x2e, 0x87, 0xc6, 0xa1, 0x80, 0xc4, 0x80, 0xfc, 0x80, 0xb3, 0x80, 0x29, 0xa6,
  0x4e, 0x55, 0x4c, 0x4c, 0x2e, 0x00, 0xd7, 0x80, 0xae, 0x81, 0xc6, 0xa1, 0x8c, 0x80, 0x5f, 0xf8, 0x94, 0x80, 0xf1, 0xea,
  0x73, 0xeb, 0x8c, 0xd2, 0x80, 0x22, 0xa7, 0x80, 0x74, 0xb6, 0x94, 0x80, 0xae, 0xc2, 0x00, 0xd7, 0x80, 0x38, 0x73, 0x93,
  0x93, 0x80, 0xf9, 0x80, 0x08, 0x80, 0x05, 0x61, 0xfb, 0x96, 0x80, 0x01, 0x00, 0xd7, 0xd8, 0x64, 0x80, 0x2e, 0x87, 0xc6,
  0xa1, 0x80, 0xc4, 0x80, 0xfc, 0x80, 0xb3, 0x80, 0x29, 0x80, 0x08, 0x80, 0x16, 0x80, 0x67, 0x80, 0x47, 0x8d, 0x69, 0x67,
  0x6e, 0xbe, 0x00, 0x4d, 0xb7, 0x85, 0x97, 0x80, 0x2c, 0x63, 0xef, 0x80, 0xec, 0x00, 0x80, 0xb9, 0x80, 0xbf, 0xa5, 0x7a,
  0x83, 0xa0, 0x8c, 0x80, 0x5f, 0xf8, 0x94, 0x80, 0xcc, 0xa7, 0x73, 0x71, 0x9d, 0x78, 0x92, 0x20, 0x80, 0x16, 0x80, 0x35,
  0xf7, 0x00, 0x80, 0x23, 0x6d, 0xbd, 0x73, 0x80, 0x71, 0x80, 0x1d, 0x8c, 0x80, 0x5f, 0xf8, 0x94, 0x80, 0xcc, 0xa7, 0x73,
  0x71, 0x9d, 0x78, 0x92, 0x20, 0x80, 0x16, 0x80, 0x35, 0xf7, 0x00, 0x53, 0x71, 0x9d, 0x78, 0x92, 0x20, 0x80, 0xc8, 0x8b,
  0x80, 0xad, 0x86, 0x93, 0x80, 0xc8, 0x8b, 0xa4, 0x92, 0x75, 0xf2, 0x62, 0x97, 0xa7, 0x80, 0x90, 0x6e, 0x82, 0xa8, 0x83,
  0x2e, 0x00, 0x50, 0x8c, 0x80, 0x50, 0x81, 0x80, 0xf9, 0x80, 0x26, 0xfb, 0x94, 0x93, 0x80, 0xc8, 0x8b, 0xa4, 0x92, 0xee,
  0xbe, 0x00, 0xac, 0xff, 0x80, 0xca, 0x62, 0x6f, 0x8f, 0x20, 0x80, 0xc4, 0x80, 0xfc, 0x80, 0xb3, 0x96, 0x9d, 0x87, 0x80,
  0x3f, 0x64, 0xbd, 0x63, 0x80, 0x59, 0x80, 0x6c, 0x80, 0xfa, 0x00, 0x80, 0x6f, 0x6d, 0x6d, 0x80, 0x3f, 0x80, 0x52, 0x8a,
  0x80, 0x9f, 0xa6, 0x4e, 0x55, 0x4c, 0x4c, 0x2e, 0x00, 0xc8, 0x80, 0x03, 0x82, 0x89, 0x80, 0x8d, 0x80, 0x6c, 0x94, 0xf4,
  0x75, 0x88, 0x70, 0x80, 0x02, 0x80, 0x38, 0x73, 0x80, 0xfa, 0x00, 0xc8, 0x80, 0x03, 0x82, 0x89, 0x80, 0x8d, 0x80, 0x6c,
  0x94, 0xf4, 0x4e, 0x55, 0x4c, 0x4c, 0xfd, 0xb0, 0x73, 0x80, 0xfa, 0x00, 0x80, 0xe1, 0xa1, 0xcf, 0x80, 0x1c, 0x80, 0x6a,
  0xb3, 0x80, 0xfa, 0x00, 0x55, 0x53, 0x80, 0x28, 0x47, 0x20, 0xe3, 0x74, 0x9b, 0x80, 0x22, 0x80, 0xd5, 0x80, 0xf9, 0xa6,
  0x8a, 0x80, 0x00, 0xc1, 0x8a, 0x80, 0x03, 0x82, 0x80, 0x38, 0x73, 0x80, 0xfa, 0x00, 0x46, 0x4c, 0x55, 0x53, 0x48, 0xfd,
  0xe1, 0xdf, 0x80, 0x47, 0xe0, 0xa8, 0x94, 0xf4, 0xe1, 0x8a, 0x80, 0x03, 0x82, 0x80, 0x38, 0x73, 0x80, 0xfa, 0x00, 0x4e,
  0x55, 0x4c, 0x80, 0x6b, 0x53, 0x51, 0x4c, 0x44, 0x80, 0xc5, 0x64, 0xbd, 0x63, 0x80, 0x59, 0x80, 0x6c, 0x93, 0x93, 0x80,
  0xc4, 0x80, 0xfc, 0x80, 0xb3, 0x80, 0x29, 0x6c, 0x80, 0x31, 0x82, 0x95, 0x98, 0xb5, 0xd0, 0xbe, 0x00, 0x53, 0x51, 0x4c,
  0x44, 0x41, 0x54, 0x80, 0xc5, 0x80, 0x52, 0x8a, 0x80, 0x9f, 0x9e, 0x53, 0x51, 0x4c, 0x44, 0x80, 0xc5, 0x93, 0x80, 0xc4,
  0x80, 0xfc, 0x80, 0xb3, 0x80, 0x29, 0xa6, 0x6e, 0xe4, 0x6c, 0x2e, 0x00, 0xac, 0xa4, 0x92, 0xee, 0x81, 0x8c, 0x80, 0x41,
  0x80, 0x98, 0x73, 0x71, 0x9d, 0x78, 0x92, 0x2e, 0x00, 0x80, 0xba, 0x6b, 0x88, 0x77, 0x84, 0x80, 0x03, 0x76, 0xda, 0x81,
  0xc1, 0xa4, 0x92, 0xee, 0x9b, 0xc6, 0x8c, 0x80, 0x41, 0x80, 0x98, 0x73, 0x71, 0x9d, 0x78, 0x92, 0x2e, 0x00, 0x46, 0x6c,
  0xa8, 0x80, 0xe5, 0x89, 0x80, 0x8d, 0x80, 0x6c, 0x94, 0xf4, 0x75, 0x88, 0x70, 0x80, 0x02, 0x80, 0x38, 0x73, 0x80, 0xfa,
  0x00, 0x80, 0xc5, 0x22, 0x66, 0xfc, 0xd3, 0xfd, 0xb0, 0x8c, 0x6e, 0x74, 0x22, 0x20, 0x80, 0xc8, 0x89, 0x80, 0x8d, 0x80,
  0x6c, 0x94, 0x80, 0x22, 0x88, 0xfd, 0xb0, 0x8c, 0x6e, 0x82, 0x80, 0xe4, 0x2e, 0x00, 0x43, 0xb0, 0x73, 0x93, 0x80, 0x68,
  0x64, 0x92, 0x80, 0x54, 0x8c, 0x86, 0x80, 0xcc, 0x80, 0xa5, 0x22, 0x70, 0x8c, 0x70, 0x61, 0x8c, 0x64, 0x22, 0x20, 0x80,
  0x61, 0x80, 0xee, 0x00, 0x80, 0xe1, 0x80, 0x1e, 0x81, 0xa6, 0x80, 0x90, 0x6e, 0x74, 0x80, 0x47, 0xe3, 0x95, 0x80, 0x5c,
  0x97, 0x61, 0x88, 0x8f, 0xa5, 0xa8, 0x83, 0x2e, 0x00, 0x80, 0xba, 0x6b, 0x88, 0x77, 0x84, 0x80, 0x13, 0xd2, 0x80, 0xd7,
  0x80, 0x68, 0x80, 0x97, 0x80, 0x02, 0x80, 0x4f, 0x70, 0x6c, 0x69, 0xbe, 0x00, 0x42, 0x8a, 0x86, 0x98, 0xb5, 0x82, 0x9a,
  0x80, 0xb0, 0x63, 0x8d, 0x6c, 0x94, 0x80, 0x22, 0xa1, 0xea, 0x66, 0x80, 0x7f, 0xd5, 0x98, 0xb5, 0x80, 0xb6, 0x00, 0x42,
  0x8a, 0x86, 0x9a, 0x80, 0xb0, 0x63, 0x8d, 0x6c, 0x94, 0x80, 0x75, 0x6d, 0x80, 0xf7, 0x74, 0x80, 0x06, 0x80, 0xaf, 0x00,
  0xc8, 0x64, 0xda, 0x89, 0x93, 0x80, 0xb3, 0x96, 0x9d, 0x87, 0x73, 0x80, 0xc4, 0x80, 0x92, 0xe0, 0x32, 0x2d, 0x62, 0x79,
  0x80, 0x98, 0x8a, 0x74, 0x65, 0x67, 0x83, 0xf7, 0x00, 0x54, 0xc4, 0x81, 0x8a, 0x74, 0x65, 0x67, 0xa5, 0x80, 0x49, 0x80,
  0xdf, 0x80, 0x91, 0x80, 0xae, 0xc2, 0x00, 0x54, 0xc4, 0x81, 0x66, 0xaa, 0x80, 0x93, 0x80, 0x49, 0x80, 0xdf, 0x80, 0x91,
  0x80, 0xae, 0xc2, 0x00, 0x54, 0xc4, 0x81, 0xc3, 0x81, 0x80, 0x49, 0x80, 0xdf, 0x80, 0x91, 0x80, 0xae, 0xc2, 0x00, 0x54,
  0xc4, 0x81, 0x6d, 0xdf, 0x65, 0x97, 0x80, 0x49, 0x80, 0xdf, 0x80, 0x91, 0x80, 0xae, 0xc2, 0x00, 0x54, 0xc4, 0x81, 0x64,
  0xf1, 0x6d, 0xdc, 0x80, 0x49, 0x80, 0xdf, 0x80, 0x91, 0x80, 0xae, 0xc2, 0x00, 0x54, 0x80, 0x06, 0x65, 0x2d, 0x80, 0xa4,
  0x82, 0x80, 0x6d, 0x80, 0x88, 0x2d, 0x31, 0x80, 0xde, 0x67, 0x8c, 0x89, 0x83, 0x2e, 0x00, 0x43, 0x8d, 0x80, 0x20, 0x62,
  0xab, 0x80, 0x12, 0x66, 0x80, 0x7d, 0x80, 0x88, 0x80, 0x7c, 0x94, 0x80, 0x82, 0x80, 0x02, 0x74, 0x80, 0x06, 0x65, 0x2d,
  0x80, 0xa4, 0x82, 0x80, 0x6d, 0xa6, 0x30, 0x80, 0xde, 0x67, 0x8c, 0x89, 0x83, 0x2e, 0x00, 0x43, 0xdf, 0x6e, 0x80, 0x77,
  0x80, 0x88, 0x65, 0x99, 0x96, 0x6c, 0x80, 0x31, 0x68, 0x80, 0x5c, 0x65, 0x80, 0x2a, 0x81, 0x8c, 0x67, 0x80, 0x11, 0x83,
  0xc7, 0x63, 0x8d, 0x80, 0x20, 0x62, 0xab, 0x80, 0x12, 0x66, 0x80, 0x3d, 0x80, 0x17, 0x00, 0x43, 0x8d, 0x80, 0x20, 0x62,
  0xab, 0x80, 0x12, 0x66, 0x80, 0x7d, 0x80, 0x88, 0x4e, 0x55, 0x4c, 0x80, 0x6b, 0x69, 0x66, 0x20, 0x74, 0x80, 0x06, 0x65,
  0x2d, 0x80, 0xa4, 0x82, 0x80, 0x6d, 0xa6, 0x2d, 0x31, 0x2e, 0x00, 0x80, 0xe1, 0x80, 0x1e, 0x81, 0x80, 0x03, 0x80, 0xb8,
  0xa6, 0x80, 0x90, 0x6e, 0x74, 0x80, 0x47, 0x80, 0x16, 0x80, 0x35, 0x73, 0xc7, 0x53, 0x51, 0x80, 0x6b, 0x74, 0xb9, 0x6b,
  0x2e, 0x00, 0xac, 0xe6, 0xc3, 0x81, 0x6d, 0x85, 0x81, 0x8f, 0xe1, 0xdf, 0x81, 0x80, 0xb1, 0x2d, 0xc8, 0x80, 0x4a, 0x69,
  0x78, 0x20, 0x80, 0xb4, 0x4d, 0x53, 0x20, 0xfa, 0x9e, 0x61, 0x0a, 0x80, 0xaa, 0x80, 0x17, 0x00, 0x50, 0x6f, 0x73, 0x73,
  0x80, 0xd4, 0xa2, 0x8a, 0xcf, 0x73, 0x80, 0x11, 0xd5, 0x80, 0xa6, 0x80, 0x93, 0x74, 0x80, 0x96, 0x65, 0x82, 0x80, 0xb4,
  0x4d, 0x53, 0x20, 0xcc, 0x64, 0x75, 0x81, 0xba, 0xe1, 0x96, 0x85, 0x74, 0x94, 0x80, 0x37, 0x6d, 0xbf, 0x2e, 0x00, 0xac,
  0x67, 0x80, 0x04, 0x82, 0x80, 0x67, 0x6d, 0x80, 0x31, 0x80, 0x6a, 0xba, 0x4e, 0x55, 0x4c, 0x80, 0x6b, 0x93, 0xb7, 0x80,
  0x6c, 0x97, 0xa8, 0xa5, 0x80, 0xb2, 0xc2, 0x00, 0xd7, 0x80, 0x04, 0xc5, 0x80, 0x84, 0x80, 0x3c, 0x46, 0x4f, 0x80, 0x62,
  0xaa, 0xe3, 0xfd, 0x9f, 0x80, 0xd7, 0xa1, 0x4e, 0x55, 0x4c, 0x80, 0x6b, 0x80, 0x13, 0x65, 0x9c, 0x80, 0x25, 0x00, 0xac,
  0x80, 0x1f, 0xa7, 0x41, 0x4c, 0x80, 0x10, 0x80, 0x62, 0x54, 0x41, 0x42, 0x80, 0xed, 0x20, 0x80, 0xf9, 0xba, 0x80, 0x41,
  0xea, 0x80, 0xca, 0xa7, 0xa4, 0x74, 0xd5, 0x80, 0xae, 0x81, 0x80, 0xb7, 0x80, 0x21, 0x80, 0x1a, 0x0a, 0xa4, 0x80, 0xbb,
  0xf2, 0x80, 0x25, 0x00, 0xd7, 0x6c, 0x95, 0x67, 0x8f, 0x20, 0x80, 0xb7, 0x80, 0xe6, 0xef, 0x80, 0x46, 0x80, 0x3c, 0x80,
  0x45, 0x80, 0x32, 0x43, 0x4f, 0x4c, 0x4c, 0x41, 0x54, 0x49, 0x80, 0x8e, 0x20, 0x80, 0xf9, 0x80, 0xea, 0x80, 0x1a, 0x87,
  0x33, 0x32, 0x0a, 0x62, 0x79, 0x74, 0x80, 0xaf, 0x00, 0x49, 0x6c, 0x9d, 0x67, 0xdc, 0x45, 0x53, 0x51, 0x80, 0x6b, 0x80,
  0x78, 0x89, 0x85, 0x80, 0x0b, 0x93, 0xb5, 0x8a, 0xbf, 0x69, 0x8d, 0x80, 0x2b, 0x80, 0x5c, 0x80, 0xda, 0x20, 0x80, 0xb3,
  0x80, 0x29, 0x9e, 0x34, 0x47, 0x4c, 0x2e, 0x00, 0x4c, 0x80, 0xa3, 0x89, 0x93, 0x80, 0xf3, 0x66, 0x66, 0xa5, 0x80, 0xae,
  0x81, 0x80, 0x75, 0x73, 0x6d, 0x8d, 0x6c, 0x2e, 0x00, 0x27, 0x80, 0x78, 0x5f, 0xe3, 0x95, 0x28, 0x29, 0x27, 0x20, 0x80,
  0xec, 0x00, 0x27, 0x80, 0x78, 0x5f, 0x63, 0xaa, 0x80, 0x4d, 0x28, 0x29, 0x27, 0x20, 0x80, 0xec, 0x00, 0x27, 0x80, 0x78,
  0x5f, 0x80, 0x43, 0x28, 0x29, 0x27, 0x20, 0x80, 0xec, 0x00, 0x27, 0x80, 0x78, 0x5f, 0x77, 0x72, 0xbf, 0x65, 0x28, 0x29,
  0x27, 0x20, 0x80, 0xec, 0x00, 0xc8, 0x64, 0xda, 0x89, 0x93, 0x80, 0x6d, 0x80, 0x70, 0xaf, 0x82, 0x9e, 0x80, 0xc4, 0x80,
  0xfc, 0x80, 0xb3, 0x96, 0x80, 0x01, 0x00, 0x80, 0xe1, 0x80, 0x1e, 0x81, 0x80, 0x03, 0x80, 0xb8, 0xd0, 0x6d, 0x8a, 0x89,
  0x94, 0xb5, 0x80, 0x74, 0xb6, 0x80, 0x1a, 0x6c, 0x80, 0x9c, 0x00, 0x4c, 0xdf, 0xb2, 0x80, 0xaa, 0x9b, 0x96, 0x85, 0x74,
  0xbe, 0x00, 0xd7, 0x80, 0xa2, 0x80, 0x03, 0x80, 0xb8, 0x80, 0xc8, 0x73, 0x68, 0x75, 0x82, 0x80, 0x09, 0x77, 0x6e, 0x2e,
  0x00, 0x53, 0x74, 0x80, 0x39, 0xd5, 0x6c, 0x95, 0x67, 0x8f, 0x20, 0x80, 0xea, 0x80, 0x1a, 0x87, 0x80, 0xbe, 0x78, 0x80,
  0x06, 0xb4, 0x2e, 0x00, 0x46, 0x80, 0xd9, 0x80, 0xd5, 0xb3, 0x80, 0xfa, 0x00, 0x46, 0x80, 0xd9, 0x63, 0xaa, 0x73, 0x81,
  0xb3, 0x80, 0xfa, 0x00, 0x46, 0x80, 0xd9, 0x8c, 0x80, 0x73, 0xb3, 0x80, 0xfa, 0x00, 0x46, 0x80, 0xd9, 0x77, 0x72, 0xbf,
  0x81, 0xb3, 0x80, 0xfa, 0x00, 0x80, 0x66, 0x6d, 0x85, 0x81, 0x6d, 0xb7, 0x85, 0x97, 0xc1, 0x80, 0x78, 0x89, 0x93, 0x80,
  0xf3, 0x66, 0x80, 0x7f, 0x2e, 0x00, 0x46, 0x80, 0xd9, 0x6c, 0x95, 0x67, 0x8f, 0xcb, 0x2e, 0x00, 0xc8, 0x64, 0xda, 0x89,
  0x93, 0x6f, 0xde, 0x80, 0x8b, 0xa6, 0x6d, 0x80, 0x31, 0x73, 0x8a, 0x80, 0xc2, 0x00, 0xac, 0x6f, 0x62, 0x74, 0x61, 0x80,
  0x3c, 0xa8, 0xa5, 0x49, 0x80, 0xc9, 0x80, 0xcc, 0xa7, 0x80, 0x99, 0x80, 0xe7, 0x2e, 0x20, 0x80, 0xba, 0x80, 0x29, 0xba,
  0x99, 0x90, 0x82, 0xa7, 0x80, 0xa2, 0x80, 0x03, 0x80, 0x1c, 0x2e, 0x00, 0xce, 0xa6, 0x64, 0xbd, 0x63, 0x80, 0x59, 0x80,
  0x6c, 0x93, 0x80, 0x49, 0x80, 0x5b, 0x2e, 0x00, 0xd7, 0x80, 0x6d, 0xc6, 0x80, 0xa3, 0x80, 0x90, 0x6e, 0x80, 0x53, 0x80,
  0x88, 0x67, 0x8c, 0x89, 0xa5, 0x8f, 0xe1, 0x30, 0x2e, 0x00, 0x41, 0x84, 0x8a, 0x80, 0x00, 0x64, 0xbd, 0x63, 0x80, 0x59,
  0x80, 0x6c, 0x93, 0x80, 0x46, 0x80, 0x56, 0x80, 0x97, 0x80, 0x02, 0xa8, 0xbe, 0x00, 0x4f, 0x63, 0x80, 0x90, 0x6e, 0x80,
  0x53, 0x80, 0x6d, 0xa6, 0x80, 0xa4, 0x82, 0xc6, 0x80, 0x04, 0x67, 0xc2, 0x00, 0xd7, 0x80, 0x84, 0x80, 0xa6, 0x80, 0x1d,
  0x80, 0x08, 0xa1, 0x58, 0x2f, 0x4f, 0x50, 0x45, 0x4e, 0x20, 0x99, 0x8e, 0x64, 0x90, 0x86, 0x80, 0xff, 0x00, 0x80, 0xba,
  0x6b, 0x88, 0x77, 0x84, 0xaf, 0x80, 0xfe, 0x86, 0x80, 0xff, 0x00, 0x49, 0x84, 0xa1, 0x47, 0x45, 0x80, 0x32, 0x80, 0x61,
  0xcd, 0x80, 0x0b, 0x69, 0x66, 0x20, 0x44, 0x41, 0x54, 0x80, 0xc5, 0xa6, 0x6e, 0xe4, 0x6c, 0x80, 0x0b, 0x8f, 0x80, 0x02,
  0x80, 0x28, 0x44, 0x49, 0x43, 0x41, 0x54, 0x4f, 0x80, 0x62, 0x80, 0x88, 0x80, 0x21, 0xbe, 0x00, 0xd7, 0x80, 0xed, 0x4e,
  0x47, 0x54, 0x48, 0x20, 0xaf, 0x80, 0xfe, 0x86, 0x80, 0x88, 0x80, 0x84, 0x80, 0x82, 0x80, 0x02, 0xa7, 0x80, 0x1d, 0xa6,
  0x53, 0x51, 0x4c, 0x43, 0x48, 0x41, 0x52, 0x2e, 0x00, 0x42, 0x75, 0x66, 0x66, 0xa5, 0xa6, 0x80, 0x75, 0x73, 0x6d, 0x8d,
  0x6c, 0x2e, 0x00, 0x80, 0xf4, 0x80, 0x48, 0xff, 0x80, 0xca, 0x54, 0x59, 0x50, 0x45, 0x2e, 0x00, 0xd7, 0x80, 0xbf, 0x80,
  0xf8, 0x80, 0xdc, 0x53, 0x43, 0x52, 0x49, 0x42, 0x45, 0x80, 0xc9, 0x80, 0x8c, 0x87, 0xa6, 0x67, 0x8c, 0x89, 0xa5, 0x8f,
  0xe1, 0xa7, 0x80, 0x2c, 0x63, 0x89, 0x94, 0x80, 0x51, 0xc2, 0x00, 0x80, 0xc5, 0x64, 0xbd, 0x63, 0x80, 0x59, 0x80, 0x6c,
  0x93, 0x80, 0x22, 0xa7, 0x73, 0xfe, 0x80, 0x46, 0x80, 0x68, 0x80, 0x5b, 0xf7, 0x00, 0x80, 0x23, 0x80, 0xf9, 0x80, 0x46,
  0x93, 0x80, 0xf9, 0x80, 0xc8, 0x8b, 0x50, 0x80, 0x5d, 0x50, 0x41, 0x80, 0x5d, 0x44, 0x2e, 0x00, 0x80, 0x23, 0x80, 0xfb,
  0xf4, 0xa1, 0x80, 0xb1, 0x2d, 0x53, 0x43, 0x52, 0x4f, 0x4c, 0x4c, 0xfd, 0xb0, 0x73, 0x80, 0xfa, 0x00, 0x53, 0x51, 0x80,
  0x6b, 0x64, 0xbd, 0x63, 0x80, 0x59, 0x80, 0x6c, 0x93, 0x80, 0x46, 0xa6, 0x80, 0x75, 0xaa, 0x6e, 0x80, 0xc2, 0x20, 0x4c,
  0x80, 0x06, 0x80, 0xab, 0xa6, 0x31, 0x32, 0x38, 0x20, 0xd3, 0x90, 0xab, 0xd0, 0xf7, 0x00, 0x53, 0x74, 0x80, 0x39, 0xcd,
  0x2f, 0x80, 0x38, 0x73, 0x93, 0x80, 0x46, 0x80, 0x88, 0x62, 0xfc, 0x77, 0x65, 0x80, 0x02, 0x31, 0x20, 0xba, 0x31, 0x32,
  0x38, 0x20, 0xd3, 0x90, 0xab, 0xd0, 0xf7, 0x00, 0x4e, 0x80, 0x9a, 0x80, 0xf8, 0x80, 0xc4, 0x80, 0xfc, 0x80, 0xb3, 0x96,
  0x9d, 0x87, 0x80, 0x49, 0x80, 0xdf, 0x80, 0x91, 0x80, 0x45, 0x80, 0xed, 0x43, 0x80, 0x32, 0x6c, 0x80, 0x11, 0x2e, 0x00,
  0x49, 0x6c, 0x9d, 0x67, 0xdc, 0x80, 0xa6, 0x80, 0x1d, 0x80, 0xad, 0x86, 0x64, 0xb0, 0xc7, 0x80, 0xa6, 0xcf, 0x80, 0x1c,
  0x73, 0xca, 0xf7, 0x00, 0x41, 0xfd, 0xb0, 0x73, 0x93, 0x63, 0xe1, 0xdf, 0x80, 0x47, 0xe0, 0x64, 0x92, 0x80, 0x54, 0x8c,
  0x86, 0xf3, 0x99, 0x89, 0xda, 0x80, 0xde, 0x64, 0x79, 0x80, 0xb2, 0xda, 0x2e, 0x00, 0x80, 0x23, 0x80, 0xfb, 0xf4, 0x80,
  0x38, 0x73, 0x80, 0xfa, 0x00, 0x45, 0x78, 0x80, 0x5f, 0x80, 0x6c, 0x9b, 0x80, 0xbf, 0xa5, 0x80, 0xa4, 0x82, 0xc6, 0x62,
  0x80, 0x81, 0x64, 0xf7, 0x00, 0x80, 0xe1, 0x80, 0x1e, 0x81, 0x80, 0xc8, 0x80, 0xb5, 0x94, 0xfa, 0x80, 0xa4, 0x82, 0x4e,
  0x4c, 0x53, 0x20, 0x66, 0x80, 0x3d, 0xca, 0x8d, 0xbf, 0x80, 0x9c, 0x00, 0x80, 0xb4, 0x4e, 0x4c, 0x53, 0x20, 0x8b, 0x80,
  0x4d, 0x82, 0x28, 0x4c, 0x43, 0x5f, 0x43, 0x4f, 0x4c, 0x4c, 0x41, 0x80, 0x10, 0x20, 0x80, 0x88, 0x27, 0xa3, 0x27, 0x29,
  0x2e, 0x00, 0x4c, 0x41, 0x4e, 0x47, 0x80, 0xde, 0x4c, 0x43, 0x5f, 0x43, 0x4f, 0x4c, 0x4c, 0x41, 0x80, 0x10, 0x20, 0x95,
  0x80, 0xa7, 0x9a, 0x6e, 0x6d, 0xd5, 0x80, 0xb3, 0x80, 0x29, 0x8a, 0xb1, 0x69, 0xa9, 0x00, 0x80, 0xb4, 0x4e, 0x4c, 0x53,
  0x20, 0x8b, 0x80, 0x4d, 0x82, 0x28, 0x4c, 0x43, 0x5f, 0x43, 0x54, 0x59, 0x50, 0x45, 0x20, 0x80, 0x88, 0x27, 0xa3, 0x27,
  0x29, 0x2e, 0x00, 0x4c, 0x41, 0x4e, 0x47, 0x80, 0xde, 0x4c, 0x43, 0x5f, 0x43, 0x54, 0x59, 0x50, 0x45, 0x20, 0x95, 0x80,
  0xa7, 0x9a, 0x6e, 0x6d, 0xd5, 0x80, 0xb3, 0x80, 0x29, 0x8a, 0xb1, 0x69, 0xa9, 0x00, 0x4c, 0x41, 0x4e, 0x47, 0x80, 0xde,
  0x4c, 0x43, 0x5f, 0x4d, 0x80, 0x8e, 0x45, 0x54, 0x41, 0x52, 0x59, 0x20, 0x95, 0x80, 0xa7, 0x9a, 0x6e, 0x6d, 0xd5, 0x80,
  0xb3, 0x80, 0x29, 0x8a, 0xb1, 0x69, 0xa9, 0x00, 0x4c, 0x41, 0x4e, 0x47, 0x80, 0xde, 0x4c, 0x43, 0x5f, 0x4e, 0x55, 0x4d,
  0x45, 0x52, 0x49, 0x43, 0x20, 0x95, 0x80, 0xa7, 0x9a, 0x6e, 0x6d, 0xd5, 0x80, 0xb3, 0x80, 0x29, 0x8a, 0xb1, 0x69, 0xa9,
  0x00, 0x4c, 0x41, 0x4e, 0x47, 0x80, 0xde, 0x4c, 0x43, 0x5f, 0x54, 0x49, 0x4d, 0x45, 0x20, 0x95, 0x80, 0xa7, 0x9a, 0x6e,
  0x6d, 0xd5, 0x80, 0xb3, 0x80, 0x29, 0x8a, 0xb1, 0x69, 0xa9, 0x00, 0x42, 0x80, 0x73, 0x22, 0xbf, 0x6f, 0x78, 0x6d, 0x73,
  0x67, 0x22, 0x20, 0xaf, 0x80, 0x01, 0x20, 0x43, 0x68, 0x92, 0x80, 0x12, 0x8a, 0x99, 0x8d, 0x6c, 0x89, 0x80, 0x17, 0x00,
  0xd7, 0x80, 0xfb, 0x63, 0x61, 0xa8, 0xd2, 0xa1, 0x80, 0xe4, 0x80, 0xae, 0x81, 0xba, 0x80, 0xea, 0x94, 0xa7, 0x80, 0x42,
  0x80, 0x29, 0x6c, 0x80, 0x06, 0x80, 0xab, 0x28, 0x33, 0x32, 0x37, 0x36, 0x37, 0x29, 0x2e, 0x00, 0x43, 0x6c, 0x75, 0x99,
  0x83, 0x94, 0x80, 0x63, 0x20, 0xcc, 0x80, 0x68, 0x80, 0x5b, 0x87, 0x80, 0x3c, 0x80, 0x57, 0x00, 0xc8, 0x80, 0x33, 0x20,
  0xcc, 0xa6, 0x80, 0x68, 0x8b, 0x80, 0xcb, 0x75, 0x99, 0x83, 0xbe, 0x00, 0xac, 0x80, 0xcb, 0x75, 0x99, 0xa5, 0x80, 0x63,
  0x2e, 0x00, 0x54, 0x6f, 0xa0, 0x6d, 0x80, 0xf7, 0x80, 0xf0, 0x87, 0x80, 0x78, 0x6b, 0xbe, 0x00, 0xac, 0x80, 0x78, 0x80,
  0x12, 0xa1, 0x80, 0xa7, 0x65, 0x77, 0x2e, 0x00, 0x4e, 0x80, 0x9a, 0x80, 0xf8, 0x80, 0x8c, 0x87, 0x9e, 0x55, 0x50, 0x44,
  0x41, 0x80, 0x10, 0x20, 0x80, 0x49, 0x80, 0xdf, 0x80, 0x91, 0x80, 0xbf, 0x80, 0xf8, 0x56, 0x41, 0x4c, 0x55, 0x45, 0x53,
  0x2e, 0x00, 0x44, 0xa0, 0x8b, 0x80, 0xd7, 0x80, 0x67, 0x6d, 0x80, 0x31, 0x80, 0x6a, 0xba, 0xe6, 0xc3, 0x81, 0x8d, 0x80,
  0x20, 0x80, 0x8c, 0x73, 0x00, 0x43, 0xb0, 0x73, 0x93, 0xcc, 0x8b, 0x80, 0xad, 0xa9, 0x00, 0xac, 0x8c, 0x80, 0x46, 0xa1,
  0x80, 0x8d, 0x80, 0x19, 0x80, 0xeb, 0x80, 0x57, 0x00, 0xac, 0x8c, 0x80, 0x46, 0xa1, 0x80, 0x89, 0x80, 0xd6, 0x80, 0x8d,
  0x80, 0x19, 0x80, 0xeb, 0x80, 0x57, 0x00, 0xac, 0x80, 0x9e, 0x80, 0x99, 0x80, 0xb1, 0x79, 0x80, 0x94, 0xc1, 0x80, 0x8d,
  0x80, 0x19, 0x80, 0xeb, 0xf2, 0x80, 0x25, 0x00, 0xac, 0x80, 0x41, 0xea, 0x80, 0xca, 0x80, 0x99, 0x80, 0xe7, 0xfd, 0x89,
  0x8d, 0x6f, 0xb2, 0x80, 0x25, 0x00, 0x80, 0x66, 0x52, 0x65, 0x80, 0x7f, 0x95, 0x63, 0xd2, 0x70, 0x72, 0xf8, 0x80, 0x4e,
  0xc5, 0xf4, 0xa7, 0x80, 0xf6, 0x95, 0x63, 0x94, 0x80, 0x8c, 0xf7, 0x00, 0x53, 0x74, 0x80, 0x39, 0xd5, 0x8b, 0x80, 0x05,
  0x61, 0xfb, 0x80, 0x29, 0x80, 0x22, 0x80, 0xa5, 0x80, 0xa2, 0x80, 0x03, 0x80, 0x1c, 0x2e, 0x00, 0x4f, 0x6e, 0x80, 0x47,
  0xa1, 0x80, 0xb4, 0x41, 0xfd, 0xe1, 0x80, 0xb5, 0x65, 0x80, 0x0b, 0x80, 0x65, 0x80, 0x0b, 0x67, 0x80, 0x04, 0x74, 0x80,
  0x0b, 0x93, 0x8c, 0x76, 0x6f, 0x6b, 0x81, 0xc1, 0x61, 0x88, 0x8f, 0xa5, 0xa8, 0x83, 0x2e, 0x00, 0x43, 0xdf, 0x80, 0xef,
  0x82, 0x80, 0xa0, 0x80, 0x56, 0x80, 0x68, 0x80, 0x97, 0x80, 0x02, 0x80, 0x65, 0x70, 0xbe, 0x00, 0x53, 0x79, 0x80, 0xe7,
  0xc0, 0x93, 0x2d, 0x20, 0x80, 0x8d, 0x80, 0x19, 0x80, 0xeb, 0x6f, 0xee, 0x70, 0x75, 0x82, 0x80, 0x4b, 0x8b, 0x80, 0xb5,
  0x94, 0x79, 0xfc, 0x2e, 0x00, 0xd7, 0x80, 0x36, 0x74, 0xdc, 0x80, 0xae, 0x81, 0x80, 0xb7, 0x80, 0x63, 0x20, 0xa6, 0x80,
  0x75, 0x6c, 0xf5, 0x93, 0x80, 0x75, 0x6d, 0x80, 0xf7, 0x80, 0x50, 0x74, 0x87, 0x9e, 0x80, 0x63, 0x2e, 0x00, 0x43, 0x68,
  0xfb, 0x86, 0xcf, 0x80, 0xef, 0x82, 0x80, 0xa0, 0x8b, 0x80, 0xad, 0xa9, 0x00, 0xac, 0xe6, 0xc3, 0x81, 0x80, 0x89, 0xba,
  0xfb, 0x9d, 0x67, 0xdc, 0x80, 0x13, 0xc2, 0x00, 0xac, 0x80, 0xd5, 0x80, 0xa2, 0x74, 0x62, 0x6c, 0x80, 0x51, 0xc2, 0x00,
  0xac, 0x80, 0x78, 0x80, 0x12, 0x80, 0x99, 0x80, 0xe7, 0xfd, 0x89, 0x8d, 0x6f, 0xb2, 0x80, 0x25, 0x00, 0x54, 0x80, 0x29,
  0xcc, 0x8b, 0x80, 0x4d, 0x6c, 0xb6, 0x94, 0x9e, 0x80, 0x76, 0x80, 0x9c, 0x00, 0x43, 0xe1, 0xdf, 0x80, 0x47, 0x8c, 0x98,
  0x80, 0x1c, 0x80, 0x0b, 0x8c, 0x70, 0x61, 0x69, 0x72, 0x80, 0x0b, 0x80, 0xdd, 0xb5, 0x63, 0x80, 0x0c, 0x93, 0x80, 0x65,
  0x20, 0x80, 0x57, 0x00, 0x4c, 0x80, 0xa3, 0x80, 0x12, 0xf2, 0x63, 0xe1, 0xdf, 0x80, 0x47, 0xe0, 0xa8, 0x94, 0xfa, 0x80,
  0xd6, 0x80, 0xaa, 0x80, 0x17, 0x00, 0x46, 0x61, 0xfb, 0xb0, 0x81, 0xba, 0x73, 0x89, 0x80, 0x31, 0x80, 0xca, 0x80, 0xf6,
  0xcd, 0x69, 0xdc, 0xcf, 0x80, 0xef, 0x82, 0x80, 0xd0, 0x00, 0x55, 0x70, 0xc3, 0xd2, 0x80, 0x87, 0x8b, 0x80, 0x9b, 0xf4,
  0xa1, 0x73, 0x63, 0x9a, 0x80, 0xc3, 0xfd, 0xb0, 0x73, 0x80, 0xfa, 0x00, 0x4c, 0x80, 0xa3, 0x80, 0x12, 0x80, 0x41, 0x64,
  0x81, 0x80, 0x08, 0x80, 0x05, 0x61, 0xfb, 0x80, 0x29, 0xf4, 0x80, 0xa5, 0x80, 0x99, 0x80, 0xe7, 0x2e, 0x00, 0x4d, 0x61,
  0x78, 0x80, 0x06, 0xb4, 0x20, 0x6f, 0xee, 0x70, 0x75, 0x82, 0x80, 0xe4, 0x80, 0xae, 0x81, 0x28, 0x33, 0x32, 0x37, 0x36,
  0x37, 0x80, 0xd8, 0x80, 0xea, 0x80, 0x1a, 0xbe, 0x00, 0xac, 0x89, 0x74, 0xab, 0x80, 0xe5, 0xba, 0x80, 0xaa, 0x80, 0x17,
  0x00, 0x43, 0x68, 0x92, 0x80, 0x12, 0xcf, 0x80, 0xef, 0x82, 0xcc, 0x80, 0xec, 0x00, 0x44, 0xe6, 0x80, 0x60, 0x80, 0x0c,
  0x80, 0x89, 0xcc, 0x80, 0x5b, 0x87, 0x9e, 0x80, 0xa7, 0x65, 0x77, 0x2e, 0x00, 0xac, 0x8d, 0x80, 0x9f, 0x80, 0x8d, 0x80,
  0x19, 0x80, 0xeb, 0xf2, 0x80, 0x25, 0x00, 0x45, 0x78, 0x74, 0xd5, 0x80, 0xae, 0x81, 0x80, 0x75, 0x73, 0x6d, 0x8d, 0x6c,
  0x80, 0x0b, 0x6d, 0x8a, 0x80, 0x06, 0xb4, 0x20, 0x80, 0xae, 0x81, 0xa6, 0xa3, 0x6b, 0x2e, 0x00, 0xac, 0x80, 0xd5, 0x45,
  0x58, 0x50, 0x4c, 0x41, 0x80, 0x28, 0x20, 0x6f, 0xee, 0x70, 0x75, 0x82, 0xaf, 0x80, 0x01, 0x00, 0x41, 0x6c, 0x80, 0x64,
  0x9e, 0x80, 0xaa, 0x80, 0x17, 0x00, 0x4e, 0x80, 0x9a, 0x80, 0xf8, 0x80, 0x8c, 0x87, 0x9e, 0xd3, 0xfb, 0x86, 0xcf, 0x80,
  0xef, 0x82, 0x80, 0x49, 0x80, 0xdf, 0x80, 0x91, 0x80, 0xbf, 0x80, 0xf8, 0xdb, 0x87, 0x9e, 0x70, 0x61, 0x8c, 0x6e, 0x74,
  0x0a, 0xcf, 0x80, 0xef, 0x80, 0xb6, 0x00, 0x43, 0xdf, 0x80, 0xef, 0x82, 0x80, 0x89, 0x80, 0xa0, 0x8b, 0x80, 0xad, 0x86,
  0x9e, 0x80, 0x57, 0x00, 0x43, 0xb0, 0x73, 0x93, 0xcc, 0x80, 0x56, 0x80, 0x68, 0x80, 0x97, 0x80, 0x02, 0x64, 0x92, 0x80,
  0x54, 0x8c, 0xa9, 0x00, 0x80, 0xb4, 0x80, 0x10, 0x4d, 0x50, 0x20, 0x80, 0x75, 0xaa, 0x6e, 0x80, 0xc2, 0x00, 0x77, 0x72,
  0xbf, 0x81, 0x80, 0x26, 0xfb, 0x94, 0xf4, 0xcf, 0x80, 0xef, 0x74, 0xf7, 0x00, 0x80, 0xf4, 0x80, 0x49, 0x80, 0xd7, 0x41,
  0x4c, 0x80, 0x10, 0x80, 0x62, 0x70, 0x72, 0xf8, 0x80, 0x4e, 0x67, 0xc2, 0x00, 0xac, 0xff, 0x80, 0xca, 0xa1, 0x80, 0x89,
  0x6d, 0x85, 0x81, 0x8f, 0xe1, 0xdf, 0x80, 0x53, 0x80, 0xd6, 0xcf, 0x80, 0xef, 0x74, 0x80, 0x0b, 0x74, 0x80, 0x59, 0x80,
  0xf5, 0x83, 0x80, 0x0b, 0x93, 0x80, 0x63, 0x2e, 0x00, 0x45, 0x53, 0x43, 0x41, 0x50, 0x45, 0x20, 0xd3, 0x90, 0x80, 0x27,
  0xa5, 0x80, 0x88, 0xdf, 0x80, 0x47, 0xdf, 0x81, 0x62, 0x79, 0x74, 0xc2, 0x00, 0xac, 0x80, 0xd7, 0xeb, 0x67, 0x8c, 0x67,
  0x89, 0xd2, 0xfa, 0x9e, 0xeb, 0x67, 0x8c, 0x67, 0x89, 0x80, 0xaf, 0x00, 0x80, 0x66, 0x77, 0x72, 0xbf, 0x81, 0x80, 0x67,
  0x6d, 0x80, 0x31, 0x80, 0x6a, 0xc1, 0xf2, 0x80, 0xd0, 0x00, 0xac, 0x80, 0xd7, 0x80, 0xc4, 0x80, 0xfc, 0x80, 0xb3, 0x96,
  0x9d, 0x87, 0x80, 0x82, 0x80, 0x02, 0x80, 0xb5, 0xc7, 0xa1, 0x80, 0xa7, 0x80, 0xe3, 0x80, 0x25, 0x00, 0x4d, 0x80, 0x3b,
  0x9a, 0x80, 0xc3, 0x80, 0x2a, 0x77, 0x90, 0x86, 0x80, 0xa2, 0x80, 0x3c, 0x80, 0xe8, 0x85, 0x97, 0x80, 0x82, 0x83, 0x81,
  0xa7, 0x80, 0xa2, 0x69, 0xf7, 0x00, 0x80, 0x66, 0x80, 0xf6, 0xcd, 0x69, 0xdc, 0xcf, 0x80, 0xef, 0x82, 0x93, 0x74, 0x80,
  0x59, 0x80, 0xf5, 0xa5, 0x80, 0x9b, 0xf4, 0xa1, 0x80, 0x10, 0x4d, 0x50, 0x20, 0x80, 0x57, 0x00, 0x80, 0x6f, 0x6c, 0xb4,
  0x84, 0xcc, 0x9e, 0x55, 0x4e, 0x49, 0x51, 0x55, 0x45, 0x20, 0xcf, 0x80, 0xef, 0x82, 0x80, 0x08, 0xa1, 0x80, 0x89, 0x80,
  0x3c, 0x80, 0x57, 0x00, 0x54, 0x6f, 0x74, 0xdc, 0x6c, 0x95, 0x67, 0x8f, 0x20, 0xc6, 0x80, 0x8c, 0x87, 0x9e, 0xcf, 0x80,
  0xef, 0x82, 0xa6, 0x80, 0x75, 0xaa, 0x6e, 0x80, 0xc2, 0x00, 0xd7, 0xcf, 0x80, 0xef, 0x82, 0x80, 0x5a, 0x80, 0x6e, 0x87,
  0x80, 0x75, 0x6d, 0x80, 0xf7, 0x80, 0x8c, 0xf7, 0x00, 0x42, 0x80, 0xda, 0x20, 0x80, 0xc4, 0x80, 0xfc, 0x80, 0xb3, 0x96,
  0x9d, 0x87, 0x80, 0x87, 0xea, 0x73, 0x80, 0x9b, 0x9e, 0x6d, 0xe4, 0x74, 0x69, 0x2d, 0x80, 0xf9, 0x70, 0x8c, 0x70, 0x61,
  0x8c, 0xf7, 0x00, 0x4d, 0x6b, 0x64, 0x62, 0x73, 0xea, 0x72, 0x20, 0x8b, 0x80, 0xad, 0x86, 0x9e, 0x24, 0x80, 0x28, 0x46,
  0x4f, 0x52, 0x4d, 0x49, 0x58, 0x44, 0x49, 0x52, 0x2f, 0x62, 0x8a, 0x2e, 0x20, 0x43, 0xdf, 0x73, 0xe4, 0x82, 0x79, 0x80,
  0xd1, 0x20, 0x8a, 0x99, 0x8d, 0x6c, 0xef, 0x8a, 0x80, 0x3a, 0x75, 0xed, 0xca, 0xf7, 0x00, 0x53, 0x79, 0x6e, 0x74, 0x61,
  0x78, 0x20, 0xea, 0x73, 0x80, 0x9b, 0x9e, 0x80, 0xa5, 0x80, 0xa2, 0x80, 0x03, 0x80, 0x1c, 0x2e, 0x00, 0xac, 0x80, 0x1f,
  0xa1, 0x80, 0x4d, 0x6c, 0x80, 0x8b, 0x93, 0x80, 0xf7, 0x80, 0xb7, 0x80, 0xa2, 0x80, 0x61, 0xcd, 0x87, 0x80, 0xd6, 0x6d,
  0xe4, 0x74, 0x69, 0x2d, 0x80, 0x76, 0x97, 0x70, 0x8c, 0x70, 0x61, 0x8c, 0x2e, 0x00, 0xac, 0x80, 0xb5, 0x65, 0x80, 0x0b,
  0x80, 0x65, 0x80, 0x0b, 0x93, 0x80, 0x41, 0xea, 0x80, 0xca, 0xe1, 0x6f, 0xde, 0x80, 0x8b, 0x8f, 0x80, 0x93, 0xa6, 0xa4,
  0x80, 0xbb, 0xba, 0x80, 0x90, 0x6e, 0x82, 0x80, 0x3e, 0xc2, 0x00, 0xac, 0x80, 0x78, 0x80, 0x0c, 0xf2, 0x8f, 0x80, 0x93,
  0xa6, 0xa4, 0x80, 0xbb, 0xba, 0xa7, 0x80, 0x90, 0x6e, 0x82, 0x80, 0xa2, 0x61, 0x66, 0x80, 0x9f, 0x80, 0xa0, 0x9d, 0x76,
  0x80, 0xfe, 0x87, 0xbb, 0x0a, 0x80, 0x99, 0x80, 0xb1, 0x79, 0x80, 0x94, 0x80, 0xbe, 0x70, 0x70, 0x8a, 0x80, 0xc2, 0x00,
  0x43, 0x68, 0x8e, 0x67, 0x72, 0x70, 0x20, 0x8b, 0x80, 0xad, 0x86, 0x9e, 0x24, 0x80, 0x28, 0x46, 0x4f, 0x52, 0x4d, 0x49,
  0x58, 0x44, 0x49, 0x52, 0x2f, 0x62, 0x8a, 0x2e, 0x20, 0x43, 0xdf, 0x73, 0xe4, 0x82, 0x79, 0x80, 0xd1, 0x20, 0x8a, 0x99,
  0x8d, 0x6c, 0xef, 0x8a, 0x80, 0x3a, 0x75, 0xed, 0xca, 0xf7, 0x00, 0xac, 0x80, 0x9e, 0xa1, 0x80, 0x99, 0x80, 0xb1, 0x79,
  0x80, 0x94, 0xf4, 0x74, 0xe3, 0x20, 0xc6, 0x61, 0x88, 0x8f, 0xa5, 0x80, 0x99, 0x80, 0xb1, 0x79, 0x6d, 0x2e, 0x00, 0x53,
  0x79, 0x80, 0xb1, 0x79, 0x80, 0x94, 0x80, 0x22, 0xb8, 0xe9, 0x80, 0xa0, 0x8b, 0x80, 0xad, 0x86, 0x9e, 0x80, 0x99, 0x99,
  0x96, 0x9d, 0xf7, 0x00, 0x53, 0xb4, 0x87, 0x80, 0x3f, 0x80, 0x05, 0x83, 0xeb, 0xd2, 0x80, 0xe0, 0x80, 0xa8, 0xee, 0x94,
  0xf4, 0xc3, 0xfc, 0x80, 0x06, 0x81, 0x80, 0x13, 0x80, 0xaf, 0x00, 0x80, 0xe1, 0x80, 0x1e, 0x81, 0xcf, 0x80, 0x1c, 0x80,
  0x6a, 0x80, 0xec, 0x00, 0xac, 0xab, 0xe5, 0x69, 0x72, 0x81, 0xa4, 0x80, 0xcb, 0xa8, 0x80, 0xc6, 0x80, 0x78, 0x80, 0x12,
  0xc1, 0x80, 0xa2, 0xcf, 0x80, 0x1c, 0x73, 0x80, 0x17, 0x00, 0xac, 0x73, 0x85, 0x82, 0x80, 0xe4, 0xf7, 0x00, 0xac, 0x8c,
  0x80, 0x73, 0x73, 0x85, 0x74, 0x94, 0x80, 0xe4, 0xf7, 0x00, 0xac, 0x8a, 0xbf, 0x69, 0x80, 0x0c, 0x73, 0x85, 0x80, 0xb6,
  0x00, 0xac, 0x77, 0x72, 0xbf, 0x81, 0x73, 0x85, 0x74, 0x94, 0x80, 0xe4, 0xf7, 0x00, 0xac, 0x80, 0xf6, 0x95, 0x80, 0x53,
  0xe1, 0xa4, 0x80, 0xbb, 0x80, 0xa2, 0xfa, 0x80, 0xa4, 0x82, 0xaa, 0x80, 0xf5, 0x8a, 0x80, 0xc2, 0x00, 0xac, 0x80, 0xf6,
  0x95, 0x80, 0x53, 0xe1, 0xa4, 0x80, 0xbb, 0x80, 0xa2, 0x80, 0x22, 0xaa, 0x80, 0xf5, 0x8a, 0x80, 0xc2, 0x00, 0xac, 0x80,
  0xf6, 0x95, 0x80, 0x53, 0xe1, 0xa4, 0x80, 0xbb, 0x41, 0x4e, 0x53, 0x49, 0x20, 0x80, 0x3e, 0xc2, 0x00, 0xac, 0x80, 0xf6,
  0x95, 0x80, 0x53, 0xe1, 0xa4, 0x80, 0xbb, 0x80, 0xb1, 0x2d, 0x41, 0x4e, 0x53, 0x49, 0x20, 0x80, 0x3e, 0xc2, 0x00, 0xd7,
  0x80, 0x84, 0x77, 0x61, 0x80, 0xab, 0x64, 0xb0, 0xef, 0xa6, 0x80, 0x75, 0xaa, 0x6e, 0x80, 0xc2, 0x00, 0xac, 0x80, 0x4d,
  0x82, 0xaa, 0xb2, 0xba, 0x80, 0xf3, 0x66, 0x80, 0x7f, 0x94, 0x80, 0xd6, 0x80, 0x41, 0x64, 0x81, 0x41, 0x4e, 0x53, 0x49,
  0x20, 0x80, 0x3e, 0xc2, 0x00, 0x80, 0xc5, 0x73, 0x75, 0x62, 0x80, 0x76, 0x97, 0x80, 0x56, 0x8c, 0x74, 0xb0, 0x6e, 0x94,
  0x8b, 0xa4, 0x80, 0x27, 0x80, 0x47, 0xdf, 0x81, 0x80, 0x8c, 0x2e, 0x00, 0x80, 0xed, 0x4e, 0x47, 0x54, 0x48, 0x28, 0x80,
  0xd8, 0x8c, 0xe5, 0x69, 0x8c, 0x87, 0x80, 0x3a, 0xc7, 0x80, 0x1d, 0x80, 0x13, 0x80, 0xaf, 0x00, 0xac, 0xff, 0x80, 0xca,
  0x43, 0x80, 0x8e, 0x53, 0x54, 0x52, 0x41, 0x80, 0x28, 0x80, 0x32, 0x80, 0x46, 0xc1, 0x80, 0x10, 0x4d, 0x50, 0x20, 0x80,
  0x57, 0x00, 0x80, 0xc5, 0xcf, 0x80, 0xef, 0x82, 0x80, 0xb7, 0x73, 0xfe, 0x80, 0x1d, 0x80, 0x68, 0x80, 0x5b, 0x87, 0xf4,
  0xa7, 0x80, 0x89, 0x73, 0xfc, 0x2e, 0x00, 0x4f, 0x77, 0x6e, 0xa5, 0x80, 0x46, 0xa6, 0x80, 0x75, 0xaa, 0x6e, 0x80, 0xc2,
  0x00, 0x4e, 0x6f, 0x82, 0x6f, 0x77, 0x6e, 0x80, 0xf8, 0x80, 0x99, 0x80, 0xb1, 0x79, 0x6d, 0x2e, 0x00, 0xac, 0x8c, 0x76,
  0x6f, 0x6b, 0x81, 0x80, 0x67, 0x6d, 0x80, 0x31, 0x73, 0x80, 0x17, 0x00, 0x80, 0xb9, 0xaa, 0xd8, 0xc7, 0x6d, 0xbd, 0x73,
  0x80, 0x71, 0xaf, 0x80, 0x01, 0x00, 0x80, 0xe1, 0x80, 0x1e, 0x81, 0x80, 0x49, 0x80, 0xd7, 0xaa, 0x80, 0xf5, 0x8a, 0x80,
  0xc2, 0x00, 0x56, 0x69, 0x80, 0xe3, 0x80, 0x67, 0x6d, 0x80, 0x31, 0x73, 0xca, 0x87, 0x80, 0x87, 0x80, 0xe9, 0xaa, 0x6e,
  0x67, 0xa5, 0xb1, 0x69, 0xa9, 0x20, 0x00, 0xac, 0x8c, 0x80, 0x46, 0x80, 0x99, 0x80, 0xe7, 0xfd, 0x89, 0x8d, 0x6f, 0x80,
  0xc2, 0x00, 0xac, 0x8c, 0x80, 0x46, 0x80, 0x89, 0x9e, 0x80, 0x99, 0x80, 0xe7, 0xfd, 0x89, 0x8d, 0x6f, 0x80, 0xc2, 0x00,
  0x43, 0xb0, 0x73, 0x93, 0xa6, 0x80, 0x68, 0xe3, 0x95, 0x2e, 0x00, 0xac, 0xe2, 0x9d, 0x80, 0x98, 0x80, 0x4b, 0x80, 0x25,
  0x00, 0x80, 0x23, 0x80, 0xc4, 0x80, 0xfc, 0x80, 0xb3, 0x80, 0x29, 0x80, 0xbf, 0x83, 0x2e, 0x00, 0xac, 0xe6, 0xc3, 0x81,
  0x6d, 0xe4, 0x74, 0x69, 0x70, 0xa2, 0x80, 0xa2, 0x80, 0x03, 0x80, 0x1c, 0x87, 0xfa, 0x80, 0xd6, 0x73, 0x8a, 0x67, 0xa2,
  0x80, 0xaa, 0x80, 0x17, 0x00, 0x80, 0xdb, 0x80, 0xb0, 0x63, 0xab, 0x68, 0x81, 0x80, 0x95, 0x72, 0xe6, 0x74, 0xbe, 0x00,
  0x80, 0x23, 0xe2, 0x80, 0x26, 0xe4, 0x82, 0x80, 0x6d, 0xc1, 0x80, 0x8c, 0x2f, 0x80, 0xb3, 0x80, 0x29, 0x80, 0x25, 0x00,
  0xac, 0xff, 0x80, 0xca, 0x80, 0x89, 0xba, 0xe0, 0x8b, 0x6e, 0xe4, 0x80, 0x20, 0x80, 0x82, 0x80, 0x02, 0xa7, 0xe2, 0x80,
  0x26, 0xe4, 0x82, 0x80, 0x6d, 0xa6, 0x6e, 0xe4, 0x6c, 0x2e, 0x00, 0xac, 0xff, 0x80, 0xca, 0xe2, 0x80, 0x26, 0xe4, 0x82,
  0x80, 0x6d, 0xc1, 0x80, 0x45, 0x52, 0x49, 0x41, 0x80, 0x6b, 0x80, 0x8c, 0x2e, 0x00, 0xac, 0xff, 0x80, 0xca, 0x80, 0xb1,
  0x2d, 0x6e, 0xe4, 0x80, 0x20, 0xe2, 0x80, 0x26, 0xe4, 0x82, 0x80, 0x6d, 0xc1, 0x62, 0x80, 0xda, 0x20, 0x80, 0x8c, 0x2e,
  0x00, 0x42, 0x80, 0x73, 0x80, 0x1f, 0xc6, 0xeb, 0x67, 0x8c, 0x67, 0x80, 0x0c, 0x9e, 0x80, 0xa5, 0x80, 0x5a, 0xa4, 0x80,
  0xb6, 0x00, 0x42, 0x80, 0x73, 0x45, 0x58, 0x49, 0x54, 0x2f, 0x43, 0x80, 0x8e, 0x54, 0x80, 0x28, 0x55, 0x45, 0x20, 0x80,
  0x61, 0x80, 0xee, 0x20, 0x4e, 0x6f, 0x82, 0xfa, 0x80, 0xd6, 0x80, 0xa0, 0xaa, 0xe3, 0x2e, 0x00, 0x5b, 0xc8, 0x80, 0x55,
  0x8d, 0x5d, 0x20, 0x50, 0x8c, 0x80, 0xdf, 0xb0, 0x81, 0x45, 0x6e, 0x86, 0x4f, 0x66, 0x20, 0x42, 0x75, 0x66, 0x80, 0x7f,
  0x2e, 0x00, 0x42, 0x80, 0x73, 0x80, 0x38, 0x73, 0x93, 0x80, 0x46, 0x80, 0x25, 0x00, 0xac, 0x6d, 0x69, 0x78, 0x20, 0xc8,
  0x80, 0x4a, 0x69, 0x78, 0x20, 0x44, 0x79, 0x80, 0xb2, 0xda, 0x20, 0x53, 0x83, 0x80, 0xb8, 0x80, 0x99, 0x6e, 0x74, 0x61,
  0x78, 0x20, 0x80, 0x22, 0x80, 0x28, 0x46, 0x4f, 0x52, 0x4d, 0x49, 0x58, 0x2d, 0x80, 0x45, 0x20, 0x80, 0x99, 0x6e, 0x74,
  0x61, 0x78, 0x2e, 0x00, 0xac, 0x80, 0x9e, 0x62, 0x80, 0xda, 0x2e, 0x00, 0xac, 0xe2, 0x9d, 0x80, 0x98, 0x62, 0x80, 0xda,
  0x2e, 0x00, 0xac, 0x80, 0xd5, 0x62, 0x80, 0xda, 0x2e, 0x00, 0xac, 0x63, 0xaa, 0x73, 0x81, 0x62, 0x80, 0xda, 0x2e, 0x00,
  0xac, 0x8c, 0x80, 0x73, 0x62, 0x80, 0xda, 0x2e, 0x00, 0xac, 0x77, 0x72, 0xbf, 0x81, 0x62, 0x80, 0xda, 0x2e, 0x00, 0x80,
  0x23, 0x62, 0x80, 0xda, 0x20, 0x80, 0xa1, 0x80, 0xb2, 0xc2, 0x00, 0x54, 0xa4, 0x74, 0x2f, 0x42, 0x79, 0x80, 0x98, 0x73,
  0x75, 0x62, 0x73, 0x63, 0x80, 0x59, 0x70, 0x82, 0xb3, 0x80, 0xfa, 0x00, 0x49, 0x6c, 0x9d, 0x67, 0xdc, 0x89, 0x80, 0x8d,
  0x70, 0x82, 0xba, 0xcf, 0x80, 0x1c, 0x82, 0x54, 0xa4, 0x74, 0x2f, 0x42, 0x79, 0x80, 0x98, 0x62, 0x80, 0xda, 0x20, 0x80,
  0xff, 0x00, 0x49, 0x6c, 0x9d, 0x67, 0xdc, 0x89, 0x80, 0x8d, 0x70, 0x82, 0xba, 0x80, 0x1f, 0x54, 0xa4, 0x74, 0x2f, 0x42,
  0x79, 0x80, 0x98, 0x80, 0xc4, 0x80, 0xfc, 0x80, 0xb3, 0x96, 0x80, 0x01, 0x00, 0xc8, 0x80, 0x33, 0x20, 0x8b, 0x80, 0x9b,
  0xf4, 0x80, 0x10, 0x58, 0x80, 0x32, 0x93, 0x42, 0x59, 0x80, 0x10, 0x20, 0x80, 0x8c, 0xf7, 0x00, 0x53, 0x63, 0x9a, 0x80,
  0xc3, 0xfd, 0xb0, 0x73, 0x93, 0x63, 0x8e, 0x27, 0x82, 0x80, 0x4d, 0x6c, 0x80, 0x8b, 0x62, 0x80, 0xda, 0x20, 0x80, 0x8c,
  0xf7, 0x00, 0x42, 0x80, 0xda, 0x87, 0x80, 0x87, 0x8b, 0x80, 0x9b, 0x80, 0x3c, 0x22, 0x67, 0x9a, 0xe6, 0x20, 0x62, 0x79,
  0x22, 0xfd, 0x80, 0x54, 0xa8, 0xc2, 0x00, 0x42, 0x80, 0xda, 0x87, 0x80, 0x87, 0x8b, 0x80, 0x9b, 0x80, 0x3c, 0x22, 0xea,
  0x99, 0x8a, 0xed, 0x22, 0xfd, 0x80, 0x54, 0xa8, 0xc2, 0x00, 0x42, 0x80, 0xda, 0x87, 0x80, 0x87, 0x8b, 0x80, 0x9b, 0x80,
  0x3c, 0x22, 0x85, 0x64, 0xa5, 0x62, 0x79, 0x22, 0xfd, 0x80, 0x54, 0xa8, 0xc2, 0x00, 0x42, 0x80, 0xda, 0x87, 0x80, 0x87,
  0x8b, 0x80, 0x9b, 0x9e, 0x80, 0xa5, 0x80, 0x74, 0x80, 0x2e, 0x73, 0x80, 0x17, 0x00, 0x80, 0xc5, 0x62, 0x80, 0xda, 0x20,
  0x73, 0x75, 0x62, 0x73, 0x63, 0x80, 0x59, 0x70, 0x82, 0x80, 0x08, 0x80, 0x9b, 0xfa, 0x9e, 0x80, 0xa5, 0x80, 0x5a, 0xa4,
  0x80, 0xb6, 0x00, 0x80, 0xc5, 0x62, 0x80, 0xda, 0x20, 0x80, 0xa6, 0x80, 0x1d, 0x80, 0x88, 0x80, 0x4f, 0x70, 0x6c, 0x69,
  0x94, 0xfa, 0x9e, 0x80, 0xa5, 0x80, 0x5a, 0xa4, 0x80, 0xb6, 0x00, 0x80, 0xb9, 0x80, 0xa3, 0x80, 0x90, 0x86, 0x80, 0x82,
  0x80, 0xd9, 0x80, 0xdd, 0x79, 0xc7, 0xba, 0x98, 0x70, 0x97, 0x80, 0x10, 0x58, 0x80, 0x32, 0x93, 0x42, 0x59, 0x80, 0x10,
  0x20, 0xc3, 0x61, 0x2e, 0x00, 0x80, 0xc5, 0x62, 0x80, 0xda, 0xc0, 0x93, 0x80, 0x56, 0x80, 0xa3, 0x80, 0x90, 0x86, 0x80,
  0x3c, 0x80, 0xac, 0x6e, 0x74, 0x2d, 0x95, 0x86, 0x61, 0x70, 0x70, 0x80, 0x60, 0x89, 0x80, 0x17, 0x00, 0x80, 0xba, 0x80,
  0x29, 0xba, 0xe6, 0xc3, 0x81, 0x6e, 0xa4, 0x82, 0xa4, 0x74, 0xd5, 0x80, 0xae, 0xc2, 0x00, 0x80, 0xba, 0x80, 0x29, 0xba,
  0xe6, 0xc3, 0x81, 0x6e, 0x80, 0xe3, 0x80, 0x78, 0x80, 0x12, 0x9d, 0x76, 0x80, 0xfe, 0x2e, 0x00, 0x80, 0xb9, 0xf4, 0x80,
  0x78, 0x89, 0xc7, 0xcf, 0x80, 0xef, 0x82, 0x80, 0x63, 0x20, 0x80, 0x25, 0x00, 0x80, 0xba, 0x80, 0x29, 0xba, 0x80, 0x2f,
  0x86, 0x43, 0x80, 0x8e, 0x53, 0x54, 0x52, 0x41, 0x80, 0x28, 0x80, 0x32, 0x80, 0x25, 0x00, 0x80, 0xba, 0x80, 0x29, 0xba,
  0x80, 0x65, 0x20, 0x43, 0x80, 0x8e, 0x53, 0x54, 0x52, 0x41, 0x80, 0x28, 0x80, 0x32, 0x80, 0x25, 0x00, 0x43, 0xdf, 0x80,
  0xef, 0x82, 0x80, 0x46, 0xcc, 0x80, 0x68, 0x80, 0x5b, 0xf7, 0x00, 0xac, 0x6f, 0x62, 0x74, 0x61, 0x9e, 0x93, 0x80, 0x4d,
  0x82, 0x80, 0x03, 0x69, 0xdc, 0x80, 0x13, 0xc2, 0x00, 0xac, 0x70, 0x8c, 0x80, 0x50, 0x81, 0x98, 0x85, 0x64, 0x8a, 0x89,
  0x93, 0xc1, 0x74, 0x77, 0x6f, 0x2d, 0x70, 0x68, 0xb9, 0x81, 0x80, 0x37, 0x6d, 0xbf, 0x2e, 0x00, 0xac, 0x95, 0x86, 0x74,
  0x77, 0x6f, 0x2d, 0x70, 0x68, 0xb9, 0x81, 0x80, 0x37, 0x6d, 0x80, 0xab, 0x80, 0xaa, 0x9b, 0x80, 0x93, 0x98, 0x85, 0x64,
  0x8a, 0x89, 0x80, 0xfa, 0x00, 0xac, 0x95, 0x86, 0x68, 0x65, 0xb0, 0x80, 0x11, 0xda, 0x8d, 0x80, 0x47, 0x9a, 0x80, 0xc3,
  0x80, 0x5c, 0xab, 0x80, 0x12, 0x80, 0xaa, 0x80, 0x17, 0x00, 0xac, 0x70, 0x8c, 0x80, 0x50, 0x81, 0x80, 0xa2, 0x80, 0x03,
  0x80, 0xb8, 0x80, 0xa0, 0xc1, 0x80, 0x37, 0x6d, 0xbf, 0x2e, 0x00, 0xac, 0x80, 0x9e, 0xe3, 0x74, 0xda, 0xdc, 0x80, 0xcb,
  0x75, 0x99, 0xa5, 0xf4, 0x80, 0xb1, 0x2d, 0x62, 0x80, 0xda, 0x20, 0x80, 0x89, 0x80, 0x25, 0x00, 0xac, 0x80, 0x9e, 0xe3,
  0x74, 0xda, 0xdc, 0x80, 0xcb, 0x75, 0x99, 0x83, 0x2e, 0x00, 0xac, 0x80, 0x65, 0x20, 0xe3, 0x74, 0xda, 0xdc, 0x80, 0xcb,
  0x75, 0x99, 0x83, 0x2e, 0x00, 0x4f, 0xde, 0x80, 0x8b, 0x80, 0x49, 0x80, 0x5b, 0x2e, 0x00, 0x4e, 0x6f, 0x82, 0x6f, 0x77,
  0x6e, 0x80, 0xf8, 0x6f, 0xf6, 0x2e, 0x00, 0x54, 0x6f, 0x74, 0xdc, 0x80, 0xae, 0x81, 0xc6, 0x80, 0x85, 0x97, 0xaf, 0x80,
  0xfe, 0x64, 0x87, 0xa6, 0x80, 0x75, 0x6c, 0xf5, 0x93, 0x8f, 0x83, 0x81, 0x80, 0x87, 0x80, 0x75, 0x6d, 0x80, 0xf7, 0x80,
  0x85, 0x97, 0xaf, 0x80, 0xfe, 0x64, 0xf7, 0x00, 0xac, 0x8d, 0x80, 0x9f, 0xe3, 0x74, 0xda, 0xdc, 0x80, 0xcb, 0x75, 0x99,
  0x83, 0x2e, 0x00, 0xac, 0x80, 0xcb, 0x75, 0x99, 0xa5, 0x62, 0x80, 0xda, 0x20, 0x80, 0x8c, 0x87, 0xf4, 0x80, 0xb1, 0x2d,
  0xe3, 0x74, 0xda, 0xdc, 0x6d, 0x65, 0xea, 0x61, 0x2e, 0x00, 0xac, 0x80, 0xcb, 0x75, 0x99, 0xa5, 0x62, 0x80, 0xda, 0x20,
  0x80, 0x8c, 0x87, 0xf4, 0xea, 0x66, 0x80, 0x7f, 0xd5, 0xe3, 0x74, 0xda, 0xdc, 0x66, 0xbc, 0xfb, 0x69, 0x80, 0xaf, 0x00,
  0x51, 0x50, 0x6c, 0xe1, 0xb1, 0x69, 0x64, 0x80, 0x79, 0x80, 0x26, 0xfb, 0xb0, 0x81, 0x80, 0x25, 0x00, 0xac, 0x8c, 0x80,
  0x03, 0x76, 0x65, 0x2f, 0x8c, 0x9d, 0xb9, 0x81, 0x66, 0xbc, 0xfb, 0x97, 0xf4, 0x80, 0xb1, 0x2d, 0xe3, 0x74, 0xda, 0xdc,
  0x6d, 0x65, 0xea, 0x61, 0x2e, 0x00, 0x46, 0xbc, 0xfb, 0x97, 0x80, 0x46, 0x80, 0x88, 0xa1, 0xd3, 0x90, 0x80, 0x27, 0xa5,
  0x80, 0x3a, 0x8a, 0x80, 0xc2, 0x00, 0x56, 0x6f, 0x6c, 0xb4, 0x81, 0x80, 0x88, 0xa1, 0x80, 0xbf, 0x83, 0x2e, 0x00, 0x46,
  0xd6, 0x49, 0x4c, 0x59, 0x28, 0x29, 0x80, 0x0b, 0x56, 0x4f, 0x4c, 0x55, 0x4d, 0x45, 0x28, 0x29, 0x80, 0x0b, 0x80, 0x3f,
  0x80, 0xdc, 0x53, 0x43, 0x52, 0x28, 0x80, 0xd8, 0x8c, 0xe5, 0x69, 0x72, 0x81, 0x42, 0x80, 0x7b, 0x42, 0x20, 0x80, 0x89,
  0xf4, 0xe3, 0x74, 0xda, 0xdc, 0x6d, 0x65, 0xea, 0xb4, 0x2e, 0x00, 0xac, 0x8c, 0x80, 0x03, 0x76, 0x81, 0x76, 0x6f, 0x6c,
  0xb4, 0xc2, 0x00, 0xac, 0x8c, 0x9d, 0xb9, 0x81, 0x76, 0x6f, 0x6c, 0xb4, 0xc2, 0x00, 0x80, 0xb9, 0x65, 0x80, 0x13, 0x89,
  0xc7, 0x80, 0xdf, 0x80, 0xe5, 0x6c, 0x80, 0xd4, 0x72, 0x80, 0xeb, 0x66, 0x80, 0x3d, 0xca, 0x80, 0x25, 0x00, 0xac, 0x80,
  0xd5, 0x80, 0xdc, 0x42, 0x55, 0x47, 0x20, 0x80, 0x4b, 0xc1, 0x53, 0x50, 0x80, 0x6b, 0x9a, 0x80, 0xb0, 0x80, 0xdd, 0xab,
  0xc2, 0x00, 0xd7, 0xe2, 0x80, 0xf3, 0xb2, 0x80, 0x4b, 0x80, 0x46, 0x80, 0x88, 0xa1, 0x4e, 0x80, 0x8e, 0x2d, 0x4e, 0x55,
  0x4c, 0x80, 0x6b, 0x43, 0x48, 0x41, 0x80, 0x62, 0x93, 0x56, 0x41, 0x52, 0x43, 0x48, 0x41, 0x52, 0x2e, 0x00, 0x4d, 0x61,
  0x78, 0x80, 0x06, 0xb4, 0x20, 0x76, 0x90, 0xd3, 0x90, 0x20, 0x80, 0xae, 0x81, 0x80, 0x56, 0x80, 0x97, 0x80, 0x02, 0x80,
  0xea, 0x80, 0x1a, 0xbe, 0x00, 0x52, 0xbd, 0x83, 0x76, 0x94, 0x80, 0x89, 0x80, 0xae, 0x81, 0x3e, 0x20, 0x80, 0xbe, 0x78,
  0x80, 0x06, 0xb4, 0x20, 0x80, 0x89, 0x80, 0xae, 0x81, 0x28, 0x76, 0x90, 0xd3, 0x90, 0x29, 0x2e, 0x00, 0x4c, 0x80, 0xa3,
  0xdc, 0x80, 0xb3, 0x96, 0x9d, 0x87, 0x64, 0xa0, 0x8b, 0x80, 0x2c, 0x80, 0x0f, 0xe2, 0x80, 0x26, 0xe4, 0x82, 0x80, 0x13,
  0x80, 0xaf, 0x00, 0x56, 0x80, 0x86, 0x96, 0x9d, 0x87, 0x64, 0x92, 0x80, 0x54, 0x8c, 0x86, 0xf3, 0x4c, 0x49, 0x4b, 0x45,
  0xfd, 0x9f, 0xe0, 0x67, 0x80, 0xda, 0x8d, 0x2e, 0x00, 0x42, 0x80, 0x73, 0x80, 0x1f, 0xc6, 0x50, 0x52, 0x4f, 0x43, 0x45,
  0x44, 0x55, 0x80, 0x5d, 0x20, 0x64, 0x92, 0x6c, 0x90, 0xef, 0x80, 0xff, 0x00, 0x80, 0x5d, 0x54, 0x55, 0x52, 0x4e, 0x20,
  0x80, 0x6d, 0x98, 0xb5, 0x82, 0x80, 0x49, 0x80, 0xdf, 0x80, 0x91, 0x80, 0x16, 0x63, 0x80, 0x1a, 0xb0, 0x81, 0x64, 0x92,
  0x6c, 0x90, 0x89, 0x80, 0x17, 0x00, 0x80, 0xdb, 0x80, 0xb0, 0x80, 0x08, 0x64, 0x92, 0x80, 0x54, 0x8c, 0x86, 0xba, 0x8c,
  0x74, 0xb0, 0x84, 0x80, 0x13, 0x80, 0xaf, 0x00, 0xac, 0x80, 0x9e, 0xa1, 0x80, 0x16, 0x63, 0x80, 0x1a, 0xb0, 0x81, 0xfa,
  0x80, 0xd6, 0x80, 0x16, 0x63, 0x80, 0x1a, 0x75, 0x8c, 0x2e, 0x00, 0x56, 0x80, 0x86, 0x96, 0x9d, 0x87, 0x64, 0x92, 0x80,
  0x54, 0x8c, 0x86, 0xf3, 0x47, 0x80, 0x7b, 0x42, 0x41, 0x80, 0x6b, 0x8c, 0xe5, 0x69, 0x72, 0x81, 0xa1, 0xe2, 0x80, 0x26,
  0xe4, 0x82, 0x80, 0x13, 0xc2, 0x00, 0x80, 0x28, 0x54, 0x4f, 0x20, 0x80, 0x10, 0x4d, 0x50, 0x20, 0xf2, 0x8c, 0xe5, 0x69,
  0x8c, 0x86, 0xc1, 0x80, 0x45, 0x80, 0xed, 0x43, 0x80, 0x32, 0x80, 0x61, 0x80, 0xee, 0x00, 0x4c, 0x6f, 0xe3, 0x20, 0x80,
  0xb3, 0x96, 0x9d, 0xcc, 0x80, 0xe0, 0x80, 0x41, 0xea, 0xaf, 0xbe, 0x00, 0x4e, 0x80, 0x9a, 0x80, 0xf8, 0x80, 0xb3, 0x96,
  0x9d, 0x87, 0x80, 0x49, 0x80, 0xdf, 0x80, 0x91, 0x80, 0xbf, 0x80, 0xf8, 0x80, 0x13, 0xd2, 0x8c, 0x74, 0xb0, 0x6e, 0xbe,
  0x00, 0x4c, 0x6f, 0xe3, 0x20, 0x80, 0xb3, 0x96, 0x9d, 0xcc, 0x80, 0x84, 0x6d, 0x85, 0x81, 0x8f, 0xe1, 0xdf, 0x63, 0xc2,
  0x00, 0x59, 0x80, 0xa4, 0x20, 0x80, 0x87, 0xa8, 0xc7, 0x6d, 0x85, 0x81, 0x8f, 0xe1, 0xdf, 0x81, 0x80, 0x16, 0x63, 0x80,
  0x1a, 0x75, 0x8c, 0x2d, 0x63, 0x8d, 0x6c, 0xc7, 0x80, 0x99, 0x6e, 0x74, 0x61, 0x78, 0x20, 0xc1, 0x80, 0x16, 0x63, 0x80,
  0x1a, 0x75, 0x8c, 0x80, 0x25, 0x00, 0x57, 0x9a, 0x6e, 0xb2, 0x80, 0xbf, 0x80, 0xf8, 0x80, 0x96, 0xb4, 0xcd, 0x87, 0xba,
  0x80, 0x99, 0x80, 0xe7, 0x20, 0x66, 0x80, 0x3d, 0xca, 0x80, 0x25, 0x00, 0xc8, 0x80, 0x55, 0x8d, 0xc0, 0x93, 0xf4, 0x73,
  0xb7, 0x8e, 0x74, 0xda, 0x87, 0x2d, 0x20, 0x80, 0xd0, 0x00, 0x56, 0x80, 0x86, 0x96, 0x9d, 0xcc, 0x80, 0x88, 0x64, 0x92,
  0x80, 0x54, 0x8c, 0x86, 0x80, 0x28, 0x80, 0x10, 0x47, 0x45, 0x80, 0x62, 0x93, 0x53, 0x4d, 0x41, 0x4c, 0x4c, 0x80, 0x28,
  0x54, 0x2e, 0x00, 0x56, 0x80, 0x86, 0x96, 0x9d, 0xcc, 0x8b, 0x64, 0x92, 0x80, 0x54, 0x8c, 0xa9, 0x00, 0xd7, 0x80, 0x99,
  0x80, 0xe7, 0x20, 0x80, 0x37, 0x6d, 0x80, 0x3f, 0x80, 0xe0, 0xa4, 0x92, 0xee, 0x94, 0x93, 0x80, 0xab, 0xa4, 0xbf, 0x94,
  0x80, 0x22, 0xa1, 0x80, 0xb1, 0x2d, 0x7a, 0x83, 0xa0, 0x99, 0x89, 0xa8, 0x2e, 0x00, 0x56, 0x80, 0x86, 0x96, 0x9d, 0xcc,
  0x8c, 0x64, 0x92, 0x80, 0x54, 0x8c, 0xa9, 0x00, 0x56, 0x80, 0x86, 0x96, 0x9d, 0xcc, 0x64, 0x92, 0x80, 0x54, 0x8c, 0x86,
  0xf3, 0x80, 0x45, 0x52, 0x49, 0x41, 0x80, 0x6b, 0x80, 0xff, 0x00, 0x80, 0xdb, 0x80, 0xb0, 0x8a, 0x76, 0x80, 0xa3, 0x89,
  0xca, 0xcc, 0x80, 0x56, 0x64, 0xe6, 0x80, 0x60, 0x80, 0x0c, 0x80, 0x50, 0xbc, 0xfc, 0xa5, 0x80, 0xb2, 0xc2, 0x00, 0x80,
  0x23, 0x80, 0xa6, 0x80, 0x3a, 0x75, 0xed, 0xb0, 0x81, 0x80, 0x25, 0x00, 0x41, 0x88, 0x8f, 0xa5, 0x9a, 0x80, 0xb0, 0xcc,
  0x80, 0x22, 0x73, 0xfe, 0x73, 0x69, 0x67, 0x6e, 0x89, 0xb0, 0x81, 0x80, 0x68, 0x80, 0x5b, 0x87, 0x9e, 0x80, 0x3e, 0xc2,
  0x00, 0x80, 0xdb, 0x80, 0xb0, 0xcc, 0x63, 0xe1, 0x8b, 0xe0, 0x80, 0x2e, 0x6f, 0x6c, 0x76, 0xbe, 0x20, 0x00, 0x49, 0x6c,
  0x9d, 0x67, 0xdc, 0x53, 0x51, 0x80, 0x6b, 0x80, 0xf9, 0x9e, 0x53, 0x50, 0x80, 0x6b, 0x9a, 0xee, 0x8a, 0xc2, 0x00, 0x80,
  0x23, 0xd3, 0x92, 0x80, 0x12, 0xcf, 0x80, 0xef, 0x82, 0x80, 0x8c, 0x2e, 0x00, 0x43, 0x68, 0x92, 0x80, 0x12, 0xcf, 0x80,
  0xef, 0x82, 0x80, 0x70, 0x80, 0x5a, 0x61, 0x9e, 0x73, 0x75, 0x62, 0x80, 0x76, 0x69, 0xd2, 0x93, 0x80, 0x16, 0x63, 0x80,
  0x1a, 0x75, 0x8c, 0xf7, 0x00, 0x80, 0x23, 0x73, 0x75, 0x62, 0x73, 0x63, 0x80, 0x59, 0x70, 0x82, 0xc1, 0x80, 0x89, 0xcc,
  0x9e, 0xd3, 0x92, 0x80, 0x12, 0xcf, 0x80, 0xef, 0x80, 0xb6, 0x00, 0xac, 0x8c, 0x80, 0x73, 0xcf, 0x80, 0xef, 0x82, 0x76,
  0x91, 0x6c, 0xef, 0x80, 0xa6, 0xc1, 0xcf, 0x80, 0xef, 0x82, 0x80, 0x25, 0x00, 0xac, 0x77, 0x72, 0xbf, 0x81, 0xcf, 0x80,
  0xef, 0x82, 0x76, 0x91, 0x6c, 0xef, 0x80, 0xa6, 0xc1, 0xcf, 0x80, 0xef, 0x82, 0x80, 0x25, 0x00, 0x80, 0x6f, 0x6c, 0xb4,
  0x84, 0x80, 0x84, 0x6d, 0x85, 0x81, 0x8f, 0xe1, 0xdf, 0x80, 0x53, 0x80, 0x3c, 0x80, 0x28, 0x80, 0x45, 0x52, 0x80, 0x32,
  0x6c, 0x80, 0x11, 0x2e, 0x00, 0x80, 0xb9, 0x80, 0x43, 0xc7, 0xcf, 0x80, 0xef, 0x82, 0x80, 0x63, 0x20, 0xf4, 0xf2, 0x80,
  0x25, 0x00, 0x53, 0x70, 0xf1, 0xaf, 0x94, 0x53, 0x80, 0x10, 0x50, 0x20, 0x80, 0x74, 0x80, 0x2e, 0x80, 0x6a, 0xf0, 0x6c,
  0x80, 0x20, 0x8b, 0x80, 0xdd, 0x80, 0x05, 0x83, 0x73, 0x81, 0x52, 0x41, 0x4e, 0x47, 0x45, 0x2e, 0x00, 0x46, 0x80, 0x7d,
  0xcc, 0x8c, 0x74, 0xb0, 0x6e, 0x87, 0x80, 0x75, 0x6d, 0x80, 0xf7, 0x80, 0x13, 0x80, 0xaf, 0x00, 0x46, 0x80, 0x7d, 0xcc,
  0x8c, 0x74, 0xb0, 0x6e, 0x87, 0x80, 0x75, 0x66, 0x80, 0xe3, 0x80, 0x13, 0x80, 0xaf, 0x00, 0x46, 0x80, 0x7d, 0xcc, 0x80,
  0x56, 0x8c, 0x74, 0xb0, 0x6e, 0x94, 0x6d, 0x85, 0x81, 0x8f, 0xe1, 0xdf, 0x81, 0x80, 0xe4, 0x2e, 0x00, 0x53, 0x65, 0x82,
  0xe2, 0x80, 0xf3, 0xb2, 0x80, 0x4b, 0x80, 0x97, 0x80, 0x2a, 0x81, 0x80, 0xdd, 0xab, 0xc7, 0x53, 0x50, 0x80, 0x6b, 0x9a,
  0xee, 0x8a, 0x80, 0xaf, 0x00, 0x56, 0x80, 0x86, 0x96, 0x9d, 0xcc, 0x80, 0x88, 0x64, 0x92, 0x80, 0x54, 0x8c, 0x86, 0x43,
  0x48, 0x41, 0x80, 0x62, 0x93, 0x56, 0x41, 0x52, 0x43, 0x48, 0x41, 0x52, 0x2e, 0x00, 0x47, 0x80, 0xda, 0xdc, 0x80, 0xb3,
  0x96, 0x9d, 0xcc, 0x64, 0x92, 0x80, 0x54, 0x8c, 0x86, 0x8a, 0xcf, 0x73, 0x80, 0x11, 0xcd, 0x6c, 0x80, 0x9c, 0x00, 0xac,
  0x8c, 0x80, 0x73, 0x80, 0x85, 0x79, 0x87, 0x80, 0xcc, 0x80, 0xf6, 0x95, 0x63, 0xc7, 0xf2, 0x80, 0x25, 0x00, 0x4d, 0x80,
  0x31, 0x73, 0xc7, 0x80, 0x85, 0x97, 0x9e, 0x80, 0xf6, 0x95, 0x63, 0x94, 0xf2, 0xc1, 0x80, 0xf6, 0xcd, 0x69, 0xdc, 0xcf,
  0x80, 0xef, 0x82, 0x80, 0x25, 0x00, 0x4b, 0x65, 0x97, 0x80, 0x6d, 0xc1, 0xcf, 0x80, 0xef, 0x82, 0xcc, 0xa6, 0x99, 0xfb,
  0x80, 0x20, 0x80, 0x97, 0xc7, 0x80, 0xf6, 0x95, 0x63, 0xbe, 0x00, 0x53, 0x79, 0x80, 0xe7, 0x20, 0x80, 0x37, 0x6d, 0x80,
  0x3f, 0x80, 0x74, 0xb6, 0x87, 0xa1, 0x80, 0xb1, 0x2d, 0x6e, 0xe4, 0x80, 0x20, 0x80, 0x13, 0xc2, 0x00, 0x54, 0x6f, 0xa0,
  0x6d, 0x80, 0xf7, 0x80, 0x96, 0xb4, 0xcd, 0x87, 0x70, 0xb9, 0x73, 0x94, 0xba, 0x80, 0x16, 0x63, 0x80, 0x1a, 0xb0, 0x81,
  0x80, 0x25, 0x00, 0x41, 0x72, 0x67, 0xb4, 0xd5, 0x80, 0x08, 0xa1, 0x80, 0x50, 0xbc, 0xfc, 0x80, 0xf8, 0x80, 0x16, 0x63,
  0x80, 0x1a, 0xb0, 0x81, 0x80, 0x25, 0x00, 0x56, 0x80, 0x86, 0x80, 0x29, 0xcc, 0x80, 0x56, 0xb5, 0x80, 0x7c, 0x94, 0x80,
  0x13, 0xc2, 0x00, 0x53, 0x80, 0x10, 0x50, 0x20, 0x80, 0x74, 0x80, 0x2e, 0x80, 0x6a, 0x65, 0x80, 0x13, 0x89, 0x94, 0xba,
  0x5a, 0x45, 0x52, 0x4f, 0x2e, 0x00, 0xc8, 0xcf, 0x73, 0x80, 0x11, 0xd5, 0x80, 0xaa, 0x80, 0x17, 0x20, 0x4e, 0x80, 0x9a,
  0xa5, 0x80, 0x3f, 0x80, 0xb2, 0xd2, 0xc6, 0x80, 0x03, 0x80, 0x1c, 0x87, 0x9a, 0x80, 0xc3, 0x80, 0x5c, 0xab, 0x80, 0x12,
  0x2d, 0x20, 0x80, 0xd0, 0x00, 0x54, 0x80, 0x83, 0x9b, 0x68, 0x65, 0xb0, 0x80, 0x11, 0xda, 0x8d, 0x80, 0x47, 0x9a, 0x80,
  0xc3, 0x80, 0x5c, 0xab, 0x6b, 0x2e, 0x00, 0x53, 0x74, 0x80, 0x39, 0xd5, 0xa6, 0x8a, 0x80, 0x00, 0xfa, 0x80, 0xd6, 0x67,
  0x80, 0xda, 0xdc, 0x80, 0xaa, 0x80, 0x17, 0x00, 0x53, 0x74, 0x80, 0x39, 0xd5, 0xa6, 0x8a, 0x80, 0x00, 0xfa, 0x80, 0x3c,
  0x58, 0x80, 0xc5, 0x95, 0x80, 0xa7, 0x9a, 0x6e, 0x6d, 0x80, 0xee, 0x00, 0xac, 0x80, 0xd5, 0x80, 0xa2, 0x9e, 0xa4, 0x80,
  0xcb, 0xa8, 0x80, 0xc6, 0x80, 0x41, 0x64, 0xc2, 0x00, 0x50, 0x80, 0x59, 0xe7, 0x97, 0x80, 0x85, 0x97, 0xf4, 0xf2, 0xcc,
  0x80, 0x56, 0xa1, 0xaf, 0x80, 0xfe, 0x86, 0x80, 0x22, 0xa1, 0x6e, 0xe4, 0x80, 0x20, 0x80, 0x85, 0x97, 0x80, 0x13, 0xc2,
  0x00, 0x50, 0x80, 0x59, 0xe7, 0x97, 0x80, 0x85, 0x97, 0x80, 0x68, 0x80, 0x5b, 0x87, 0xf4, 0xa7, 0x80, 0x57, 0x00, 0xac,
  0x80, 0x65, 0x2f, 0x80, 0x41, 0xea, 0x80, 0xca, 0x80, 0x16, 0x63, 0x80, 0x1a, 0xb0, 0x81, 0x80, 0x25, 0x20, 0x49, 0x82,
  0xa6, 0x80, 0x90, 0x6e, 0x74, 0x80, 0x47, 0x9e, 0xa8, 0xc2, 0x00, 0x45, 0x78, 0x92, 0xee, 0x81, 0x70, 0x72, 0xf8, 0x80,
  0x4e, 0xc5, 0x64, 0x95, 0x69, 0x94, 0xf4, 0x80, 0x16, 0x63, 0x80, 0x1a, 0xb0, 0x81, 0x80, 0x25, 0x00, 0x42, 0x80, 0xda,
  0x20, 0x80, 0x8c, 0x87, 0x9e, 0xe3, 0x74, 0xda, 0xdc, 0x80, 0xcb, 0x75, 0x99, 0xa5, 0x80, 0x88, 0xea, 0x99, 0x8a, 0xed,
  0x2e, 0x00, 0x4f, 0x80, 0x6c, 0xda, 0xdc, 0x80, 0xcb, 0x75, 0x99, 0xa5, 0xcc, 0x80, 0x68, 0x80, 0x5b, 0xf7, 0x00, 0x42,
  0x80, 0xda, 0x20, 0x80, 0x89, 0xcc, 0xa6, 0x80, 0x68, 0x80, 0xcb, 0x75, 0x99, 0x83, 0xbe, 0x00, 0x54, 0x80, 0x29, 0xcc,
  0x80, 0x56, 0x80, 0x97, 0x80, 0x02, 0x80, 0x65, 0x70, 0x80, 0x1a, 0x80, 0x0b, 0x8d, 0xd0, 0x94, 0x93, 0x8c, 0x80, 0xb2,
  0xbe, 0x00, 0xac, 0x8a, 0x80, 0x03, 0x82, 0x95, 0x98, 0x64, 0x94, 0x42, 0x80, 0x7b, 0x42, 0x20, 0x64, 0xbd, 0x63, 0x80,
  0x59, 0x80, 0x6c, 0x80, 0xfa, 0x00, 0xac, 0x8a, 0x80, 0x03, 0x82, 0x95, 0x98, 0x64, 0x94, 0x42, 0x80, 0x7b, 0x42, 0x20,
  0x64, 0xbd, 0x63, 0x80, 0x59, 0x80, 0x6c, 0x93, 0x9e, 0x80, 0xb1, 0x2d, 0xe3, 0x74, 0xda, 0xdc, 0x42, 0x80, 0x7b, 0x42,
  0x20, 0x80, 0x8c, 0xf7, 0x00, 0xac, 0x64, 0x92, 0x6f, 0x64, 0x81, 0x95, 0x98, 0x64, 0x94, 0x42, 0x80, 0x7b, 0x42, 0x20,
  0x64, 0xbd, 0x63, 0x80, 0x59, 0x80, 0x6c, 0x80, 0xfa, 0x00, 0xac, 0x95, 0x98, 0x64, 0x81, 0x42, 0x80, 0x7b, 0x42, 0x20,
  0x64, 0xbd, 0x63, 0x80, 0x59, 0x80, 0x6c, 0x80, 0xfa, 0x00, 0x54, 0x80, 0x83, 0x9b, 0x99, 0x80, 0x0c, 0xb3, 0x80, 0xfa,
  0x00, 0x50, 0x6f, 0x73, 0x73, 0x80, 0xd4, 0xa2, 0x8a, 0xcf, 0x73, 0x80, 0x11, 0xd5, 0x80, 0xaa, 0x80, 0x17, 0x20, 0x80,
  0xba, 0x6b, 0x88, 0x77, 0x84, 0x80, 0x03, 0x80, 0x1c, 0x87, 0x80, 0x87, 0x80, 0xd0, 0x00, 0x80, 0x23, 0x80, 0x96, 0xb4,
  0xd5, 0x70, 0xb9, 0x73, 0x94, 0xba, 0x80, 0x99, 0x80, 0xe7, 0x20, 0x66, 0x80, 0x3d, 0xca, 0x80, 0x25, 0x00, 0x53, 0x74,
  0x80, 0x39, 0xd5, 0xa6, 0x8a, 0x80, 0x00, 0x80, 0x82, 0x80, 0xd9, 0xa1, 0x67, 0x80, 0xda, 0xdc, 0x80, 0xaa, 0x9b, 0xa6,
  0x73, 0xa8, 0x70, 0x95, 0x64, 0xbe, 0x00, 0x4c, 0x6f, 0xe3, 0x20, 0x80, 0xb3, 0x96, 0x9d, 0xcc, 0x80, 0xe0, 0x64, 0x92,
  0x80, 0x54, 0x8c, 0x86, 0x47, 0x80, 0x7b, 0x42, 0x41, 0x4c, 0x2e, 0x00, 0xd7, 0x80, 0xbf, 0x80, 0xf8, 0x8c, 0x74, 0xb0,
  0x6e, 0x94, 0x80, 0x13, 0xd2, 0x80, 0x3f, 0xc6, 0x53, 0x50, 0x80, 0x6b, 0x80, 0xb3, 0x96, 0x9d, 0x87, 0x64, 0xa0, 0x8b,
  0x80, 0xdf, 0xd3, 0x2e, 0x00, 0x53, 0x50, 0x80, 0x6b, 0x9a, 0xee, 0x8a, 0x65, 0xcc, 0xa6, 0x80, 0xe9, 0xaa, 0x6e, 0x67,
  0xa5, 0xb1, 0x69, 0xa9, 0x00, 0x4f, 0x75, 0x82, 0xc6, 0x99, 0xab, 0x80, 0x12, 0x80, 0x51, 0xc2, 0x00, 0xac, 0xea, 0x73,
  0x80, 0x29, 0xaa, 0x80, 0xf5, 0xc7, 0x9e, 0xe1, 0x41, 0x4e, 0x53, 0x49, 0x2d, 0x80, 0xa8, 0x6c, 0x69, 0x8e, 0x82, 0x80,
  0x3e, 0xc2, 0x00, 0x80, 0xc5, 0x80, 0x99, 0x80, 0xe7, 0x20, 0x8a, 0xbf, 0x69, 0x8d, 0x80, 0x2b, 0xef, 0x80, 0x4b, 0xa6,
  0x6d, 0x80, 0x31, 0x73, 0xc7, 0x80, 0x3c, 0x80, 0x03, 0x80, 0xb8, 0x8a, 0x99, 0x8d, 0x6c, 0xef, 0x80, 0xe8, 0x85, 0x80,
  0x9c, 0x00, 0x41, 0x84, 0xb3, 0x93, 0x80, 0xa3, 0x80, 0x90, 0x86, 0x80, 0x82, 0x80, 0xd9, 0x80, 0x43, 0xc7, 0xa1, 0x80,
  0x99, 0x80, 0xe7, 0x20, 0x8a, 0xbf, 0x69, 0x8d, 0x80, 0x2b, 0xef, 0x80, 0x4b, 0x80, 0x3c, 0x80, 0x03, 0x80, 0x1c, 0x0a,
  0x8a, 0x99, 0x8d, 0x6c, 0xef, 0x80, 0xe8, 0x85, 0x80, 0x9c, 0x00, 0x46, 0x69, 0x72, 0x80, 0xfc, 0x80, 0x96, 0xb4, 0xd5,
  0xba, 0x64, 0x62, 0x8a, 0x66, 0x6f, 0x28, 0x80, 0xd8, 0x80, 0x88, 0xa1, 0xe5, 0x6f, 0x74, 0x94, 0x80, 0x3a, 0xc7, 0xcf,
  0x99, 0x8e, 0x80, 0xb6, 0x00, 0x80, 0x23, 0x93, 0x4e, 0x55, 0x4c, 0x80, 0x6b, 0x54, 0x42, 0x4c, 0x80, 0xa1, 0x80, 0xbf,
  0xa5, 0x67, 0xf8, 0x80, 0x02, 0xba, 0x64, 0x62, 0x8a, 0x66, 0x6f, 0x28, 0x64, 0x62, 0x80, 0x51, 0x65, 0x29, 0x2e, 0x00,
  0x80, 0xba, 0x6b, 0x88, 0x77, 0x84, 0xaf, 0x72, 0x80, 0xfc, 0x80, 0x96, 0xb4, 0xd5, 0xc6, 0x64, 0x62, 0x8a, 0x66, 0x6f,
  0x80, 0x25, 0x00, 0x54, 0x80, 0x59, 0x80, 0xf5, 0xa5, 0x80, 0x56, 0x80, 0xe9, 0x74, 0x80, 0x59, 0x80, 0xf5, 0x83, 0x94,
  0x80, 0x27, 0x80, 0x17, 0x00, 0xac, 0xff, 0x80, 0xca, 0x80, 0x5d, 0x46, 0x45, 0x80, 0x5d, 0x4e, 0x43, 0x80, 0x28, 0x47,
  0x20, 0x69, 0x66, 0x20, 0x74, 0x80, 0x59, 0x80, 0xf5, 0xa5, 0x80, 0x49, 0x80, 0xd7, 0x46, 0x4f, 0x80, 0x62, 0x45, 0x41,
  0x43, 0x48, 0x20, 0x52, 0x4f, 0x57, 0x2e, 0x00, 0x80, 0x23, 0x80, 0x1f, 0xc6, 0x80, 0x89, 0x80, 0xf6, 0x95, 0x80, 0x53,
  0x9e, 0x74, 0x80, 0x59, 0x80, 0xf5, 0xa5, 0x62, 0x6f, 0x64, 0x80, 0x9c, 0x00, 0xc8, 0x80, 0x95, 0x8c, 0x63, 0x82, 0x80,
  0x1f, 0xc6, 0x6f, 0x6c, 0x86, 0x93, 0x6e, 0x80, 0xe3, 0x80, 0x13, 0xd2, 0x80, 0x95, 0x8c, 0x6c, 0xef, 0x80, 0x46, 0x8a,
  0x73, 0x69, 0x64, 0x81, 0x74, 0x80, 0x59, 0x80, 0xf5, 0x83, 0x2e, 0x00, 0xac, 0x80, 0xf6, 0x95, 0x80, 0x53, 0x80, 0x16,
  0x63, 0x80, 0x1a, 0xb0, 0x81, 0x80, 0xb3, 0x80, 0x29, 0x9e, 0x80, 0xa0, 0x80, 0x61, 0x80, 0xee, 0x00, 0x4f, 0xde, 0x80,
  0x8b, 0x80, 0x46, 0x80, 0xdf, 0xd3, 0xd2, 0x6f, 0x6c, 0x86, 0x93, 0x6e, 0x80, 0xe3, 0x80, 0x13, 0xd2, 0x80, 0x95, 0x8c,
  0x6c, 0xef, 0x80, 0xb2, 0xc2, 0x00, 0xac, 0x80, 0xf6, 0x95, 0x80, 0x53, 0xf2, 0x8f, 0x80, 0x93, 0x80, 0x50, 0x74, 0xda,
  0x69, 0x70, 0x89, 0xd2, 0x9e, 0x63, 0xb9, 0x63, 0xd8, 0x94, 0xe2, 0x9d, 0x74, 0xc2, 0x00, 0x52, 0xbd, 0x6f, 0x6c, 0xee,
  0x9b, 0x93, 0x53, 0xbc, 0x70, 0x6c, 0xc7, 0x80, 0xae, 0x81, 0x80, 0x87, 0x8b, 0x6d, 0x65, 0x8e, 0x8a, 0x67, 0x66, 0xe4,
  0x20, 0xc1, 0x80, 0x7b, 0x57, 0x20, 0x80, 0x41, 0x64, 0xc2, 0x00, 0x43, 0xdf, 0xaf, 0x64, 0x95, 0x80, 0x53, 0x93, 0x53,
  0xbc, 0x70, 0x6c, 0xc7, 0x80, 0xae, 0x81, 0x80, 0x87, 0x8b, 0x6d, 0x65, 0x8e, 0x8a, 0x67, 0x66, 0xe4, 0x20, 0xc1, 0x48,
  0x49, 0x47, 0x48, 0x20, 0x80, 0x41, 0x64, 0xc2, 0x00, 0x44, 0x52, 0x4f, 0x50, 0x20, 0x44, 0xdd, 0x54, 0x52, 0x49, 0x42,
  0x55, 0x54, 0x49, 0x80, 0x8e, 0x53, 0x20, 0xa6, 0xdf, 0x80, 0x47, 0x80, 0x00, 0x9e, 0x80, 0x7b, 0x57, 0x20, 0x80, 0x41,
  0x64, 0xc2, 0x00, 0x43, 0xdf, 0xaf, 0x64, 0x95, 0x80, 0x53, 0x80, 0x88, 0x80, 0x3c, 0x80, 0x04, 0xc5, 0x5b, 0x30, 0x2e,
  0x38, 0x30, 0x80, 0x0b, 0x30, 0x2e, 0x39, 0x39, 0x5d, 0x20, 0x28, 0x8a, 0x80, 0xcb, 0xa8, 0xf8, 0x65, 0x29, 0x2e, 0x00,
  0x52, 0xbd, 0x6f, 0x6c, 0xee, 0x9b, 0x80, 0x88, 0x67, 0x8c, 0x89, 0xa5, 0x8f, 0xe1, 0x30, 0x2e, 0x30, 0x30, 0x35, 0x20,
  0x80, 0x3f, 0x9d, 0x73, 0x87, 0x8f, 0x8e, 0x80, 0x0b, 0x93, 0x65, 0xe5, 0xdc, 0x80, 0x36, 0x80, 0x0b, 0x31, 0x30, 0x2e,
  0x30, 0x2e, 0x00, 0x54, 0x80, 0x59, 0x80, 0xf5, 0xa5, 0xc1, 0xa7, 0x73, 0xfe, 0x65, 0x76, 0xd5, 0x80, 0x68, 0x80, 0x5b,
  0xf7, 0x00, 0x54, 0x80, 0x59, 0x80, 0xf5, 0xa5, 0x80, 0x3f, 0x80, 0xf6, 0xcd, 0x69, 0xdc, 0xcf, 0x80, 0xef, 0x82, 0x80,
  0x70, 0x98, 0x2d, 0x80, 0x5b, 0x2e, 0x00, 0x4f, 0xde, 0x80, 0x8b, 0xcc, 0x80, 0x68, 0x80, 0x5b, 0x87, 0x9e, 0x80, 0x3e,
  0xc2, 0x00, 0x49, 0x6c, 0x9d, 0x67, 0xdc, 0x53, 0x51, 0x80, 0x6b, 0x80, 0xf9, 0x9e, 0x74, 0x80, 0x59, 0x80, 0xf5, 0x83,
  0x2e, 0x00, 0x54, 0x80, 0x59, 0x80, 0xf5, 0xa5, 0xa4, 0x92, 0xee, 0x9b, 0x80, 0x56, 0x80, 0xec, 0x00, 0xa3, 0x00, 0x54,
  0x80, 0x29, 0x93, 0x80, 0x89, 0x80, 0xdf, 0xd3, 0xd2, 0x6f, 0xde, 0x80, 0x8b, 0x80, 0xf6, 0x95, 0x63, 0x94, 0x9e, 0x74,
  0x80, 0x59, 0x80, 0xf5, 0x83, 0xc7, 0x80, 0x61, 0x80, 0xee, 0x00, 0x45, 0x78, 0x80, 0x5f, 0x80, 0x1a, 0x94, 0x6c, 0x80,
  0x06, 0x80, 0xab, 0xf4, 0x80, 0xbe, 0x78, 0x80, 0x06, 0xb4, 0x20, 0x80, 0xbf, 0x80, 0xf8, 0x63, 0xb9, 0x63, 0xd8, 0x94,
  0x74, 0x80, 0x59, 0x80, 0xf5, 0x83, 0xf7, 0x00, 0x52, 0xb7, 0x6f, 0x80, 0x98, 0x80, 0x38, 0x73, 0x93, 0x80, 0xfb, 0xea,
  0x73, 0x80, 0x9b, 0x80, 0x22, 0x70, 0x8c, 0x2d, 0x35, 0x2e, 0x30, 0x31, 0x20, 0x80, 0x03, 0x80, 0x1c, 0x2e, 0x00, 0x80,
  0x23, 0xea, 0x80, 0x3a, 0x80, 0xd4, 0xee, 0x9b, 0x80, 0x4a, 0x80, 0x93, 0x80, 0xad, 0x86, 0xc1, 0xa3, 0x00, 0x52, 0xb7,
  0x6f, 0x80, 0x98, 0x80, 0x16, 0x63, 0x80, 0x1a, 0xb0, 0x81, 0xa4, 0x92, 0xee, 0x9b, 0xea, 0x73, 0x80, 0x9b, 0x80, 0x22,
  0x70, 0x8c, 0x2d, 0x35, 0x2e, 0x30, 0x31, 0x20, 0x80, 0x03, 0x80, 0x1c, 0x2e, 0x00, 0x41, 0x6c, 0x80, 0x20, 0x80, 0x07,
  0x44, 0x80, 0x31, 0x80, 0x12, 0xe2, 0x76, 0xda, 0xd2, 0x80, 0x87, 0x62, 0xa8, 0x80, 0x9c, 0x00, 0x41, 0x63, 0x80, 0x35,
  0x87, 0x64, 0x95, 0x69, 0x94, 0x2d, 0x20, 0x53, 0x8a, 0x67, 0xa2, 0xa8, 0xa5, 0x6c, 0x80, 0x06, 0x80, 0xab, 0x80, 0x56,
  0x80, 0x97, 0x80, 0x02, 0x80, 0xea, 0x80, 0x1a, 0xbe, 0x00, 0xac, 0x80, 0xcf, 0x87, 0xa7, 0x80, 0x60, 0x95, 0x73, 0x81,
  0xaf, 0x80, 0x01, 0x00, 0xac, 0x80, 0xcf, 0x87, 0xa7, 0x80, 0x60, 0x95, 0x73, 0x81, 0x80, 0x4b, 0xba, 0x8c, 0x9d, 0xb9,
  0x81, 0x80, 0x60, 0x95, 0x73, 0xc2, 0x00, 0x45, 0x80, 0x13, 0xef, 0x80, 0x1c, 0x80, 0x6a, 0x80, 0x56, 0x80, 0x74, 0x69,
  0x8c, 0xa9, 0x00, 0x46, 0x80, 0xd9, 0x80, 0xd5, 0xc1, 0x6c, 0x69, 0x67, 0x68, 0x82, 0x61, 0x70, 0x70, 0x95, 0x86, 0x63,
  0x8e, 0x27, 0x82, 0x70, 0x80, 0x4d, 0x75, 0x64, 0xa0, 0x63, 0xaa, 0x73, 0xc2, 0x00, 0xac, 0x80, 0x06, 0x70, 0x80, 0x60,
  0xbf, 0x80, 0x47, 0x8c, 0x80, 0xf2, 0x80, 0x8b, 0xba, 0xa7, 0x6e, 0x80, 0xe3, 0x80, 0x03, 0x80, 0xb8, 0xae, 0x00, 0xac,
  0x80, 0x1f, 0x80, 0xa2, 0x80, 0x37, 0x6d, 0x8e, 0x64, 0x87, 0x9e, 0xe1, 0x80, 0x74, 0x80, 0x60, 0x80, 0xab, 0x80, 0xa2,
  0x80, 0xf2, 0xb6, 0x80, 0x17, 0x00, 0x52, 0xb7, 0x6f, 0x80, 0x98, 0x80, 0x16, 0x63, 0x80, 0x1a, 0xb0, 0x81, 0x80, 0x48,
  0x80, 0x37, 0x6d, 0x80, 0xab, 0x93, 0x9a, 0x80, 0xc3, 0x62, 0xab, 0x80, 0x12, 0x80, 0x97, 0x80, 0x2a, 0x81, 0x8c, 0x74,
  0xb0, 0x6e, 0x8a, 0x80, 0xc2, 0x00, 0x80, 0x28, 0x46, 0x4f, 0x52, 0x4d, 0x49, 0x58, 0x80, 0x45, 0x52, 0x56, 0x45, 0x80,
  0x62, 0x80, 0x49, 0x80, 0xdf, 0x80, 0x91, 0x65, 0x69, 0x8f, 0xa5, 0x80, 0xb4, 0x80, 0x45, 0x52, 0x56, 0x45, 0x52, 0x4e,
  0xd6, 0x45, 0x80, 0xde, 0x80, 0xb4, 0x80, 0x45, 0x52, 0x56, 0x45, 0x52, 0x41, 0x4c, 0x49, 0x41, 0x80, 0x45, 0x53, 0x2e,
  0x20, 0x00, 0x53, 0x74, 0xab, 0x80, 0x12, 0x6f, 0x80, 0x1c, 0x66, 0xaa, 0x80, 0x0f, 0x80, 0xa3, 0x80, 0x90, 0x86, 0x64,
  0xb0, 0xc7, 0x80, 0xf9, 0x80, 0x50, 0x73, 0xc2, 0x00, 0x80, 0xb9, 0x9e, 0x61, 0x75, 0x64, 0xbf, 0xc7, 0x95, 0x80, 0xa7,
  0x9a, 0x6e, 0x6d, 0xd5, 0x8a, 0xbf, 0x69, 0x8d, 0x80, 0x2b, 0x89, 0x80, 0x17, 0x00, 0x4f, 0x6e, 0x80, 0x47, 0x80, 0xb4,
  0x41, 0xfd, 0xe1, 0x72, 0x75, 0x84, 0xe6, 0xc3, 0x81, 0x99, 0x89, 0x80, 0x11, 0xda, 0x87, 0xf4, 0xa1, 0x80, 0xa2, 0x9e,
  0x80, 0xa5, 0x80, 0x41, 0x64, 0xc2, 0x00, 0xac, 0x45, 0x58, 0x45, 0x43, 0x55, 0x80, 0x10, 0x20, 0xa1, 0x80, 0xf9, 0x8f,
  0x80, 0x93, 0x80, 0x56, 0x80, 0x97, 0x80, 0x02, 0x80, 0xdc, 0x43, 0x4c, 0x41, 0x80, 0x5d, 0xa9, 0x00, 0x53, 0x80, 0xdd,
  0xc7, 0x80, 0x88, 0x6e, 0xe4, 0x80, 0x20, 0xd0, 0x6d, 0x8a, 0x89, 0xbe, 0x00, 0xac, 0xe6, 0xc3, 0x65, 0x2f, 0x8a, 0x80,
  0x03, 0x82, 0xba, 0xa1, 0x8c, 0x80, 0x41, 0x80, 0x98, 0xf2, 0x8f, 0x9a, 0x75, 0x67, 0x80, 0xe5, 0x80, 0xa7, 0x65, 0x77,
  0x87, 0x80, 0x22, 0xd3, 0x92, 0x80, 0x12, 0xe3, 0x74, 0xca, 0xf7, 0x00, 0xc8, 0x80, 0x55, 0x8d, 0xc0, 0x93, 0x9e, 0x9a,
  0x80, 0xb0, 0x80, 0xd0, 0x00, 0xc8, 0x80, 0xbb, 0x2d, 0x20, 0xbf, 0x83, 0x89, 0x93, 0xa4, 0x92, 0xee, 0xca, 0x2f, 0x70,
  0x68, 0xb9, 0x81, 0xb3, 0x93, 0x80, 0xd0, 0x00, 0x42, 0x80, 0x73, 0x80, 0x34, 0xd5, 0xe9, 0x80, 0x21, 0xbe, 0x20, 0x00,
  0x42, 0x80, 0x73, 0xf2, 0x80, 0x78, 0x80, 0x12, 0xe9, 0x80, 0x21, 0xbe, 0x20, 0x00, 0x52, 0x92, 0x85, 0x64, 0x2f, 0x4b,
  0x65, 0x97, 0x80, 0x09, 0xbd, 0x6e, 0x27, 0x82, 0xe5, 0x8d, 0x69, 0x80, 0xca, 0xc1, 0x80, 0xf7, 0x80, 0xf0, 0x2f, 0x80,
  0x63, 0x20, 0x80, 0x80, 0x2e, 0x00, 0x45, 0x78, 0x70, 0x80, 0x2e, 0x80, 0x6a, 0x8c, 0xe5, 0x69, 0x8c, 0x86, 0xc1, 0x6e,
  0x80, 0xe3, 0x80, 0x80, 0x2e, 0x00, 0xac, 0xff, 0x80, 0xca, 0x80, 0x34, 0xd5, 0x80, 0x74, 0x80, 0x2e, 0x73, 0xca, 0x87,
  0x80, 0x22, 0xa1, 0x9a, 0xb5, 0x86, 0x9a, 0x62, 0x9e, 0x80, 0x80, 0x89, 0x80, 0x17, 0x00, 0x46, 0x72, 0x80, 0x30, 0xd5,
  0x80, 0x50, 0x74, 0x80, 0xe2, 0xcc, 0x8b, 0xa8, 0x80, 0x5c, 0x97, 0x80, 0xf0, 0x2f, 0x80, 0x63, 0x2e, 0x00, 0x41, 0x6c,
  0x80, 0x9f, 0x80, 0x34, 0xd5, 0xb3, 0x85, 0x9c, 0xb5, 0x80, 0x29, 0xba, 0x80, 0x41, 0x76, 0x81, 0x80, 0xe4, 0x28, 0x73,
  0x80, 0xd8, 0xba, 0x6e, 0x80, 0xe3, 0x80, 0x80, 0xef, 0x73, 0xd3, 0xb7, 0xc2, 0x00, 0xc8, 0x80, 0xbb, 0x2d, 0x20, 0x66,
  0x80, 0x7d, 0x8b, 0x80, 0x00, 0xf4, 0x80, 0x80, 0x94, 0x80, 0x57, 0x00, 0x80, 0xba, 0x80, 0x29, 0xba, 0x8d, 0x80, 0x9f,
  0x80, 0x80, 0xef, 0x73, 0xd3, 0xb7, 0x81, 0xf4, 0x80, 0x63, 0x80, 0xde, 0x80, 0x57, 0x00, 0x44, 0xe6, 0x80, 0x60, 0x80,
  0x0c, 0xf2, 0x80, 0x46, 0x80, 0x3c, 0x8d, 0x80, 0x9f, 0x80, 0x34, 0xd5, 0x80, 0x21, 0x63, 0x89, 0x80, 0x17, 0x00, 0x54,
  0x96, 0x9d, 0x2f, 0xc8, 0x80, 0x33, 0x20, 0x80, 0x08, 0x80, 0x80, 0xbe, 0x00, 0xac, 0x8d, 0x80, 0x9f, 0x80, 0x80, 0xef,
  0xf4, 0xa1, 0x80, 0x8d, 0x70, 0x20, 0x80, 0x57, 0x00, 0x41, 0x74, 0x74, 0xab, 0x68, 0x94, 0xf2, 0xa6, 0x80, 0x80, 0xbe,
  0x00, 0xac, 0x89, 0x74, 0xab, 0x80, 0xe5, 0x62, 0x80, 0xc7, 0xc6, 0x8a, 0x80, 0xa8, 0x89, 0x80, 0xd4, 0xa2, 0x73, 0xd3,
  0xb7, 0x61, 0x2e, 0x00, 0xac, 0xe2, 0x74, 0xab, 0x80, 0xe5, 0x62, 0x80, 0xc7, 0x80, 0xb7, 0x80, 0x5b, 0xc7, 0x80, 0xf6,
  0xcd, 0x69, 0xdc, 0xcf, 0x80, 0xef, 0x74, 0xf7, 0x00, 0xac, 0x80, 0x65, 0x20, 0x80, 0x89, 0x62, 0x80, 0xc7, 0xc6, 0xf2,
  0x93, 0x80, 0x63, 0x20, 0x80, 0x80, 0x89, 0x80, 0x17, 0x00, 0xac, 0x89, 0x74, 0xab, 0x80, 0xe5, 0xba, 0x80, 0xa5, 0xf2,
  0x62, 0x80, 0xc7, 0x80, 0xab, 0x80, 0x08, 0x80, 0x3c, 0x6c, 0x80, 0x31, 0x82, 0xc6, 0x80, 0xf0, 0x87, 0x9e, 0x8f, 0x65,
  0x0a, 0x41, 0x54, 0x54, 0x41, 0x43, 0x48, 0xfd, 0x80, 0x54, 0xa8, 0xc2, 0x00, 0xce, 0xa6, 0x80, 0x63, 0x20, 0xa6, 0x89,
  0x74, 0xab, 0x68, 0x94, 0x80, 0xab, 0x80, 0xe0, 0x8d, 0xd0, 0xbe, 0x00, 0x80, 0xba, 0x6b, 0x88, 0x77, 0x84, 0x80, 0x8f,
  0x89, 0x85, 0x2f, 0x80, 0xff, 0x00, 0xc8, 0x80, 0x55, 0x8d, 0xcb, 0x80, 0x0b, 0x80, 0x74, 0x80, 0x2e, 0x80, 0x6a, 0x8b,
  0x80, 0x16, 0x80, 0x67, 0x80, 0x47, 0x80, 0x7c, 0xbe, 0x00, 0xac, 0x80, 0x9e, 0x8a, 0xd0, 0xb1, 0x20, 0x80, 0x80, 0x2e,
  0x00, 0xac, 0x80, 0x2f, 0x86, 0x80, 0x34, 0xd5, 0xc1, 0xa7, 0x80, 0xe4, 0x2e, 0x00, 0xac, 0xe6, 0xc3, 0x81, 0xa7, 0x80,
  0x99, 0x73, 0x80, 0x80, 0x87, 0x80, 0x99, 0x80, 0xe7, 0xfd, 0x89, 0x8d, 0x6f, 0xb2, 0xf2, 0xc1, 0xe1, 0x8a, 0xd0, 0xb1,
  0x20, 0x80, 0x80, 0x2e, 0x00, 0x50, 0x80, 0x71, 0x80, 0xae, 0x81, 0x80, 0xb7, 0x64, 0x62, 0x80, 0xa1, 0x80, 0x49, 0x80,
  0xdf, 0x80, 0x91, 0x70, 0x80, 0x71, 0x80, 0xae, 0x81, 0x80, 0xb7, 0xf2, 0x93, 0x80, 0x63, 0x2e, 0x00, 0x4f, 0x6e, 0x81,
  0x93, 0x6d, 0x85, 0x81, 0x64, 0x62, 0x80, 0x51, 0xd2, 0xc1, 0x8a, 0xd0, 0xb1, 0x20, 0x80, 0x80, 0x87, 0x64, 0xa0, 0x8b,
  0x80, 0x5b, 0x2e, 0x00, 0x4f, 0x6e, 0x81, 0x93, 0x6d, 0x85, 0x81, 0x64, 0x62, 0x80, 0x51, 0xd2, 0xc1, 0x8a, 0xd0, 0xb1,
  0x20, 0x80, 0x80, 0x87, 0x80, 0x87, 0xb5, 0xa8, 0x96, 0x80, 0x01, 0x00, 0x46, 0x72, 0x80, 0x30, 0xd5, 0x80, 0x52, 0x73,
  0x80, 0xe2, 0xc1, 0xa7, 0x80, 0xf1, 0x80, 0xea, 0x80, 0x1a, 0x87, 0xa7, 0x80, 0xbe, 0x78, 0x80, 0x06, 0xb4, 0x20, 0x80,
  0x42, 0xbe, 0x00, 0x46, 0x72, 0x80, 0x30, 0xd5, 0x80, 0x08, 0xb7, 0x80, 0x6c, 0x80, 0x9c, 0x00, 0x80, 0x66, 0x80, 0x67,
  0x6d, 0x80, 0x31, 0x80, 0x6a, 0xf4, 0xf2, 0xba, 0x80, 0x9e, 0xe1, 0x8a, 0xd0, 0xb1, 0x20, 0x80, 0x80, 0x2e, 0x00, 0x43,
  0x85, 0x8c, 0xc9, 0xdf, 0x64, 0xc7, 0x80, 0xa6, 0xd4, 0xd2, 0x80, 0x88, 0x80, 0xa8, 0x89, 0x80, 0xd4, 0xa2, 0x9e, 0x43,
  0x41, 0x80, 0x45, 0x20, 0x80, 0x74, 0x80, 0x2e, 0x80, 0x6a, 0x93, 0x80, 0xdc, 0x43, 0x4f, 0x80, 0xdc, 0x0a, 0x66, 0x80,
  0x3d, 0x80, 0x17, 0x00, 0x53, 0x51, 0x80, 0x6b, 0x45, 0xea, 0x82, 0x80, 0xf3, 0x66, 0x66, 0xa5, 0xa6, 0x66, 0xe4, 0x6c,
  0x2e, 0x00, 0xac, 0x80, 0xd5, 0x80, 0x4b, 0xc1, 0x72, 0xb5, 0x2e, 0x00, 0xd7, 0x80, 0x4b, 0xa6, 0x80, 0x75, 0x6c, 0xf5,
  0xc1, 0x8a, 0x80, 0xbb, 0x80, 0x1a, 0xbf, 0x8a, 0x80, 0xc2, 0x00, 0x80, 0x6f, 0x6d, 0x6d, 0xd5, 0x80, 0x56, 0x80, 0xe9,
  0x95, 0xa9, 0x00, 0xac, 0x80, 0xd5, 0x80, 0x4b, 0xc1, 0xaa, 0x61, 0xa9, 0x00, 0xac, 0x80, 0xd5, 0x80, 0x4b, 0xc1, 0xb5,
  0xaa, 0x61, 0xa9, 0x00, 0xac, 0x80, 0xd5, 0x80, 0x4b, 0xc1, 0x6f, 0xee, 0x70, 0xee, 0x2e, 0x00, 0xac, 0x80, 0xd5, 0x80,
  0x4b, 0xc1, 0xd3, 0x6f, 0x6f, 0x73, 0xc2, 0x00, 0x53, 0x51, 0x80, 0x6b, 0x53, 0x79, 0x6e, 0x74, 0x61, 0x78, 0xc0, 0x93,
  0x80, 0x56, 0x80, 0xa3, 0x80, 0x90, 0xa9, 0x00, 0xac, 0x80, 0xd5, 0x80, 0x4b, 0xc1, 0x73, 0x80, 0x05, 0xc2, 0x00, 0xac,
  0x80, 0xd5, 0x70, 0x72, 0x8a, 0x80, 0x9f, 0xc1, 0x6f, 0xee, 0x70, 0xee, 0x2e, 0x00, 0xac, 0x80, 0xd5, 0x70, 0x69, 0x70,
  0x81, 0xc1, 0x6f, 0xee, 0x70, 0xee, 0x2e, 0x00, 0xac, 0x77, 0x72, 0xbf, 0x81, 0xba, 0x70, 0x69, 0x70, 0x81, 0xc1, 0x6f,
  0xee, 0x70, 0x75, 0x82, 0x28, 0x20, 0x80, 0xe9, 0x80, 0x43, 0xc7, 0x80, 0x16, 0x80, 0x35, 0x87, 0x29, 0x2e, 0x00, 0xac,
  0x77, 0x72, 0xbf, 0x81, 0x80, 0x4b, 0x28, 0xd3, 0x92, 0x80, 0x12, 0x80, 0x4b, 0x80, 0x67, 0x6d, 0x80, 0x31, 0x73, 0xca,
  0x73, 0x29, 0x2e, 0x00, 0xac, 0x8c, 0x80, 0x73, 0x80, 0x4b, 0x28, 0xd3, 0x92, 0x80, 0x12, 0x80, 0x4b, 0x80, 0x67, 0x6d,
  0x80, 0x31, 0x73, 0xca, 0x73, 0x29, 0x2e, 0x00, 0x53, 0x70, 0xf1, 0xaf, 0x94, 0xa8, 0xa5, 0x6d, 0x95, 0x75, 0x20, 0x8b,
  0x80, 0xad, 0xa9, 0x00, 0xce, 0x83, 0x81, 0x80, 0x87, 0x80, 0xe9, 0x6d, 0x95, 0x75, 0x20, 0xbf, 0xb7, 0x87, 0x80, 0x3c,
  0x6d, 0x95, 0x75, 0x2e, 0x00, 0x80, 0x66, 0x6d, 0x85, 0x81, 0x80, 0xa6, 0xba, 0xea, 0xc9, 0x80, 0x54, 0x80, 0x9c, 0x00,
  0xac, 0x80, 0xd5, 0x80, 0x4b, 0xc1, 0xe2, 0x80, 0x26, 0xe4, 0x82, 0x8c, 0x80, 0x19, 0x80, 0xb6, 0x00, 0x53, 0x74, 0x80,
  0x39, 0xcd, 0x87, 0x80, 0x87, 0x80, 0x68, 0x73, 0x80, 0x05, 0xbe, 0x00, 0xce, 0x83, 0x81, 0x80, 0x87, 0x80, 0xe9, 0x80,
  0x61, 0xcd, 0x87, 0xba, 0x72, 0xb5, 0x2e, 0x00, 0x4d, 0x80, 0x31, 0x73, 0xc7, 0x80, 0x13, 0xd2, 0x63, 0x80, 0x54, 0x80,
  0x1f, 0xf4, 0x8a, 0x80, 0x03, 0x82, 0x80, 0x61, 0x80, 0xee, 0x00, 0x50, 0x9a, 0x67, 0x72, 0xbc, 0x20, 0x8b, 0x80, 0xad,
  0xa9, 0x00, 0x46, 0x85, 0x80, 0x12, 0x80, 0x99, 0x80, 0xe7, 0xfd, 0x8d, 0x80, 0x20, 0x80, 0xec, 0x00, 0x80, 0xe1, 0x80,
  0x1e, 0x81, 0x8b, 0x80, 0xad, 0xa9, 0x00, 0x80, 0x6f, 0x6d, 0x6d, 0x80, 0x3f, 0x80, 0x4b, 0x8b, 0x80, 0xad, 0xa9, 0x00,
  0x46, 0x85, 0x80, 0x94, 0x8b, 0x80, 0xad, 0xa9, 0x00, 0x52, 0x65, 0x80, 0x19, 0x82, 0x8b, 0x80, 0xad, 0xa9, 0x00, 0x80,
  0xb9, 0x80, 0xad, 0x86, 0x9e, 0x52, 0x65, 0x80, 0x19, 0x82, 0x80, 0x21, 0x63, 0x89, 0xca, 0xf7, 0x00, 0x80, 0xb9, 0x80,
  0xad, 0x86, 0x9e, 0x46, 0x85, 0x80, 0x94, 0x80, 0x21, 0x63, 0x89, 0xca, 0xf7, 0x00, 0x53, 0xab, 0x65, 0x70, 0x8c, 0x70,
  0x20, 0x98, 0x80, 0xd3, 0x80, 0xa8, 0x80, 0xd9, 0x52, 0x65, 0x80, 0x19, 0x80, 0xb6, 0x00, 0x53, 0x80, 0x4a, 0x62, 0x6c,
  0x86, 0x98, 0x80, 0xd3, 0x80, 0xa8, 0x80, 0xd9, 0x46, 0x85, 0x6d, 0x2e, 0x00, 0x43, 0xb0, 0x8c, 0x6e, 0x82, 0x63, 0x80,
  0x54, 0x80, 0x1f, 0xa6, 0x8a, 0x80, 0x00, 0x9e, 0x8a, 0xd0, 0x80, 0x27, 0x80, 0xc6, 0x80, 0x41, 0x64, 0xc2, 0x00, 0xc8,
  0x80, 0x03, 0x82, 0x80, 0xf9, 0x80, 0x56, 0x80, 0xe9, 0x80, 0x13, 0xd2, 0x63, 0x80, 0x54, 0xa8, 0xc2, 0x00, 0xce, 0x83,
  0x81, 0x80, 0x08, 0x65, 0x88, 0x75, 0x67, 0x80, 0xe5, 0x6d, 0xb7, 0x85, 0x97, 0x80, 0x05, 0x61, 0xfb, 0x96, 0x80, 0x01,
  0x00, 0x80, 0xc5, 0x6c, 0x80, 0x44, 0x80, 0x3c, 0xaa, 0x80, 0x73, 0x80, 0x4b, 0xa6, 0x80, 0x75, 0xaa, 0x6e, 0x80, 0xc2,
  0x00, 0x54, 0x80, 0x29, 0x8b, 0x80, 0xad, 0xa9, 0x00, 0x4e, 0xfe, 0xa6, 0x80, 0x75, 0xaa, 0x6e, 0x80, 0xc2, 0x00, 0x4e,
  0xfe, 0x80, 0x48, 0x99, 0x90, 0x82, 0x80, 0x22, 0xa1, 0x9d, 0x74, 0x80, 0x9f, 0x93, 0x22, 0x5f, 0x22, 0x20, 0x80, 0x3f,
  0x80, 0x5a, 0x61, 0x9e, 0x9d, 0x74, 0xd0, 0x73, 0x80, 0x0b, 0xea, 0x67, 0xbf, 0x73, 0x80, 0x0b, 0x93, 0x22, 0x5f, 0x22,
  0x2e, 0x00, 0xac, 0x8c, 0x80, 0x73, 0x80, 0x8d, 0x70, 0x20, 0xaf, 0x80, 0x01, 0x00, 0xac, 0x77, 0x72, 0xbf, 0x81, 0x80,
  0x8d, 0x70, 0x20, 0xaf, 0x80, 0x01, 0x00, 0x53, 0x74, 0x80, 0x39, 0xd5, 0xa6, 0x80, 0x75, 0xaa, 0x6e, 0xb2, 0xd9, 0x20,
  0x80, 0xa4, 0x82, 0xc6, 0x6d, 0xb7, 0x85, 0x80, 0x9c, 0x00, 0xce, 0x83, 0x81, 0x80, 0x87, 0x80, 0xe9, 0xa8, 0x83, 0x2d,
  0x6d, 0x95, 0x75, 0x87, 0x80, 0x3c, 0x80, 0x3e, 0xc2, 0x00, 0x4e, 0x80, 0x9a, 0x80, 0xf8, 0x80, 0x13, 0xd2, 0x9e, 0xaa,
  0x80, 0x73, 0x80, 0x4b, 0x80, 0x08, 0x65, 0xe5, 0xdc, 0xba, 0x80, 0xbf, 0x80, 0xf8, 0x80, 0x8c, 0xf7, 0x00, 0x80, 0xb9,
  0x9e, 0xaa, 0x80, 0x73, 0x80, 0x4b, 0x80, 0xf1, 0x80, 0xd0, 0x00, 0x46, 0x85, 0x6d, 0x34, 0x67, 0x80, 0x20, 0x98, 0x80,
  0xd3, 0x80, 0xa8, 0x80, 0xd9, 0x46, 0x85, 0x6d, 0x2e, 0x00, 0x57, 0x90, 0x6e, 0xc7, 0x80, 0xad, 0x86, 0x9e, 0x46, 0x85,
  0x80, 0x94, 0x80, 0x21, 0x63, 0x89, 0xca, 0xf7, 0x00, 0x80, 0xf4, 0x80, 0x49, 0x80, 0xd7, 0x80, 0x67, 0x6d, 0x80, 0x31,
  0x80, 0x6a, 0xba, 0x80, 0x41, 0xea, 0x80, 0xca, 0x80, 0xa5, 0x6d, 0x95, 0x75, 0x2e, 0x00, 0xac, 0x80, 0x65, 0x20, 0x80,
  0x4b, 0x28, 0xd3, 0x92, 0x80, 0x12, 0x80, 0x4b, 0x80, 0x67, 0x6d, 0x80, 0x31, 0x73, 0xca, 0x73, 0x29, 0x2e, 0x00, 0x57,
  0x72, 0xbf, 0x81, 0x80, 0xec, 0x20, 0x25, 0x75, 0x20, 0x80, 0xe4, 0x87, 0xb5, 0xaa, 0xd8, 0x94, 0x28, 0xd3, 0x92, 0x80,
  0x12, 0xe4, 0x80, 0x06, 0x80, 0xab, 0x93, 0xea, 0x73, 0x80, 0x12, 0x80, 0x51, 0x65, 0x29, 0x2e, 0x00, 0x43, 0xb0, 0x8c,
  0x6e, 0x82, 0x80, 0xaa, 0x9b, 0x80, 0x56, 0x80, 0x97, 0x80, 0x02, 0x9a, 0x80, 0xc3, 0x80, 0x5c, 0xab, 0x80, 0x12, 0x64,
  0x75, 0x81, 0xba, 0xb3, 0x93, 0x0a, 0x93, 0x6d, 0x80, 0x31, 0x73, 0xc7, 0x43, 0x4f, 0x4d, 0x4d, 0x49, 0x80, 0x32, 0x57,
  0x4f, 0x52, 0x4b, 0x2e, 0x00, 0xac, 0x80, 0x65, 0x20, 0x9a, 0xf0, 0x64, 0x87, 0xf4, 0xa1, 0x80, 0xb1, 0x2d, 0x80, 0x80,
  0x94, 0x80, 0x57, 0x00, 0x80, 0xdb, 0xf0, 0x64, 0x87, 0x80, 0x68, 0xa4, 0x80, 0x31, 0x82, 0xf4, 0x80, 0x57, 0x00, 0x80,
  0xdb, 0xf0, 0x64, 0x87, 0x64, 0xa0, 0x8b, 0xa4, 0x80, 0x31, 0x82, 0xf4, 0x80, 0x57, 0x00, 0xac, 0xff, 0x80, 0xca, 0xa7,
  0x73, 0xfe, 0x80, 0x50, 0x74, 0xbf, 0xca, 0x2f, 0x80, 0xa1, 0x80, 0x46, 0x74, 0x77, 0xda, 0x81, 0x80, 0xd6, 0x80, 0x80,
  0x89, 0xca, 0x0a, 0x80, 0x21, 0x63, 0x89, 0x80, 0x17, 0x00, 0x22, 0x44, 0x80, 0x11, 0x80, 0x59, 0x62, 0xee, 0xca, 0x87,
  0x4f, 0x6e, 0x6c, 0x79, 0x22, 0x20, 0x80, 0x08, 0x6d, 0x65, 0x8e, 0x8a, 0x67, 0x66, 0xe4, 0x20, 0x9e, 0xe1, 0xe6, 0xc3,
  0x81, 0x99, 0x89, 0x80, 0x11, 0xda, 0x87, 0x80, 0x7b, 0x57, 0x20, 0x8c, 0xe5, 0x65, 0x99, 0x2e, 0x00, 0xd7, 0x80, 0x80,
  0x94, 0x6f, 0xde, 0x80, 0x8b, 0x80, 0x7c, 0x80, 0xe2, 0x80, 0x49, 0xff, 0x80, 0xca, 0x65, 0x88, 0x75, 0x67, 0x80, 0xe5,
  0x80, 0x80, 0xf7, 0x00, 0xac, 0x80, 0x9e, 0x6e, 0x80, 0xe3, 0x50, 0x44, 0x51, 0x20, 0x8f, 0x8c, 0x61, 0xa9, 0x00, 0x41,
  0x6c, 0x80, 0x9f, 0x80, 0x34, 0xd5, 0x89, 0x74, 0xab, 0x80, 0xe5, 0x80, 0x48, 0x80, 0xd7, 0x80, 0x93, 0x9d, 0xb9, 0x82,
  0xdf, 0x81, 0xcf, 0x73, 0xb4, 0x94, 0xf2, 0x80, 0x21, 0xbe, 0x00, 0xac, 0xe2, 0x74, 0xab, 0x80, 0xe5, 0xa1, 0xf2, 0x80,
  0x22, 0x9a, 0xf0, 0x64, 0xf7, 0x00, 0xac, 0x89, 0x74, 0xab, 0x80, 0xe5, 0xa1, 0xf2, 0x80, 0x22, 0x9a, 0xf0, 0x64, 0xf7,
  0x00, 0xac, 0xd8, 0x86, 0x93, 0x80, 0x65, 0x20, 0xa7, 0x80, 0xe4, 0xe9, 0x80, 0x89, 0x93, 0xa7, 0x63, 0x64, 0x72, 0x80,
  0x03, 0x80, 0xb8, 0x80, 0x3f, 0x63, 0x64, 0x72, 0x74, 0x80, 0x06, 0x81, 0x80, 0x8c, 0x87, 0x8a, 0x0a, 0x80, 0x37, 0x62,
  0x8a, 0xef, 0x80, 0x22, 0x6f, 0x8f, 0xa5, 0x8d, 0x80, 0x9f, 0xf2, 0xe3, 0x74, 0xca, 0xf7, 0x00, 0xac, 0x89, 0x74, 0xab,
  0x80, 0xe5, 0x80, 0xf0, 0x87, 0x8f, 0x80, 0x93, 0x80, 0x5a, 0x61, 0x9e, 0x80, 0x03, 0x69, 0xdc, 0xaf, 0x80, 0xfe, 0x64,
  0xf7, 0x00, 0xac, 0x67, 0x95, 0x83, 0x80, 0x0c, 0x6e, 0x80, 0xe3, 0x9a, 0xf0, 0xa9, 0x00, 0xac, 0xd3, 0x92, 0x80, 0x12,
  0xcf, 0x80, 0xef, 0x74, 0x87, 0xf4, 0xa7, 0x89, 0x74, 0xab, 0x68, 0xc7, 0x80, 0x57, 0x00, 0x53, 0x75, 0x62, 0x80, 0x76,
  0x69, 0xd2, 0x80, 0x3f, 0x80, 0x16, 0x63, 0x80, 0x1a, 0x75, 0x8c, 0x87, 0x80, 0x87, 0x8b, 0x80, 0x9b, 0x9e, 0x80, 0x80,
  0xef, 0x80, 0x74, 0x80, 0x2e, 0x73, 0xca, 0xf7, 0x00, 0xac, 0xff, 0x80, 0xca, 0x64, 0xe6, 0x80, 0x60, 0x80, 0x0c, 0x8c,
  0x6d, 0x80, 0x6e, 0x64, 0xa5, 0x80, 0x80, 0xf7, 0x00, 0x52, 0xb7, 0x80, 0x6e, 0x64, 0xa5, 0x80, 0x34, 0xd5, 0x80, 0x88,
  0x80, 0x84, 0x80, 0x54, 0x99, 0x2e, 0x00, 0x80, 0x23, 0x80, 0x34, 0xd5, 0x80, 0x3a, 0x89, 0x65, 0x67, 0x97, 0x93, 0x80,
  0x74, 0x80, 0x2e, 0x80, 0x6a, 0xc1, 0xa7, 0xb5, 0x69, 0xe5, 0x81, 0x80, 0x63, 0x2e, 0x00, 0x80, 0x23, 0x80, 0x34, 0xd5,
  0x80, 0x74, 0x80, 0x2e, 0x80, 0x6a, 0x80, 0x8c, 0x2e, 0x00, 0x47, 0x95, 0x83, 0xdc, 0x80, 0xea, 0x80, 0x6c, 0x9b, 0xb3,
  0x93, 0x80, 0x56, 0x80, 0xa3, 0x80, 0x90, 0x86, 0x80, 0x3c, 0xe3, 0x74, 0x80, 0x06, 0x80, 0x2b, 0x83, 0x2e, 0x00, 0xc8,
  0x80, 0xa8, 0x89, 0x80, 0xd4, 0xa2, 0x41, 0x63, 0x80, 0x35, 0x87, 0x4d, 0x6f, 0x64, 0x81, 0x80, 0x3f, 0x49, 0x73, 0x6f,
  0x6c, 0xef, 0x4c, 0x65, 0x76, 0x80, 0xfe, 0x2e, 0x00, 0xac, 0x80, 0x31, 0x73, 0x75, 0x81, 0x22, 0x53, 0x65, 0x82, 0x54,
  0x80, 0x83, 0xca, 0x22, 0x20, 0x9e, 0xe1, 0x80, 0x27, 0x80, 0xc6, 0x80, 0xaa, 0x80, 0x17, 0x00, 0x49, 0x73, 0x6f, 0x6c,
  0xef, 0x4c, 0x65, 0x76, 0x65, 0x80, 0x20, 0x70, 0x8c, 0x76, 0x91, 0xa8, 0x80, 0x47, 0x80, 0x4d, 0x82, 0x62, 0x97, 0x22,
  0x53, 0x65, 0x82, 0x54, 0x80, 0x83, 0xca, 0x22, 0x2e, 0x00, 0x80, 0x23, 0x80, 0xfb, 0xc1, 0xa1, 0x80, 0x5d, 0x41, 0x44,
  0x2d, 0x80, 0x8e, 0x4c, 0x59, 0x20, 0x80, 0xaa, 0x80, 0x17, 0x00, 0x54, 0x72, 0x80, 0x06, 0x20, 0xd3, 0x90, 0x80, 0x27,
  0xa5, 0x80, 0x88, 0x6e, 0xe4, 0x80, 0x20, 0x93, 0x80, 0xd7, 0xa1, 0x6c, 0x95, 0x67, 0x8f, 0x20, 0xc6, 0x31, 0x2e, 0x00,
  0x54, 0x72, 0x80, 0x06, 0x20, 0xd3, 0x90, 0x80, 0x27, 0xa5, 0x80, 0x3f, 0x80, 0xdd, 0x80, 0x06, 0x20, 0x73, 0x80, 0xd1,
  0x80, 0x53, 0x80, 0x88, 0xc6, 0x80, 0x3a, 0xc7, 0x80, 0xa6, 0x80, 0xff, 0x00, 0xd7, 0x80, 0x2e, 0xe4, 0x74, 0xc7, 0x80,
  0x3a, 0xc7, 0x6c, 0x95, 0x67, 0x8f, 0x20, 0x80, 0xcc, 0x43, 0x80, 0x8e, 0x43, 0x41, 0x54, 0x80, 0x0b, 0x4c, 0x50, 0x41,
  0x44, 0x80, 0x0b, 0x80, 0x5d, 0x50, 0x4c, 0x41, 0x43, 0x45, 0x80, 0xde, 0x52, 0x50, 0x41, 0x80, 0xc9, 0xa6, 0xaa, 0x6e,
  0x67, 0xa5, 0x8f, 0x8e, 0x0a, 0xa7, 0x80, 0xbe, 0x78, 0x80, 0x06, 0xb4, 0x2e, 0x00, 0xac, 0x80, 0x9e, 0x9a, 0xf0, 0x64,
  0x87, 0xf4, 0xa1, 0x80, 0xb1, 0x2d, 0x80, 0x80, 0x94, 0x80, 0x57, 0x00, 0xac, 0x65, 0x80, 0x13, 0x80, 0x0c, 0xa7, 0x80,
  0x80, 0xef, 0x80, 0x74, 0x80, 0x2e, 0x73, 0x80, 0x17, 0x00, 0xac, 0x8d, 0x80, 0x9f, 0xe1, 0x80, 0x63, 0x20, 0xf4, 0xa1,
  0x80, 0x8d, 0x80, 0x19, 0x80, 0xeb, 0x80, 0x57, 0x00, 0x80, 0x23, 0x93, 0x4e, 0x55, 0x4c, 0x80, 0x6b, 0xee, 0x63, 0x20,
  0x74, 0x80, 0x06, 0x81, 0x67, 0xf8, 0x80, 0x02, 0xba, 0x64, 0x62, 0x8a, 0x66, 0x6f, 0x28, 0xee, 0x63, 0x5f, 0x80, 0x36,
  0x5f, 0xc3, 0xfc, 0x80, 0x06, 0x65, 0x29, 0x2e, 0x00, 0xac, 0x80, 0x65, 0x20, 0xf2, 0x93, 0x80, 0xa7, 0x80, 0xe3, 0x62,
  0x80, 0xc7, 0xc6, 0x80, 0x5b, 0xc7, 0xe2, 0x70, 0x95, 0x64, 0x95, 0x63, 0x69, 0x80, 0xaf, 0x00, 0xac, 0x8c, 0x76, 0x6f,
  0x6b, 0x81, 0x62, 0x80, 0xc7, 0xc6, 0xe2, 0x70, 0x95, 0x64, 0xd5, 0x70, 0x72, 0xf8, 0x80, 0x4e, 0x67, 0xbd, 0x80, 0x0b,
  0x80, 0xa7, 0x65, 0x77, 0x87, 0x93, 0xcf, 0x80, 0xef, 0x74, 0xf7, 0x00, 0xac, 0x89, 0x74, 0xab, 0x80, 0xe5, 0xa1, 0xf2,
  0x80, 0x22, 0x70, 0x80, 0x59, 0xe7, 0x79, 0x2d, 0x80, 0x85, 0x97, 0xcf, 0x80, 0xef, 0x74, 0xf7, 0x00, 0xc8, 0x80, 0xbb,
  0xc3, 0xb9, 0x6b, 0x69, 0x70, 0x20, 0xcf, 0x64, 0xbf, 0xca, 0x80, 0x0b, 0x73, 0x80, 0xc4, 0x80, 0x92, 0x8c, 0x80, 0x52,
  0x73, 0x80, 0xe2, 0xba, 0x6e, 0xa4, 0x82, 0x80, 0xf1, 0x80, 0x3f, 0x80, 0x5a, 0x8a, 0x75, 0xc2, 0x00, 0x43, 0xb0, 0x73,
  0x93, 0x80, 0x88, 0x64, 0x92, 0x80, 0x54, 0x8c, 0x86, 0xf4, 0xe1, 0x80, 0x28, 0x80, 0x45, 0x52, 0x80, 0x32, 0x80, 0xf9,
  0x80, 0x22, 0xa1, 0x56, 0x41, 0x4c, 0x55, 0x45, 0x53, 0xfd, 0x80, 0x54, 0xa8, 0xc2, 0x00, 0x54, 0xb7, 0x80, 0x19, 0x80,
  0xeb, 0xf2, 0x6f, 0xf6, 0x87, 0x63, 0xe1, 0xdf, 0x80, 0x47, 0xe0, 0x95, 0x96, 0x9d, 0xa9, 0x00, 0xac, 0xea, 0x73, 0x80,
  0x29, 0x6f, 0xde, 0x80, 0x8b, 0xcc, 0x64, 0x75, 0x81, 0xba, 0x6f, 0x8f, 0xa5, 0x80, 0x27, 0x80, 0xc6, 0x6f, 0xf6, 0x87,
  0xa8, 0xc7, 0xbf, 0x2e, 0x00, 0xac, 0x80, 0x27, 0xf8, 0x89, 0x65, 0x2f, 0x80, 0x9e, 0x6f, 0xde, 0x80, 0x8b, 0xcc, 0x62,
  0x80, 0xc7, 0xc6, 0xbf, 0x87, 0xe2, 0x70, 0x95, 0x64, 0x95, 0x63, 0x69, 0x80, 0xaf, 0x00, 0xac, 0x80, 0x2f, 0x86, 0x6f,
  0xde, 0x80, 0x8b, 0x80, 0x25, 0x00, 0xac, 0x80, 0x9e, 0x76, 0x91, 0x6c, 0x89, 0xca, 0x73, 0x2f, 0xea, 0xeb, 0x88, 0x99,
  0xda, 0x87, 0x80, 0x57, 0x00, 0x56, 0x91, 0x6c, 0x89, 0xca, 0x87, 0xf2, 0x80, 0x08, 0x99, 0x90, 0x74, 0x94, 0xc1, 0xa7,
  0x74, 0x80, 0x96, 0x65, 0x82, 0x80, 0x57, 0x00, 0xac, 0x80, 0x41, 0xea, 0x66, 0x79, 0x2f, 0x80, 0x65, 0x20, 0xa1, 0x76,
  0x91, 0x6c, 0x89, 0xca, 0x73, 0x2f, 0xea, 0xeb, 0x88, 0x99, 0xda, 0x87, 0x80, 0x57, 0x00, 0xac, 0x8d, 0x80, 0x9f, 0xa1,
  0xf2, 0x80, 0x82, 0x69, 0x80, 0x91, 0x80, 0x56, 0xb9, 0x73, 0x80, 0xa3, 0x69, 0x89, 0x94, 0x76, 0x91, 0x6c, 0x89, 0xca,
  0x73, 0x2f, 0xea, 0xeb, 0x88, 0x99, 0xda, 0x87, 0x80, 0xf0, 0xf7, 0x00, 0x54, 0x6f, 0xa0, 0x6d, 0x80, 0xf7, 0x76, 0x91,
  0x6c, 0x89, 0xca, 0xf7, 0x00, 0x52, 0xbd, 0x83, 0x76, 0x94, 0xc1, 0x8a, 0x80, 0xbb, 0xa8, 0xc2, 0x00, 0x4e, 0x6f, 0x82,
  0x80, 0x06, 0x70, 0x9d, 0x6d, 0xcd, 0x94, 0x79, 0xfc, 0x2e, 0x00, 0x53, 0x63, 0x80, 0x59, 0x70, 0x82, 0x73, 0x80, 0x05,
  0x94, 0x9e, 0x22, 0xa3, 0x22, 0x00, 0x51, 0x75, 0x83, 0x97, 0x8a, 0x74, 0xb3, 0xe6, 0x74, 0x80, 0x5c, 0x65, 0x80, 0x2a,
  0x81, 0x80, 0xab, 0x80, 0xa8, 0x9d, 0x74, 0x80, 0x1a, 0x00, 0x80, 0x66, 0x80, 0x82, 0x83, 0x81, 0x63, 0x80, 0x54, 0x80,
  0x1f, 0xf4, 0x44, 0x65, 0x9d, 0x80, 0x98, 0x93, 0x55, 0x70, 0xc3, 0x65, 0x80, 0x0b, 0x65, 0x80, 0x1c, 0x97, 0x80, 0xf1,
  0x9e, 0xf2, 0xf0, 0x6c, 0x80, 0x20, 0xe0, 0x61, 0x66, 0x66, 0xb6, 0x80, 0x1a, 0x00, 0x3c, 0x20, 0x41, 0x64, 0x64, 0xbf,
  0xca, 0xdc, 0x6c, 0x8a, 0x80, 0x40, 0xea, 0xc9, 0x80, 0x54, 0x79, 0x94, 0x3e, 0x00, 0x80, 0xb9, 0x9e, 0x6c, 0x80, 0x44,
  0x25, 0x64, 0x00, 0x4e, 0x65, 0x90, 0x20, 0xd3, 0x90, 0x80, 0x27, 0xa5, 0x80, 0x52, 0x73, 0x80, 0xe2, 0x25, 0x64, 0x00,
  0x80, 0x6f, 0x6c, 0xb4, 0x84, 0x80, 0xb2, 0x65, 0x09, 0x80, 0x72, 0x80, 0x72, 0x54, 0xc4, 0x65, 0x00, 0x55, 0x80, 0x03,
  0x09, 0x80, 0x72, 0x80, 0x72, 0x20, 0x80, 0x4d, 0x6c, 0x80, 0x8b, 0x80, 0x72, 0x80, 0x72, 0x80, 0x72, 0x80, 0x72, 0x80,
  0x72, 0x80, 0x72, 0x20, 0xe6, 0xc3, 0x81, 0x80, 0x72, 0x80, 0x72, 0x80, 0x72, 0x80, 0x72, 0x80, 0x72, 0x80, 0x72, 0x20,
  0x8a, 0x80, 0x03, 0x82, 0x80, 0x72, 0xe2, 0x9d, 0x80, 0x98, 0x80, 0x72, 0x80, 0x63, 0x20, 0x00, 0x54, 0x80, 0x29, 0x4e,
  0xfe, 0x80, 0x72, 0x80, 0x72, 0x80, 0x72, 0x80, 0x72, 0x20, 0x4f, 0x77, 0x6e, 0xa5, 0x20, 0x80, 0xdb, 0x80, 0x0f, 0x53,
  0x80, 0x2b, 0x81, 0x20, 0x80, 0x6f, 0x6c, 0xb4, 0x6e, 0x87, 0x80, 0x72, 0x20, 0x43, 0x8c, 0x89, 0x94, 0x80, 0x72, 0x80,
  0x72, 0x20, 0x41, 0x75, 0xea, 0x82, 0x46, 0x80, 0x4e, 0x00, 0xc8, 0x80, 0x33, 0x20, 0x80, 0xb2, 0x65, 0x09, 0x80, 0x72,
  0x80, 0x72, 0x4f, 0x77, 0x6e, 0xa5, 0x80, 0x72, 0x80, 0x72, 0x80, 0x72, 0x54, 0xc4, 0x81, 0x80, 0x72, 0x80, 0x72, 0x20,
  0x80, 0x6f, 0x6c, 0xb4, 0x6e, 0x73, 0x00, 0x54, 0x80, 0x29, 0x80, 0xb2, 0x65, 0x00, 0x80, 0x66, 0x80, 0x4a, 0x87, 0x80,
  0x87, 0x80, 0x05, 0x61, 0xfb, 0x80, 0x29, 0x2d, 0x20, 0x80, 0xc1, 0x81, 0x80, 0x9e, 0xba, 0x80, 0x9e, 0xdf, 0x65, 0x00,
  0x80, 0x66, 0x8c, 0x80, 0x19, 0x74, 0x87, 0x80, 0x87, 0x80, 0x05, 0x61, 0xfb, 0x80, 0x29, 0x2d, 0x20, 0x80, 0xc1, 0x81,
  0x80, 0x9e, 0xba, 0x80, 0x9e, 0xdf, 0x65, 0x00, 0x80, 0x66, 0x80, 0x3e, 0xd2, 0x80, 0x87, 0x80, 0x05, 0x61, 0xfb, 0x80,
  0x29, 0x2d, 0x20, 0x80, 0xc1, 0x81, 0x80, 0x9e, 0xba, 0x80, 0x9e, 0xdf, 0x65, 0x00, 0x46, 0x85, 0x80, 0x94, 0x80, 0x22,
  0xa7, 0x73, 0xfe, 0x80, 0x46, 0x80, 0x68, 0x80, 0x5b, 0x73, 0x00, 0x52, 0x65, 0x80, 0x19, 0x82, 0x80, 0x22, 0xa7, 0x73,
  0xfe, 0x80, 0x46, 0x80, 0x68, 0x80, 0x5b, 0x73, 0x00, 0x80, 0xe1, 0x80, 0x1e, 0x81, 0x80, 0x22, 0xa7, 0x73, 0xfe, 0x80,
  0x46, 0x80, 0x68, 0x80, 0x5b, 0x73, 0x00, 0x46, 0x85, 0x80, 0x94, 0x80, 0xc8, 0x73, 0x75, 0x63, 0x80, 0x35, 0x73, 0x66,
  0xe4, 0x80, 0x47, 0x80, 0xa8, 0x80, 0x4e, 0x64, 0x00, 0x52, 0x65, 0x80, 0x19, 0x82, 0x80, 0xc8, 0x73, 0x75, 0x63, 0x80,
  0x35, 0x73, 0x66, 0xe4, 0x80, 0x47, 0x80, 0xa8, 0x80, 0x4e, 0x64, 0x00, 0x25, 0x80, 0xc3, 0x86, 0x80, 0xe4, 0x28, 0x73,
  0x80, 0xd8, 0xaa, 0xd8, 0xbe, 0x00, 0x25, 0x2e, 0x30, 0x6c, 0x66, 0x20, 0x80, 0xe4, 0x28, 0x73, 0x80, 0xd8, 0xaa, 0xd8,
  0xbe, 0x00, 0x25, 0x80, 0xc3, 0x86, 0x80, 0xe4, 0x28, 0x73, 0x80, 0xd8, 0xb5, 0xaa, 0xd8, 0xbe, 0x00, 0x25, 0x2e, 0x30,
  0x6c, 0x66, 0x20, 0x80, 0xe4, 0x28, 0x73, 0x80, 0xd8, 0xb5, 0xaa, 0xd8, 0xbe, 0x00, 0x25, 0x75, 0x20, 0x80, 0xe4, 0x28,
  0x73, 0x80, 0xd8, 0xb5, 0xaa, 0xd8, 0xbe, 0x00, 0x25, 0x75, 0x20, 0x80, 0xe4, 0x28, 0x73, 0x80, 0xd8, 0xaa, 0xd8, 0xbe,
  0x00, 0x80, 0x66, 0x80, 0xe4, 0x87, 0x80, 0xad, 0xa9, 0x00, 0x80, 0xe1, 0x80, 0x1e, 0x81, 0x80, 0x4d, 0x6c, 0xb6, 0xbe,
  0x00, 0x25, 0x75, 0x20, 0x80, 0xe4, 0x28, 0x73, 0x80, 0xd8, 0x8c, 0x74, 0x80, 0x59, 0x65, 0x76, 0xbe, 0x00, 0x25, 0x75,
  0x20, 0x80, 0xe4, 0x28, 0x73, 0x80, 0xd8, 0x8c, 0x74, 0x80, 0x59, 0x65, 0x76, 0x94, 0x8a, 0xba, 0x80, 0x8d, 0x70, 0x20,
  0x80, 0x57, 0x00, 0x25, 0x86, 0x80, 0xe4, 0x28, 0x73, 0x80, 0xd8, 0xe6, 0xc3, 0xbe, 0x00, 0x25, 0x75, 0x20, 0x80, 0xe4,
  0x28, 0x73, 0x80, 0xd8, 0xe2, 0x9d, 0x74, 0xbe, 0x00, 0x25, 0x75, 0x20, 0x80, 0xe4, 0x28, 0x73, 0x80, 0xd8, 0x8a, 0x80,
  0x03, 0x74, 0xbe, 0x00, 0x25, 0x75, 0x20, 0x80, 0xe4, 0x28, 0x73, 0x80, 0xd8, 0x8a, 0x80, 0x03, 0x74, 0xbe, 0x00, 0x54,
  0x80, 0x29, 0x80, 0x78, 0x6b, 0xbe, 0x00, 0x54, 0x80, 0x29, 0xb5, 0x80, 0x78, 0x6b, 0xbe, 0x00, 0x80, 0xe1, 0x80, 0x1e,
  0x81, 0x80, 0xb5, 0xbe, 0x00, 0x80, 0xe1, 0x80, 0x1e, 0x81, 0x80, 0x65, 0x70, 0xbe, 0x00, 0x54, 0x80, 0x29, 0x80, 0xb5,
  0xbe, 0x00, 0x54, 0x80, 0x29, 0x80, 0x65, 0x70, 0xbe, 0x00, 0xc8, 0x80, 0x33, 0xfd, 0x8c, 0x89, 0xbe, 0x00, 0xc8, 0x80,
  0x33, 0x20, 0x80, 0x65, 0x70, 0xbe, 0x00, 0x50, 0x83, 0x6d, 0x80, 0x31, 0x80, 0x6a, 0x67, 0x80, 0x04, 0x74, 0xbe, 0x00,
  0x50, 0x83, 0x6d, 0x80, 0x31, 0x80, 0x6a, 0x8c, 0x76, 0x6f, 0x6b, 0xbe, 0x00, 0x54, 0x80, 0x29, 0x8c, 0x80, 0xb2, 0xbe,
  0x00, 0x80, 0x6f, 0x6c, 0xb4, 0x84, 0x8c, 0x80, 0xb2, 0xbe, 0x00, 0x41, 0x75, 0xea, 0x82, 0x80, 0xb5, 0xbe, 0x00, 0x41,
  0x75, 0xea, 0x82, 0x80, 0x65, 0x70, 0xbe, 0x00, 0x54, 0x80, 0x29, 0x8c, 0x98, 0x80, 0x1c, 0xbe, 0x00, 0x54, 0x80, 0x29,
  0xd3, 0x92, 0x6b, 0xbe, 0x00, 0x54, 0x80, 0x29, 0x8c, 0x70, 0x61, 0x69, 0x8c, 0xa9, 0x00, 0x54, 0x80, 0x29, 0x8d, 0xd0,
  0xbe, 0x00, 0x53, 0x74, 0x89, 0x80, 0x11, 0xda, 0x87, 0xe6, 0xc3, 0xbe, 0x00, 0x80, 0xe1, 0x80, 0x1e, 0x81, 0x63, 0xaa,
  0x73, 0xbe, 0x00, 0x25, 0x75, 0x20, 0x80, 0xe4, 0x28, 0x73, 0x80, 0xd8, 0xe2, 0x9d, 0x74, 0xbe, 0x00, 0x25, 0x86, 0x80,
  0xe4, 0x28, 0x73, 0x80, 0xd8, 0xe6, 0xc3, 0xbe, 0x00, 0x53, 0x74, 0x90, 0x74, 0x94, 0x80, 0xaa, 0x80, 0x17, 0x00, 0x80,
  0xe1, 0xa1, 0x80, 0x37, 0x6d, 0xbf, 0x74, 0xbe, 0x00, 0x54, 0x80, 0x83, 0x9b, 0x9a, 0x80, 0xc3, 0x80, 0x5c, 0xab, 0x6b,
  0x2e, 0x00, 0x53, 0x80, 0x05, 0x65, 0x80, 0x52, 0x8a, 0x82, 0x25, 0xa9, 0x00, 0x80, 0xe1, 0x80, 0x1e, 0x81, 0x99, 0x90,
  0x74, 0xbe, 0x00, 0x80, 0xe1, 0x80, 0x1e, 0x81, 0x9a, 0x80, 0xc3, 0x94, 0x80, 0x2a, 0x77, 0x90, 0xa9, 0x00, 0x56, 0x69,
  0x65, 0x77, 0xfd, 0x8c, 0x89, 0xbe, 0x00, 0x56, 0x69, 0x80, 0xe3, 0x80, 0x65, 0x70, 0xbe, 0x00, 0x44, 0x65, 0x80, 0xf3,
  0x80, 0xc2, 0x00, 0x53, 0x79, 0x80, 0xb1, 0x79, 0x6d, 0xfd, 0x8c, 0x89, 0xbe, 0x00, 0x53, 0x79, 0x80, 0xb1, 0x79, 0x80,
  0x94, 0x80, 0x65, 0x70, 0xbe, 0x00, 0x54, 0xb7, 0x80, 0x19, 0x80, 0xeb, 0xf2, 0x80, 0xb5, 0xbe, 0x00, 0x4c, 0x80, 0xa3,
  0x6b, 0x80, 0x41, 0x64, 0x81, 0x73, 0xfc, 0x2e, 0x00, 0xc8, 0x80, 0x33, 0x20, 0x8d, 0xd0, 0xbe, 0x00, 0x49, 0x73, 0x6f,
  0x6c, 0xef, 0x9d, 0x76, 0x65, 0x80, 0x20, 0x73, 0xfc, 0x2e, 0x00, 0x4c, 0x6f, 0xb2, 0x73, 0xfc, 0x2e, 0x00, 0x45, 0x78,
  0x70, 0x80, 0x54, 0x9e, 0x73, 0xfc, 0x2e, 0x00, 0x53, 0xd3, 0xb7, 0xa1, 0x80, 0xb5, 0xbe, 0x00, 0x4f, 0x80, 0x6c, 0x80,
  0x06, 0x80, 0x2b, 0xef, 0xe3, 0x74, 0x9b, 0x73, 0xfc, 0x2e, 0x00, 0x80, 0xdb, 0x80, 0xb0, 0x80, 0xb5, 0xbe, 0x00, 0x80,
  0xdb, 0x80, 0xb0, 0x80, 0x65, 0x70, 0xbe, 0x00, 0x43, 0xdf, 0x80, 0xef, 0x82, 0x80, 0x41, 0x64, 0x81, 0x73, 0xfc, 0x2e,
  0x00, 0x80, 0xdb, 0x80, 0xb0, 0xa4, 0x92, 0xee, 0xbe, 0x00, 0x44, 0x65, 0x80, 0xf3, 0xb2, 0x80, 0x4b, 0xc1, 0x80, 0xdd,
  0xab, 0x81, 0xe3, 0x95, 0xbe, 0x00, 0x4f, 0x80, 0x6c, 0xda, 0xdc, 0x80, 0xcb, 0x75, 0x99, 0xa5, 0x80, 0xb5, 0xbe, 0x00,
  0x4f, 0x80, 0x6c, 0xda, 0xdc, 0x80, 0xcb, 0x75, 0x99, 0xa5, 0x8d, 0xd0, 0xbe, 0x00, 0x4f, 0x80, 0x6c, 0xda, 0xdc, 0x80,
  0xcb, 0x75, 0x99, 0xa5, 0x80, 0x65, 0x70, 0xbe, 0x00, 0x52, 0xbd, 0x83, 0x76, 0x94, 0xe3, 0x74, 0xda, 0xdc, 0x76, 0x6f,
  0x6c, 0xb4, 0xc2, 0x00, 0x52, 0x65, 0x9d, 0xb9, 0x94, 0xe3, 0x74, 0xda, 0xdc, 0x76, 0x6f, 0x6c, 0xb4, 0xc2, 0x00, 0x4d,
  0x80, 0x81, 0x74, 0xc7, 0x74, 0x80, 0x06, 0x65, 0x80, 0xa4, 0x82, 0x80, 0x4d, 0x82, 0xc1, 0xe3, 0x74, 0xda, 0xdc, 0x6d,
  0x65, 0xea, 0x61, 0x2e, 0x00, 0x80, 0xdb, 0x80, 0xb0, 0x53, 0x74, 0x89, 0x80, 0x11, 0xda, 0x87, 0xe6, 0xc3, 0xbe, 0x00,
  0x80, 0x07, 0x44, 0x80, 0x31, 0x80, 0x12, 0xc8, 0x68, 0x80, 0xd4, 0x80, 0xab, 0x73, 0xfc, 0x2e, 0x00, 0x80, 0x07, 0x44,
  0x80, 0x31, 0x80, 0x12, 0x53, 0x80, 0xc4, 0x80, 0x0f, 0x73, 0xfc, 0x2e, 0x00, 0x80, 0x07, 0x44, 0x80, 0x31, 0x80, 0x12,
  0x41, 0x6c, 0x80, 0x20, 0x73, 0xfc, 0x2e, 0x00, 0x54, 0x80, 0x59, 0x80, 0xf5, 0xa5, 0x80, 0xb5, 0xbe, 0x00, 0x54, 0x80,
  0x59, 0x80, 0xf5, 0xa5, 0x80, 0x65, 0x70, 0xbe, 0x00, 0x53, 0x74, 0x80, 0x39, 0xd5, 0x80, 0x22, 0x80, 0x2a, 0x65, 0x69,
  0x67, 0x84, 0x53, 0x51, 0x80, 0x6b, 0x80, 0x99, 0x6e, 0x74, 0x61, 0x78, 0x20, 0xa4, 0x92, 0xee, 0xbe, 0x00, 0x80, 0xe1,
  0xb9, 0x6b, 0x69, 0x70, 0x20, 0x73, 0xfc, 0x2e, 0x00, 0x50, 0x44, 0x51, 0x20, 0x50, 0x80, 0x59, 0x85, 0x80, 0x79, 0x73,
  0xfc, 0x2e, 0x00, 0x41, 0x6c, 0x80, 0x9f, 0x80, 0x34, 0xd5, 0x80, 0xa8, 0x9d, 0x74, 0xbe, 0x00, 0x4d, 0x6f, 0x64, 0x81,
  0x73, 0xfc, 0x2e, 0x00, 0x54, 0x80, 0x29, 0x99, 0x90, 0x74, 0xbe, 0x00, 0x54, 0x80, 0x29, 0x99, 0xe3, 0x70, 0xbe, 0x00,
  0x53, 0xbd, 0x80, 0x6a, 0x9d, 0x76, 0x65, 0x80, 0x20, 0x73, 0xfc, 0x2e, 0x00, 0x53, 0xbd, 0x80, 0x6a, 0x61, 0x75, 0x8f,
  0x85, 0x80, 0x2b, 0xef, 0x73, 0xfc, 0x2e, 0x00, 0x54, 0x80, 0x29, 0x68, 0x69, 0x67, 0x80, 0xe5, 0x73, 0xfc, 0x2e, 0x00,
  0x45, 0x78, 0x74, 0xd5, 0x80, 0xae, 0x81, 0x73, 0xfc, 0x2e, 0x00, 0x80, 0xdb, 0xa2, 0x80, 0xb5, 0xbe, 0x00, 0x80, 0xdb,
  0xa2, 0x80, 0x65, 0x70, 0xbe, 0x00, 0x80, 0xdb, 0xa2, 0x73, 0xfc, 0x2e, 0x00, 0x80, 0xb4, 0x70, 0xb9, 0x73, 0x80, 0xc0,
  0x86, 0x73, 0xfc, 0x2e, 0x00, 0x80, 0xe1, 0x80, 0x1e, 0x81, 0x8c, 0x80, 0xb2, 0xbe, 0x00, 0x44, 0x6f, 0x80, 0xbe, 0x9e,
  0x80, 0xb5, 0xbe, 0x00, 0x44, 0x6f, 0x80, 0xbe, 0x9e, 0x80, 0x65, 0x70, 0xbe, 0x00, 0x80, 0xdb, 0x80, 0x0f, 0x80, 0x1d,
  0x80, 0xb5, 0xbe, 0x00, 0x80, 0xdb, 0x80, 0x0f, 0x80, 0x1d, 0x80, 0x65, 0x70, 0xbe, 0x00, 0x44, 0x80, 0x11, 0x8a, 0x63,
  0x82, 0x80, 0x1d, 0x80, 0xb5, 0xbe, 0x00, 0x43, 0xb9, 0x82, 0x80, 0xb5, 0xbe, 0x00, 0x43, 0xb9, 0x82, 0x80, 0x65, 0x70,
  0xbe, 0x00, 0x4f, 0x70, 0x61, 0xe5, 0x81, 0x80, 0x1d, 0x80, 0xb5, 0xbe, 0x00, 0x54, 0xc4, 0x81, 0x80, 0x65, 0x70, 0xbe,
  0x00, 0x80, 0xdb, 0x80, 0xb0, 0x8d, 0xd0, 0xbe, 0x00, 0x41, 0x63, 0x80, 0x35, 0x73, 0x5f, 0x6d, 0x65, 0x8f, 0x6f, 0x86,
  0x80, 0xb5, 0xbe, 0x00, 0x41, 0x63, 0x80, 0x35, 0x73, 0x5f, 0x6d, 0x65, 0x8f, 0x6f, 0x86, 0x80, 0x65, 0x70, 0xbe, 0x00,
  0x41, 0x63, 0x80, 0x35, 0x73, 0x5f, 0x6d, 0x65, 0x8f, 0x6f, 0x86, 0x8d, 0xd0, 0xbe, 0x00, 0x4f, 0x70, 0x80, 0xcb, 0xb9,
  0x87, 0x80, 0xb5, 0xbe, 0x00, 0x4f, 0x70, 0x80, 0xcb, 0xb9, 0x87, 0x80, 0x65, 0x70, 0xbe, 0x00, 0x43, 0xdf, 0x80, 0x3a,
  0x75, 0xed, 0x93, 0x80, 0xb5, 0xbe, 0x00, 0x4d, 0xb7, 0x85, 0x97, 0x80, 0x2e, 0x69, 0x64, 0xd5, 0x99, 0x89, 0x75, 0x87,
  0xd3, 0x8e, 0x67, 0xbe, 0x00, 0x41, 0x80, 0xf5, 0x8c, 0x67, 0x80, 0x0c, 0x80, 0xb5, 0xbe, 0x00, 0x41, 0x80, 0xf5, 0x8c,
  0x67, 0x80, 0x0c, 0x80, 0x65, 0x70, 0xbe, 0x00, 0x50, 0x80, 0x7b, 0x41, 0x80, 0xc9, 0x80, 0x4b, 0xe3, 0x95, 0xbe, 0x00,
  0xc8, 0x80, 0x33, 0x20, 0xd3, 0x92, 0x6b, 0xbe, 0x00, 0x53, 0x43, 0x48, 0x45, 0x44, 0x55, 0x80, 0xed, 0x20, 0x9d, 0x76,
  0x65, 0x80, 0x20, 0x73, 0xfc, 0x2e, 0x00, 0x45, 0x6e, 0x80, 0xa7, 0x9a, 0x6e, 0x6d, 0xd5, 0x73, 0xfc, 0x2e, 0x00, 0x53,
  0x74, 0x80, 0x39, 0xd5, 0xa4, 0x92, 0xee, 0xbe, 0x00, 0x53, 0x74, 0x80, 0x39, 0xd5, 0xa4, 0x92, 0xee, 0xbe, 0x00, 0x53,
  0x74, 0x80, 0x39, 0xd5, 0xa4, 0x92, 0xee, 0xbe, 0x00, 0x53, 0x74, 0x80, 0x39, 0xd5, 0xa4, 0x92, 0xee, 0xbe, 0x00, 0x53,
  0x74, 0x80, 0x39, 0xd5, 0x63, 0xab, 0x68, 0x81, 0x73, 0xfc, 0x2e, 0x00, 0xc8, 0x80, 0x33, 0x20, 0x8c, 0x80, 0xb2, 0xbe,
  0x00, 0x53, 0x83, 0x80, 0x1c, 0x55, 0x75, 0xe9, 0x80, 0xb5, 0xbe, 0x00, 0x53, 0xb3, 0x80, 0x1c, 0x55, 0x75, 0xe9, 0x80,
  0x65, 0x70, 0xbe, 0x00, 0x53, 0x83, 0x80, 0x1c, 0x55, 0x75, 0xe9, 0x8d, 0xd0, 0xbe, 0x00, 0x4f, 0x70, 0x61, 0xe5, 0x81,
  0x80, 0x1d, 0x8d, 0xd0, 0xbe, 0x00, 0x43, 0xdf, 0x80, 0x3a, 0x75, 0xed, 0x93, 0x80, 0x1d, 0x8d, 0xd0, 0xbe, 0x00, 0x54,
  0x80, 0x29, 0x80, 0xdd, 0xb5, 0x63, 0x89, 0xbe, 0x00, 0x49, 0x6d, 0x70, 0x80, 0x60, 0x80, 0xab, 0x80, 0xaa, 0x9b, 0x73,
  0xfc, 0x2e, 0x00, 0x53, 0x65, 0xe5, 0x95, 0x80, 0x53, 0x80, 0xb5, 0xbe, 0x00, 0x53, 0x65, 0xe5, 0x95, 0x80, 0x53, 0x80,
  0x65, 0x70, 0xbe, 0x00, 0x53, 0x65, 0xe5, 0x95, 0x80, 0x53, 0x8d, 0xd0, 0xbe, 0x00, 0x53, 0x65, 0xe5, 0x95, 0x80, 0x53,
  0x8c, 0x80, 0xb2, 0xbe, 0x00, 0x54, 0x80, 0x29, 0x80, 0xdd, 0xb5, 0x63, 0x89, 0xbe, 0x00, 0x80, 0x6f, 0x80, 0xc3, 0xef,
  0x73, 0xfc, 0x2e, 0x00, 0x44, 0x65, 0x80, 0x26, 0xe4, 0x82, 0x80, 0xe6, 0xef, 0x73, 0xfc, 0x2e, 0x00, 0x80, 0xdb, 0xa2,
  0x73, 0xfc, 0x2e, 0x00, 0x45, 0x6e, 0x63, 0x72, 0xc4, 0x74, 0x9b, 0x70, 0xb9, 0x73, 0x80, 0xc0, 0x86, 0x73, 0xfc, 0x2e,
  0x00, 0x45, 0x78, 0x80, 0xbb, 0x80, 0xe8, 0xf8, 0xd2, 0x73, 0x80, 0x05, 0xbe, 0x00, 0x58, 0x61, 0xc3, 0xb9, 0x80, 0xd1,
  0x80, 0x53, 0x80, 0x1d, 0x80, 0xb5, 0xbe, 0x00, 0x58, 0x61, 0xc3, 0xb9, 0x80, 0xd1, 0x80, 0x53, 0x80, 0xb5, 0xbe, 0x00,
  0x58, 0x61, 0xc3, 0xb9, 0x80, 0xd1, 0x80, 0x53, 0x80, 0x1d, 0x80, 0x65, 0x70, 0xbe, 0x00, 0x58, 0x61, 0xc3, 0xb9, 0x80,
  0xd1, 0x80, 0x53, 0x80, 0x65, 0x70, 0xbe, 0x00, 0x54, 0x80, 0x29, 0x80, 0xdd, 0xb5, 0x63, 0x89, 0xbe, 0x00, 0x53, 0x80,
  0xd2, 0x6c, 0x96, 0x65, 0x80, 0x20, 0x80, 0xa8, 0xdf, 0xd5, 0x80, 0xb5, 0xbe, 0x00, 0x53, 0x80, 0xd2, 0x6c, 0x96, 0x65,
  0x80, 0x20, 0x80, 0xa8, 0xdf, 0xd5, 0x8d, 0xd0, 0xbe, 0x00, 0x53, 0x80, 0xd2, 0x6c, 0x96, 0x65, 0x80, 0x20, 0x80, 0xa8,
  0xdf, 0xd5, 0x80, 0x65, 0x70, 0xbe, 0x00, 0x53, 0x80, 0xd2, 0x6c, 0x96, 0x65, 0x80, 0x20, 0x80, 0xa8, 0xdf, 0xd5, 0x8c,
  0x80, 0xb2, 0xbe, 0x00, 0x53, 0x80, 0xd2, 0x80, 0x52, 0x80, 0x60, 0x97, 0x80, 0xb5, 0xbe, 0x00, 0x53, 0x80, 0xd2, 0x80,
  0x52, 0x80, 0x60, 0x97, 0x80, 0x65, 0x70, 0xbe, 0x00, 0x53, 0x80, 0xd2, 0x80, 0x52, 0x80, 0x60, 0x97, 0x8c, 0x80, 0xb2,
  0xbe, 0x00, 0x53, 0x80, 0xd2, 0x6c, 0x96, 0x80, 0xfe, 0xfd, 0x8c, 0x89, 0xbe, 0x00, 0x53, 0x80, 0xd2, 0x6c, 0x96, 0x65,
  0x80, 0x20, 0x80, 0x65, 0x70, 0xbe, 0x00, 0x53, 0x80, 0xd2, 0x6c, 0x96, 0x65, 0x80, 0x20, 0x8c, 0x80, 0xb2, 0xbe, 0x00,
  0x80, 0xb4, 0x80, 0x45, 0x43, 0x41, 0x44, 0x4d, 0x20, 0x67, 0x80, 0x04, 0x74, 0xbe, 0x00, 0x80, 0xb4, 0x80, 0x45, 0x43,
  0x41, 0x44, 0x4d, 0x20, 0x8c, 0x76, 0x6f, 0x6b, 0xbe, 0x00, 0x53, 0x80, 0xd2, 0xa4, 0xb7, 0x80, 0x6c, 0x9b, 0x67, 0x80,
  0x04, 0x74, 0xbe, 0x00, 0x53, 0x80, 0xd2, 0xa4, 0xb7, 0x80, 0x6c, 0x9b, 0x8c, 0x76, 0x6f, 0x6b, 0xbe, 0x00, 0x53, 0x80,
  0xd2, 0x6c, 0x96, 0x65, 0x80, 0x20, 0x67, 0x80, 0x04, 0x74, 0xbe, 0x00, 0x53, 0x80, 0xd2, 0x6c, 0x96, 0x65, 0x80, 0x20,
  0x8c, 0x76, 0x6f, 0x6b, 0xbe, 0x00, 0x80, 0x45, 0x54, 0x80, 0x45, 0x53, 0x53, 0x49, 0x80, 0x8e, 0x41, 0x55, 0x54, 0x48,
  0x20, 0x70, 0x72, 0xf8, 0x80, 0x4e, 0xc5, 0x67, 0x80, 0x04, 0x74, 0xbe, 0x00, 0x80, 0x45, 0x54, 0x80, 0x45, 0x53, 0x53,
  0x49, 0x80, 0x8e, 0x41, 0x55, 0x54, 0x48, 0x20, 0x70, 0x72, 0xf8, 0x80, 0x4e, 0xc5, 0x8c, 0x76, 0x6f, 0x6b, 0xbe, 0x00,
  0x53, 0xbd, 0x80, 0x6a, 0x80, 0x06, 0x80, 0x19, 0x82, 0x73, 0xfc, 0x2e, 0x00, 0x53, 0x80, 0x05, 0x65, 0x80, 0x52, 0x8a,
  0x82, 0x73, 0xfc, 0x2e, 0x00, 0x53, 0x80, 0x05, 0x65, 0x80, 0x52, 0x8a, 0x82, 0x8c, 0x9d, 0xb9, 0xbe, 0x00, 0x54, 0x80,
  0x83, 0x9b, 0x9a, 0x80, 0xc3, 0x80, 0x5c, 0xab, 0x80, 0x12, 0xba, 0x73, 0x80, 0x05, 0x65, 0x80, 0x52, 0x8a, 0x80, 0xb6,
  0x00, 0x25, 0x86, 0x80, 0xe4, 0x28, 0x73, 0x80, 0xd8, 0x6d, 0x83, 0x67, 0xbe, 0x00, 0x25, 0x75, 0x20, 0x80, 0xe4, 0x28,
  0x73, 0x80, 0xd8, 0x8c, 0x74, 0x80, 0x59, 0x65, 0x76, 0x94, 0x8a, 0xba, 0x80, 0x57, 0x00, 0x41, 0x63, 0x80, 0x35, 0x87,
  0x67, 0x80, 0x04, 0x74, 0xbe, 0x00, 0x41, 0x63, 0x80, 0x35, 0x87, 0x8c, 0x76, 0x6f, 0x6b, 0xbe, 0x00, 0x54, 0x72, 0x75,
  0x99, 0x94, 0x80, 0x5a, 0xa4, 0x82, 0x80, 0xb5, 0xbe, 0x00, 0x54, 0x72, 0x75, 0x99, 0x94, 0x80, 0x5a, 0xa4, 0x82, 0x8d,
  0xd0, 0xbe, 0x00, 0x54, 0x72, 0x75, 0x99, 0x94, 0x80, 0x5a, 0xa4, 0x82, 0x80, 0x65, 0x70, 0xbe, 0x00, 0x54, 0x72, 0x75,
  0x99, 0x94, 0x80, 0x5a, 0xa4, 0x82, 0x8c, 0x80, 0xb2, 0xbe, 0x00, 0x80, 0xf4, 0x80, 0xb5, 0xbe, 0x00, 0x80, 0xf4, 0x8d,
  0xd0, 0xbe, 0x00, 0x80, 0xf4, 0x80, 0x65, 0x70, 0xbe, 0x00, 0x80, 0xf4, 0x8c, 0x80, 0xb2, 0xbe, 0x00, 0x80, 0xf4, 0x70,
  0xb9, 0x73, 0x80, 0xc0, 0x86, 0xd3, 0x8e, 0x67, 0xbe, 0x00, 0x43, 0xdf, 0x80, 0xef, 0x82, 0x8c, 0x80, 0xb2, 0xbe, 0x00,
  0xac, 0x8c, 0x80, 0x73, 0x6e, 0xfc, 0x80, 0xc0, 0x80, 0x12, 0xa8, 0xa5, 0x61, 0x75, 0x8f, 0x85, 0x80, 0x2b, 0xef, 0xaf,
  0x80, 0x01, 0x00, 0x80, 0xf4, 0x8b, 0x80, 0xad, 0x86, 0x9e, 0x6e, 0xfc, 0x80, 0xc0, 0x80, 0x12, 0xa8, 0xa5, 0x61, 0x75,
  0x8f, 0x85, 0x80, 0x2b, 0xef, 0xaf, 0x80, 0x01, 0x00, 0x80, 0xf4, 0x8b, 0x61, 0x75, 0x8f, 0x85, 0x80, 0x2b, 0x94, 0x93,
  0x80, 0x75, 0x6d, 0x80, 0xf7, 0xcd, 0x80, 0x59, 0xd2, 0x9e, 0x61, 0x75, 0x8f, 0x85, 0x80, 0x2b, 0xef, 0xaf, 0x80, 0x01,
  0x20, 0x00, 0x4c, 0xda, 0x95, 0x73, 0x94, 0x80, 0x28, 0x46, 0x4f, 0x52, 0x4d, 0x49, 0x58, 0x2d, 0x53, 0x51, 0x80, 0x6b,
  0x80, 0x03, 0x80, 0xb8, 0x8b, 0x80, 0xcf, 0x73, 0x80, 0xd4, 0x80, 0x01, 0x00, 0x41, 0x75, 0x8f, 0x85, 0x80, 0x2b, 0xef,
  0x80, 0x4b, 0x8b, 0xf4, 0x80, 0x60, 0x95, 0x73, 0x94, 0x80, 0x28, 0x46, 0x4f, 0x52, 0x4d, 0x49, 0x58, 0x2d, 0x53, 0x51,
  0x80, 0x6b, 0x80, 0x03, 0x80, 0x1c, 0x2e, 0x00, 0xac, 0x80, 0x78, 0x80, 0x0c, 0x73, 0x71, 0x9d, 0x78, 0x92, 0x20, 0x80,
  0x03, 0x76, 0xda, 0x65, 0x2f, 0x74, 0x63, 0x70, 0x20, 0x80, 0x03, 0x76, 0xda, 0x81, 0x9e, 0x2f, 0xfc, 0x63, 0x2f, 0x80,
  0x03, 0x76, 0xda, 0x80, 0xaf, 0x00, 0xac, 0x80, 0x78, 0x80, 0x0c, 0x80, 0xa2, 0x80, 0x03, 0x80, 0xb8, 0x28, 0xd3, 0x92,
  0x80, 0x12, 0x80, 0xb4, 0x50, 0x41, 0x54, 0x48, 0x29, 0x2e, 0x00, 0xac, 0x80, 0x9e, 0x73, 0x80, 0xa3, 0x80, 0x85, 0x82,
  0xf4, 0x80, 0x90, 0x6e, 0x82, 0x80, 0xa2, 0x80, 0x03, 0x80, 0x1c, 0x2e, 0x00, 0x41, 0x74, 0x80, 0x8d, 0x70, 0x82, 0xba,
  0x80, 0xf2, 0x80, 0x8b, 0xba, 0x80, 0xa2, 0x80, 0x03, 0x80, 0xb8, 0xcc, 0x80, 0xec, 0x00, 0x80, 0x23, 0x80, 0xa2, 0x80,
  0x46, 0x80, 0x4a, 0x89, 0x2e, 0x00, 0xac, 0x80, 0x9e, 0xe1, 0xc8, 0x80, 0x4a, 0x69, 0x78, 0x20, 0x44, 0x79, 0x80, 0xb2,
  0xda, 0x20, 0x53, 0x83, 0x80, 0xb8, 0x80, 0xa2, 0x80, 0xcc, 0xe1, 0x80, 0x28, 0x46, 0x4f, 0x52, 0x4d, 0x49, 0x58, 0x2d,
  0x80, 0x45, 0xfd, 0x6c, 0x69, 0x80, 0xee, 0x00, 0x53, 0x79, 0x80, 0xe7, 0xc0, 0x93, 0x2d, 0x20, 0xac, 0x8c, 0x80, 0x73,
  0x80, 0xcc, 0x70, 0x69, 0x70, 0xc2, 0x00, 0x4e, 0xfc, 0x80, 0xc0, 0x6b, 0xc0, 0x93, 0x2d, 0x20, 0x80, 0x6f, 0x80, 0xd3,
  0x77, 0x72, 0xbf, 0x81, 0xba, 0x80, 0xa2, 0x80, 0x03, 0x80, 0x1c, 0x2e, 0x00, 0x4e, 0xfc, 0x80, 0xc0, 0x6b, 0xc0, 0x93,
  0x2d, 0x20, 0x80, 0x6f, 0x80, 0xd3, 0x8c, 0x80, 0x73, 0x80, 0xcc, 0x80, 0xa2, 0x80, 0x03, 0x80, 0x1c, 0x2e, 0x00, 0x53,
  0x79, 0x80, 0xe7, 0xc0, 0x93, 0x2d, 0x20, 0xac, 0x77, 0x72, 0xbf, 0x81, 0xba, 0x70, 0x69, 0x70, 0xc2, 0x00, 0xac, 0x80,
  0x9e, 0xe1, 0x80, 0x28, 0x46, 0x4f, 0x52, 0x4d, 0x49, 0x58, 0x2d, 0x80, 0x45, 0x20, 0x80, 0xa2, 0x80, 0xcc, 0xe1, 0xc8,
  0x80, 0x4a, 0x69, 0x78, 0x20, 0x44, 0x79, 0x80, 0xb2, 0xda, 0x20, 0x53, 0x83, 0x80, 0xb8, 0x80, 0xcb, 0x69, 0x80, 0xee,
  0x00, 0x4e, 0x46, 0x53, 0x20, 0x80, 0x41, 0xb5, 0x82, 0xf2, 0xb3, 0x80, 0xfa, 0x00, 0x4d, 0x80, 0x3b, 0x63, 0xaa, 0x73,
  0x81, 0x80, 0x90, 0x6e, 0x82, 0x80, 0xa2, 0x80, 0x97, 0x80, 0x2a, 0x81, 0xa8, 0xc7, 0xa1, 0x6e, 0x80, 0xe3, 0x80, 0x3e,
  0xc2, 0x00, 0x80, 0xba, 0x80, 0x74, 0xb6, 0x94, 0x80, 0xa6, 0x8c, 0x80, 0x5f, 0xf8, 0x94, 0x80, 0xcc, 0x61, 0x88, 0x8f,
  0xa5, 0x80, 0xa2, 0x80, 0x03, 0x80, 0x1c, 0x2e, 0x00, 0x53, 0x79, 0x80, 0xe7, 0xcb, 0x2e, 0x80, 0x72, 0x57, 0x9a, 0x6e,
  0xb2, 0x80, 0xbf, 0x80, 0xf8, 0x80, 0x96, 0xb4, 0xcd, 0x87, 0xba, 0x80, 0xa2, 0x80, 0x03, 0x80, 0xb8, 0x80, 0x16, 0x80,
  0x35, 0xf7, 0x00, 0xac, 0x8c, 0x80, 0x73, 0x80, 0xc4, 0x80, 0xfc, 0xd8, 0x64, 0x80, 0x2e, 0x87, 0x9e, 0x6e, 0xfc, 0x80,
  0xc0, 0x80, 0x12, 0x80, 0xa6, 0x62, 0xb9, 0xc2, 0x00, 0x53, 0x79, 0x80, 0xe7, 0xcb, 0x2e, 0x80, 0x72, 0x49, 0x6c, 0x9d,
  0x67, 0xdc, 0x93, 0x77, 0x9a, 0x6e, 0xb2, 0x80, 0xbf, 0x80, 0xf8, 0x80, 0x96, 0xb4, 0xcd, 0x87, 0xba, 0x73, 0x71, 0x9d,
  0x78, 0x92, 0x20, 0x80, 0x03, 0x80, 0x1c, 0x2e, 0x00, 0xac, 0x67, 0x65, 0x82, 0x80, 0x46, 0xc6, 0x80, 0x90, 0x6e, 0x82,
  0x80, 0xc0, 0x6b, 0xc7, 0x80, 0xe8, 0x85, 0x80, 0x9c, 0x00, 0xc8, 0x80, 0x4a, 0x69, 0x78, 0x20, 0xa6, 0x80, 0x60, 0x95,
  0x73, 0x94, 0xba, 0x80, 0xcf, 0x87, 0xa7, 0x80, 0x90, 0x6e, 0x82, 0x80, 0xa2, 0x80, 0x03, 0x80, 0xb8, 0xdf, 0x6c, 0x80,
  0x9c, 0x00, 0xc8, 0x80, 0x4a, 0x69, 0x78, 0x20, 0x80, 0x08, 0x80, 0x60, 0x95, 0x73, 0x94, 0xba, 0x80, 0xcf, 0x87, 0xa7,
  0x80, 0x84, 0x80, 0xa2, 0x80, 0x03, 0x80, 0x1c, 0x2e, 0x00, 0xd7, 0x80, 0x16, 0x80, 0x36, 0xdb, 0x20, 0x80, 0x1d, 0x73,
  0x80, 0xc4, 0x80, 0x92, 0xe0, 0x74, 0x63, 0x70, 0x2e, 0x00, 0xd7, 0x80, 0xa2, 0x80, 0x03, 0x80, 0xb8, 0x80, 0x08, 0x80,
  0x60, 0x95, 0x73, 0x94, 0xc1, 0xea, 0x80, 0x3a, 0x80, 0xd4, 0xee, 0x94, 0x80, 0xa6, 0x80, 0xcf, 0xf7, 0x00, 0x45, 0x78,
  0x80, 0x5f, 0x80, 0x1a, 0x94, 0x6c, 0x80, 0x06, 0x80, 0xab, 0xf4, 0x80, 0xbe, 0x78, 0x80, 0x06, 0xb4, 0x20, 0x80, 0xbf,
  0x80, 0xf8, 0x80, 0x03, 0x80, 0x1c, 0x87, 0x79, 0x80, 0xa4, 0xfd, 0xe1, 0x80, 0xf6, 0x95, 0x63, 0xc2, 0x00, 0xd7, 0x80,
  0xa2, 0x80, 0x03, 0x80, 0xb8, 0x80, 0x08, 0x80, 0x60, 0x95, 0x73, 0x94, 0xc1, 0xea, 0x80, 0x3a, 0x80, 0xd4, 0xee, 0x94,
  0x80, 0xa6, 0x80, 0xcf, 0xf7, 0x00, 0x53, 0x51, 0x4c, 0x49, 0x20, 0x50, 0x9a, 0x80, 0x36, 0xdb, 0x20, 0x80, 0x8a, 0x80,
  0xfa, 0x80, 0x72, 0x53, 0xbd, 0x80, 0x6a, 0xd0, 0x6d, 0x8a, 0x89, 0xbe, 0x00, 0xac, 0x80, 0xf2, 0x80, 0x8b, 0xba, 0x80,
  0xa2, 0x80, 0x03, 0x80, 0xb8, 0x80, 0x03, 0x80, 0x1c, 0x80, 0xb2, 0xc2, 0x00, 0xac, 0x80, 0x78, 0x80, 0x0c, 0x80, 0xa0,
  0x80, 0x03, 0x76, 0xda, 0x65, 0x2f, 0x74, 0x63, 0x70, 0x20, 0x80, 0x03, 0x76, 0xda, 0x81, 0x9e, 0x2f, 0xfc, 0x63, 0x2f,
  0x80, 0x03, 0x76, 0xda, 0x80, 0xaf, 0x00, 0x80, 0xb9, 0xf4, 0x6e, 0xfc, 0x80, 0xc0, 0x80, 0x12, 0x80, 0xf2, 0xb6, 0xca,
  0x80, 0x0b, 0x80, 0xa0, 0x80, 0x99, 0x80, 0xe7, 0xfd, 0x8d, 0x80, 0x20, 0x80, 0xec, 0x00, 0x80, 0xba, 0x6b, 0x88, 0x77,
  0x84, 0x6e, 0xfc, 0x80, 0xc0, 0x80, 0x12, 0x80, 0x1d, 0x80, 0x84, 0x9e, 0x80, 0xb4, 0x4e, 0x45, 0x54, 0x54, 0x59, 0x50,
  0x45, 0x2e, 0x00, 0x43, 0xdf, 0x6e, 0x80, 0x77, 0xba, 0x8c, 0x80, 0x41, 0x80, 0x98, 0x73, 0xbf, 0x81, 0x80, 0xe9, 0xaa,
  0x6e, 0x67, 0xa5, 0xb1, 0x69, 0xa9, 0x20, 0x00, 0xac, 0x6f, 0x62, 0x74, 0x61, 0x9e, 0x49, 0x50, 0x58, 0x20, 0xd8, 0x64,
  0x80, 0x2e, 0x87, 0xc1, 0x80, 0x03, 0x76, 0xda, 0x81, 0x80, 0x46, 0x80, 0xd0, 0x00, 0x80, 0xb9, 0xf4, 0x8c, 0x80, 0x41,
  0x80, 0x98, 0x80, 0xf2, 0xb6, 0xca, 0x80, 0x0b, 0x80, 0xd0, 0x00, 0x80, 0xf4, 0x44, 0x65, 0x80, 0x2f, 0x94, 0x80, 0xdb,
  0x80, 0xb0, 0xb3, 0x80, 0xfa, 0x00, 0x56, 0x41, 0x4c, 0x55, 0x45, 0x53, 0xfd, 0x80, 0x54, 0x80, 0x1f, 0x80, 0xbe, 0x97,
  0x8b, 0x80, 0xd7, 0x80, 0x74, 0x80, 0x2e, 0x73, 0xca, 0x87, 0x69, 0x66, 0x20, 0xa1, 0x80, 0x38, 0x73, 0x93, 0xa6, 0x64,
  0x92, 0x80, 0x54, 0x8c, 0x86, 0xf4, 0xe1, 0x80, 0x28, 0x80, 0x45, 0x52, 0x54, 0x2e, 0x00, 0x44, 0x75, 0x81, 0xba, 0x6c,
  0xf5, 0x80, 0xbf, 0x80, 0xf8, 0x6d, 0xbd, 0x73, 0xeb, 0xbd, 0x80, 0x0b, 0x73, 0x6f, 0x6d, 0x81, 0x80, 0xd7, 0x80, 0x97,
  0x80, 0x02, 0x73, 0x6b, 0x69, 0x70, 0x70, 0xbe, 0x00, 0xd7, 0x80, 0xf9, 0x80, 0x26, 0xfb, 0x80, 0x5c, 0x80, 0xc7, 0xa7,
  0x57, 0x49, 0x54, 0x48, 0x20, 0x43, 0x48, 0x45, 0x43, 0x4b, 0x20, 0x4f, 0x50, 0x54, 0x49, 0x80, 0x8e, 0x20, 0x80, 0x85,
  0x79, 0x80, 0xc0, 0x64, 0x87, 0x80, 0x87, 0x8b, 0x80, 0x7e, 0x94, 0x8a, 0x0a, 0x20, 0x55, 0x4e, 0x49, 0x80, 0x8e, 0x80,
  0x0b, 0x80, 0x28, 0x80, 0x10, 0x52, 0x80, 0x45, 0x43, 0x54, 0x80, 0x0b, 0x93, 0x4d, 0x80, 0x28, 0x55, 0x53, 0x20, 0x80,
  0xa7, 0x65, 0x77, 0xf7, 0x00, 0x53, 0x80, 0xdd, 0xc7, 0x80, 0x16, 0x80, 0x35, 0x73, 0xc7, 0xb3, 0x93, 0x80, 0x82, 0x80,
  0xd9, 0x65, 0x80, 0x13, 0x89, 0xc7, 0x66, 0x80, 0x7d, 0x80, 0xd0, 0x00, 0x54, 0x80, 0x83, 0x9b, 0x80, 0x37, 0x6d, 0x80,
  0xab, 0x80, 0x26, 0xfb, 0x94, 0x2d, 0x20, 0x80, 0xaa, 0x9b, 0xf0, 0x6c, 0x80, 0x20, 0xe0, 0x9a, 0x80, 0xc3, 0x80, 0x5c,
  0xab, 0x6b, 0x2e, 0x00, 0x46, 0x80, 0x81, 0x86, 0xa1, 0x80, 0xb1, 0x2d, 0xd0, 0x6d, 0x8a, 0x89, 0x94, 0x80, 0x37, 0x6d,
  0xd5, 0x28, 0x22, 0x2f, 0x2a, 0x22, 0x20, 0x80, 0x22, 0x80, 0xe9, 0x80, 0xdf, 0xd3, 0xc7, 0x22, 0x2a, 0x2f, 0x22, 0x29,
  0x2e, 0x00, 0xac, 0x80, 0x1f, 0x22, 0xaf, 0x72, 0x99, 0x22, 0x80, 0x0b, 0x22, 0x6c, 0x80, 0x06, 0xbf, 0x22, 0x80, 0xde,
  0x22, 0x73, 0x6b, 0x69, 0x70, 0x22, 0x20, 0x9e, 0x80, 0xa5, 0x80, 0x5a, 0xa4, 0x80, 0xb6, 0x00, 0x80, 0x23, 0x80, 0x50,
  0xbc, 0xfc, 0xa5, 0x67, 0xf8, 0x80, 0x02, 0xba, 0x64, 0x62, 0x8a, 0x66, 0x6f, 0x28, 0x80, 0x1c, 0x73, 0xca, 0x29, 0x2e,
  0x00, 0x53, 0x80, 0xd1, 0x80, 0x53, 0x80, 0x3a, 0xc7, 0xc1, 0x55, 0x50, 0x50, 0x45, 0x52, 0x80, 0x0b, 0x80, 0x7b, 0x57,
  0x45, 0x80, 0x62, 0x80, 0x3f, 0x80, 0x28, 0x49, 0x54, 0x43, 0x41, 0x50, 0x20, 0x80, 0x88, 0xc6, 0x80, 0x3a, 0xc7, 0x80,
  0xff, 0x00, 0x44, 0x92, 0x6c, 0x90, 0xef, 0xc6, 0xe1, 0x53, 0x50, 0x80, 0x6b, 0x80, 0xb3, 0x80, 0x29, 0x80, 0xb2, 0x94,
  0x27, 0x6e, 0xe4, 0x6c, 0x27, 0x20, 0xcf, 0x66, 0x80, 0x60, 0x74, 0x87, 0x80, 0x22, 0x53, 0x51, 0x80, 0x6b, 0x4e, 0x55,
  0x4c, 0x80, 0x6b, 0x80, 0x13, 0xc2, 0x00, 0xac, 0x8c, 0x80, 0x46, 0xcf, 0x80, 0xef, 0x82, 0x80, 0x63, 0x2e, 0x00, 0x80,
  0xba, 0x80, 0x29, 0xba, 0x8d, 0x80, 0x9f, 0x80, 0x80, 0xef, 0x73, 0xd3, 0xb7, 0x81, 0x80, 0x82, 0x80, 0x02, 0x80, 0x63,
  0xd2, 0xea, 0x73, 0x96, 0x9d, 0xa9, 0x00, 0x80, 0xf4, 0x80, 0xa0, 0x80, 0x08, 0x6b, 0x88, 0x77, 0x84, 0xf4, 0xa7, 0x80,
  0xa2, 0x80, 0x03, 0x80, 0x1c, 0x2e, 0x00, 0xc8, 0x80, 0x95, 0x8c, 0x63, 0x82, 0x70, 0xb9, 0x73, 0x80, 0xc0, 0x86, 0x93,
  0xa8, 0xa5, 0x80, 0xa0, 0x80, 0x08, 0x6b, 0x88, 0x77, 0x84, 0xf4, 0xa7, 0x80, 0xa2, 0x80, 0x03, 0x80, 0x1c, 0x2e, 0x00,
  0x80, 0xf4, 0xae, 0x27, 0x87, 0x70, 0xb9, 0x73, 0x80, 0xc0, 0x86, 0x80, 0x08, 0x80, 0x95, 0x8c, 0x63, 0x82, 0xc1, 0xa7,
  0x80, 0xa2, 0x80, 0x03, 0x80, 0x1c, 0x2e, 0x00, 0x4e, 0xfc, 0x80, 0xc0, 0x80, 0x12, 0x80, 0x03, 0x80, 0xb8, 0x98, 0x80,
  0xd3, 0xa4, 0x92, 0x20, 0x73, 0x71, 0x9d, 0x78, 0x92, 0x20, 0x80, 0x16, 0x67, 0x72, 0xbc, 0x2e, 0x00, 0x43, 0x6c, 0x69,
  0xd5, 0x80, 0x08, 0x6b, 0x88, 0x77, 0x84, 0xba, 0x80, 0xa2, 0x80, 0x03, 0x80, 0x1c, 0x2e, 0x00, 0x80, 0xe1, 0x80, 0x1e,
  0x81, 0x80, 0x03, 0x80, 0xb8, 0x98, 0x80, 0xd3, 0x8c, 0x80, 0x5f, 0x80, 0xc6, 0x80, 0xa6, 0x80, 0xac, 0x6d, 0xfd, 0x6c,
  0x69, 0x80, 0xee, 0x00, 0x43, 0x6c, 0x69, 0xd5, 0x80, 0xc4, 0x80, 0xfc, 0x93, 0xa8, 0xa5, 0x80, 0xa0, 0x80, 0x08, 0x80,
  0xdd, 0x75, 0x99, 0x80, 0x5c, 0x97, 0xa7, 0x80, 0x03, 0x80, 0x1c, 0x2e, 0x00, 0xac, 0x80, 0xb5, 0x65, 0x2f, 0x80, 0xcf,
  0x87, 0x80, 0xa2, 0xf4, 0x4e, 0x46, 0x53, 0x20, 0x80, 0x41, 0xb5, 0x80, 0xb6, 0x00, 0x54, 0xb7, 0x70, 0x20, 0xf2, 0xcc,
  0x80, 0x68, 0x80, 0x5b, 0x87, 0x9e, 0x73, 0xbd, 0x73, 0x80, 0x17, 0x00, 0xd7, 0x80, 0x90, 0x6e, 0x82, 0x80, 0xaa, 0x9b,
  0x80, 0x56, 0x80, 0x97, 0x80, 0x02, 0x9a, 0x80, 0xc3, 0x80, 0x5c, 0xab, 0x80, 0x12, 0x64, 0x75, 0x81, 0xba, 0xe1, 0x8a,
  0x80, 0x55, 0x8d, 0xcb, 0x2e, 0x00, 0x80, 0x23, 0xa8, 0xa5, 0x70, 0xa5, 0xa7, 0x80, 0x45, 0x43, 0x55, 0x52, 0x49, 0x54,
  0x59, 0x5f, 0x80, 0x7b, 0x43, 0x41, 0x4c, 0x43, 0x80, 0x8e, 0x4e, 0x45, 0x43, 0x54, 0x49, 0x80, 0x8e, 0x20, 0xcf, 0xaf,
  0x67, 0xb0, 0xef, 0x80, 0x50, 0xbc, 0x65, 0xd0, 0x2e, 0x00, 0xc8, 0x74, 0x65, 0x67, 0x72, 0x80, 0x79, 0x76, 0x91, 0x6c,
  0x89, 0xca, 0x87, 0xe2, 0x74, 0xb6, 0xbe, 0x00, 0x80, 0xba, 0x80, 0x29, 0xba, 0x8d, 0x80, 0x9f, 0xf2, 0x80, 0xd0, 0x00,
  0xac, 0x8a, 0x80, 0x03, 0x82, 0x80, 0xcc, 0xa7, 0x76, 0x91, 0x6c, 0x89, 0xca, 0x87, 0xf2, 0xba, 0xa7, 0x74, 0x80, 0x96,
  0x65, 0x82, 0x80, 0x57, 0x00, 0xac, 0x80, 0x65, 0x20, 0x8b, 0x6e, 0xe4, 0x80, 0x20, 0xcf, 0x80, 0xef, 0x82, 0xf4, 0xa7,
  0x80, 0x03, 0x69, 0xdc, 0x80, 0x8c, 0x2e, 0x00, 0x80, 0x23, 0x6f, 0xde, 0x80, 0x8b, 0x80, 0x3f, 0x6f, 0xde, 0x80, 0x8b,
  0x80, 0x41, 0x64, 0x81, 0x80, 0x37, 0x62, 0x8a, 0x89, 0x80, 0x17, 0x00, 0x54, 0x80, 0x29, 0x80, 0x88, 0x80, 0x80, 0x80,
  0x5c, 0x97, 0x80, 0x74, 0x80, 0x2e, 0x80, 0x6a, 0xba, 0x67, 0x80, 0x04, 0x82, 0x80, 0x34, 0xd5, 0x61, 0x75, 0x8f, 0x85,
  0xbf, 0x80, 0x9c, 0x00, 0x80, 0x66, 0x80, 0x67, 0x6d, 0x80, 0x31, 0x80, 0x6a, 0xf4, 0x80, 0x34, 0xd5, 0x80, 0x25, 0x00,
  0x80, 0x66, 0x8a, 0x80, 0x03, 0x82, 0x80, 0x67, 0x6d, 0x80, 0x31, 0x80, 0x6a, 0xf4, 0xa7, 0x76, 0x91, 0x6c, 0x89, 0xca,
  0x73, 0x2f, 0xea, 0xeb, 0x88, 0x99, 0xda, 0x87, 0x80, 0xf0, 0xf7, 0x00, 0x80, 0xb9, 0x95, 0x98, 0xb5, 0xd0, 0x94, 0x80,
  0x82, 0x80, 0x02, 0x80, 0x50, 0x73, 0xc7, 0x9a, 0x80, 0xb0, 0x73, 0x69, 0x67, 0x6e, 0x89, 0x75, 0x8c, 0x2e, 0x00, 0xd7,
  0x80, 0x84, 0x80, 0x4d, 0xe5, 0x95, 0x80, 0x53, 0x6f, 0xde, 0x80, 0x8b, 0xcc, 0x80, 0x08, 0x80, 0x3c, 0x80, 0x3e, 0xc2,
  0x00, 0x53, 0x65, 0xe5, 0x95, 0x80, 0x53, 0xcc, 0x80, 0x68, 0x80, 0x5b, 0x87, 0x80, 0x3c, 0x80, 0x3e, 0xc2, 0x00, 0x80,
  0xc5, 0x53, 0x65, 0xe5, 0x95, 0x80, 0x53, 0x6f, 0xde, 0x80, 0x8b, 0x80, 0x7c, 0x80, 0xe2, 0x80, 0x6d, 0xa6, 0x8a, 0x80,
  0x00, 0x93, 0x80, 0xa4, 0x82, 0xc6, 0x80, 0x04, 0x67, 0xc2, 0x00, 0x44, 0xe6, 0x80, 0x60, 0x80, 0x0c, 0x93, 0xcf, 0x66,
  0x80, 0x60, 0x74, 0xc7, 0xcc, 0x80, 0x21, 0x63, 0xef, 0x9e, 0x80, 0x4d, 0xe5, 0x95, 0x80, 0x53, 0x80, 0x7c, 0xbf, 0x80,
  0x17, 0x00, 0x4d, 0x41, 0x58, 0x56, 0x41, 0x4c, 0x55, 0x45, 0xfd, 0x9f, 0xe0, 0x9d, 0x73, 0x87, 0x8f, 0xe1, 0x4d, 0x80,
  0x28, 0x56, 0x41, 0x4c, 0x55, 0x45, 0x2e, 0x00, 0x80, 0x28, 0x43, 0x80, 0x5d, 0x4d, 0x45, 0x4e, 0x80, 0x32, 0x30, 0x20,
  0x80, 0x08, 0x80, 0x9b, 0x9e, 0x80, 0x4d, 0xe5, 0x95, 0x80, 0x35, 0x2e, 0x00, 0x43, 0x41, 0x43, 0x48, 0x45, 0x20, 0x80,
  0xae, 0x81, 0x73, 0x80, 0xc4, 0x80, 0x92, 0xe0, 0x80, 0x3c, 0x80, 0x04, 0xc5, 0xc6, 0x31, 0x20, 0xba, 0x32, 0x2c, 0x31,
  0x34, 0x37, 0x2c, 0x34, 0x38, 0x33, 0x2c, 0x36, 0x34, 0x37, 0x2e, 0x00, 0x43, 0x41, 0x43, 0x48, 0x45, 0x20, 0x80, 0xae,
  0x81, 0x73, 0x80, 0xc4, 0x80, 0x92, 0xe0, 0x9d, 0x73, 0x87, 0x8f, 0xe1, 0xdf, 0x81, 0x63, 0x79, 0x63, 0x80, 0x01, 0x20,
  0xd7, 0xe2, 0x80, 0x26, 0xe4, 0x82, 0x43, 0x41, 0x43, 0x48, 0x45, 0x20, 0x80, 0xae, 0x81, 0xa6, 0x32, 0x30, 0x2e, 0x00,
  0xac, 0x80, 0x4d, 0x82, 0x53, 0x54, 0x41, 0x52, 0x80, 0x32, 0x80, 0x6d, 0x9d, 0x73, 0x87, 0x8f, 0xe1, 0x4d, 0x80, 0x28,
  0x56, 0x41, 0x4c, 0x55, 0x45, 0x80, 0xde, 0x67, 0x8c, 0x89, 0xa5, 0x8f, 0xe1, 0x4d, 0x41, 0x58, 0x56, 0x41, 0x4c, 0x55,
  0x45, 0x2e, 0x00, 0xac, 0x80, 0x5d, 0x53, 0x54, 0x41, 0x52, 0x80, 0x32, 0xa7, 0x80, 0x4d, 0xe5, 0x95, 0x80, 0x53, 0x80,
  0x93, 0xa1, 0x80, 0x6d, 0x9d, 0x73, 0x87, 0x8f, 0xe1, 0x4d, 0x80, 0x28, 0x56, 0x41, 0x4c, 0x55, 0x45, 0x80, 0xde, 0x67,
  0x8c, 0x89, 0xa5, 0x8f, 0x8e, 0x0a, 0x4d, 0x41, 0x58, 0x56, 0x41, 0x4c, 0x55, 0x45, 0x2e, 0x00, 0x4d, 0x80, 0x28, 0x56,
  0x41, 0x4c, 0x55, 0x45, 0xfd, 0x9f, 0xe0, 0x80, 0x4d, 0x82, 0xba, 0x80, 0xea, 0x94, 0x80, 0x90, 0x6e, 0x82, 0x80, 0x13,
  0xc2, 0x00, 0x4d, 0x41, 0x58, 0x56, 0x41, 0x4c, 0x55, 0x45, 0xfd, 0x9f, 0xe0, 0x80, 0x4d, 0x82, 0xba, 0xe0, 0x9d, 0x73,
  0x73, 0xa5, 0x8f, 0xe1, 0xa7, 0x80, 0x90, 0x6e, 0x82, 0x80, 0x13, 0xc2, 0x00, 0x80, 0x66, 0xe3, 0x74, 0xca, 0x87, 0x80,
  0x84, 0xc1, 0x41, 0x4c, 0x80, 0x10, 0x80, 0x62, 0x80, 0x45, 0x51, 0x55, 0x45, 0x4e, 0x43, 0x45, 0x2e, 0x00, 0x53, 0x65,
  0xe5, 0x95, 0x80, 0x53, 0xcc, 0x80, 0xea, 0x80, 0x1a, 0x87, 0xbf, 0x87, 0x4d, 0x41, 0x58, 0x56, 0x41, 0x4c, 0x55, 0x45,
  0x2e, 0x00, 0x53, 0x65, 0xe5, 0x95, 0x80, 0x53, 0xcc, 0x67, 0x6f, 0xd2, 0x80, 0x97, 0xaa, 0x80, 0x0f, 0xbf, 0x87, 0x4d,
  0x80, 0x28, 0x56, 0x41, 0x4c, 0x55, 0x45, 0x2e, 0x00, 0x53, 0x65, 0xe5, 0x95, 0x80, 0x53, 0xcc, 0x43, 0x55, 0x52, 0x52,
  0x56, 0x41, 0x80, 0x6b, 0x80, 0x08, 0x79, 0x65, 0x82, 0x80, 0x7c, 0x94, 0x9e, 0x80, 0xa5, 0x73, 0xbd, 0x73, 0x80, 0x17,
  0x00, 0xac, 0x8c, 0x80, 0x46, 0xa1, 0x80, 0x4d, 0xe5, 0x95, 0x80, 0x53, 0x6f, 0xde, 0x80, 0x8b, 0xa8, 0xc7, 0xa1, 0x80,
  0x99, 0x80, 0xb1, 0x79, 0x6d, 0x2e, 0x00, 0x80, 0xc5, 0x80, 0x4d, 0xe5, 0x95, 0x80, 0x53, 0x6f, 0xde, 0x80, 0x8b, 0x80,
  0x70, 0x61, 0x70, 0x70, 0x65, 0x90, 0x20, 0x80, 0x3c, 0x46, 0x52, 0x4f, 0x4d, 0xfd, 0x80, 0x54, 0xa8, 0xc2, 0x00, 0xce,
  0xa6, 0x80, 0x27, 0x9b, 0x80, 0x08, 0x80, 0x9b, 0xf4, 0x80, 0x4d, 0xe5, 0x95, 0x80, 0x53, 0x6f, 0xf6, 0x2e, 0x00, 0x53,
  0x65, 0xe5, 0x95, 0x80, 0x53, 0x6f, 0xde, 0x80, 0x8b, 0x80, 0xe0, 0xa8, 0x94, 0x68, 0x83, 0xc2, 0x00, 0x4f, 0x6e, 0x80,
  0x47, 0x80, 0x45, 0x80, 0xed, 0x43, 0x80, 0x32, 0x80, 0x3f, 0x41, 0x4c, 0x80, 0x10, 0x80, 0x62, 0x80, 0x87, 0x80, 0x00,
  0x70, 0x72, 0xf8, 0x80, 0x4e, 0x67, 0xd2, 0xc1, 0x80, 0x4d, 0xe5, 0x95, 0x80, 0x53, 0x6f, 0xf6, 0xf7, 0x00, 0x4e, 0x6f,
  0x82, 0x6f, 0x77, 0x6e, 0x80, 0xf8, 0x80, 0x4d, 0xe5, 0x95, 0x80, 0x53, 0x6f, 0xf6, 0x2e, 0x00, 0x52, 0xb7, 0x6f, 0x80,
  0x98, 0x80, 0x4d, 0xe5, 0x95, 0x63, 0xd2, 0x80, 0x87, 0x8b, 0x80, 0x7e, 0x94, 0x80, 0x90, 0x6e, 0x74, 0x6c, 0x80, 0x9c,
  0x00, 0x52, 0xb7, 0x6f, 0x80, 0x98, 0x80, 0x4d, 0xe5, 0x95, 0x80, 0x53, 0x80, 0x08, 0x80, 0x7e, 0x94, 0x80, 0x90, 0x6e,
  0x74, 0x6c, 0x80, 0x9c, 0x00, 0x53, 0x83, 0x69, 0xdc, 0x80, 0x2a, 0x65, 0x69, 0x67, 0x84, 0x80, 0x85, 0x79, 0x87, 0x73,
  0x80, 0xc4, 0x80, 0xd3, 0x8c, 0x66, 0xa5, 0xba, 0x80, 0x03, 0x69, 0xdc, 0xb5, 0x69, 0xe5, 0x81, 0x80, 0x85, 0x79, 0xf7,
  0x00, 0x44, 0x80, 0x11, 0x8a, 0x63, 0x82, 0x63, 0x80, 0x54, 0x80, 0x1f, 0x80, 0x08, 0x80, 0x9b, 0xf4, 0xa1, 0x80, 0x4d,
  0xe5, 0x95, 0x63, 0xc2, 0x00, 0x57, 0x72, 0xbf, 0x81, 0x80, 0xec, 0x20, 0x25, 0x2e, 0x30, 0x6c, 0x66, 0x20, 0x80, 0xe4,
  0x87, 0xb5, 0xaa, 0xd8, 0x94, 0x28, 0xd3, 0x92, 0x80, 0x12, 0xe4, 0x80, 0x06, 0x80, 0xab, 0x93, 0xea, 0x73, 0x80, 0x12,
  0x80, 0x51, 0x65, 0x29, 0x2e, 0x00, 0x57, 0x72, 0xbf, 0x81, 0x80, 0xec, 0x20, 0x25, 0x80, 0xc3, 0x86, 0x80, 0xe4, 0x87,
  0xb5, 0xaa, 0xd8, 0x94, 0x28, 0xd3, 0x92, 0x80, 0x12, 0xe4, 0x80, 0x06, 0x80, 0xab, 0x93, 0xea, 0x73, 0x80, 0x12, 0x80,
  0x51, 0x65, 0x29, 0x2e, 0x00, 0x80, 0x23, 0xf2, 0x93, 0x80, 0xa7, 0x80, 0xe3, 0x80, 0x46, 0xcc, 0x80, 0x3c, 0x80, 0x5d,
  0x46, 0x45, 0x80, 0x5d, 0x4e, 0x43, 0x80, 0x28, 0x47, 0xfd, 0x80, 0x54, 0x80, 0x1f, 0x80, 0xb7, 0x43, 0x80, 0x5d, 0x41,
  0x80, 0x10, 0x0a, 0x50, 0x52, 0x4f, 0x43, 0x45, 0x44, 0x55, 0x80, 0x5d, 0x80, 0xde, 0x43, 0x80, 0x5d, 0x41, 0x80, 0x10,
  0x20, 0x46, 0x55, 0x4e, 0x43, 0x54, 0x49, 0x80, 0x8e, 0x20, 0x80, 0x61, 0x80, 0xee, 0x00, 0x4f, 0x6e, 0x80, 0x47, 0x4e,
  0x45, 0x57, 0x20, 0x80, 0x6d, 0x80, 0xb7, 0x80, 0x89, 0x80, 0xf6, 0x95, 0x80, 0x53, 0x63, 0xe1, 0xe0, 0x80, 0x41, 0xea,
  0xaf, 0xbe, 0x00, 0x80, 0x23, 0x8a, 0x76, 0x80, 0xa3, 0xef, 0x80, 0xb7, 0x9a, 0x80, 0xb0, 0x80, 0x22, 0x80, 0xf6, 0x95,
  0x63, 0xc7, 0x63, 0x80, 0x54, 0xa8, 0xc2, 0x00, 0x80, 0x5d, 0x46, 0x45, 0x80, 0x5d, 0x4e, 0x43, 0x80, 0x28, 0x47, 0xfd,
  0x80, 0x54, 0x80, 0x1f, 0x80, 0xe0, 0xa8, 0x94, 0x9e, 0xa4, 0x80, 0xbb, 0x9a, 0xee, 0x8a, 0x80, 0xaf, 0x00, 0x80, 0xc1,
  0x80, 0x71, 0x80, 0xb7, 0x42, 0x6f, 0x6f, 0x9d, 0xe1, 0x66, 0x80, 0x7d, 0xcc, 0x80, 0x08, 0x80, 0x00, 0x9e, 0x80, 0xa5,
  0x80, 0x5a, 0xa4, 0x80, 0xb6, 0x00, 0x80, 0xba, 0x80, 0x7c, 0x94, 0x80, 0x99, 0x6d, 0x62, 0x6f, 0x80, 0x20, 0x80, 0x25,
  0x00, 0x4e, 0x80, 0xe3, 0x80, 0x6d, 0xc6, 0x80, 0x89, 0x80, 0xf6, 0x95, 0x80, 0x53, 0xcc, 0x80, 0xe0, 0x80, 0x41, 0xea,
  0xaf, 0xbe, 0x00, 0x46, 0x80, 0x7d, 0xcc, 0x80, 0x23, 0x8a, 0x70, 0x75, 0x82, 0x58, 0x4d, 0x80, 0x6b, 0x80, 0x09, 0x63,
  0xb4, 0xd5, 0x93, 0x8a, 0x70, 0x75, 0x82, 0x58, 0x50, 0x41, 0x54, 0x48, 0x20, 0x80, 0x3a, 0x8a, 0x80, 0xc2, 0x00, 0x46,
  0x80, 0x7d, 0xcc, 0x45, 0x6d, 0x80, 0x6c, 0x97, 0x8a, 0x70, 0x75, 0x82, 0x58, 0x4d, 0x80, 0x6b, 0x80, 0x09, 0x63, 0xb4,
  0x80, 0xee, 0x00, 0x46, 0x80, 0x7d, 0xcc, 0x4e, 0x55, 0x4c, 0x80, 0x6b, 0x8a, 0x70, 0x75, 0x82, 0x58, 0x4d, 0x80, 0x6b,
  0x80, 0x09, 0x63, 0xb4, 0x80, 0xee, 0x00, 0x46, 0x80, 0x7d, 0xcc, 0x45, 0x78, 0x80, 0x5f, 0x80, 0x6c, 0x9b, 0x8c, 0x80,
  0x5f, 0xf8, 0x94, 0xc1, 0x49, 0x43, 0x55, 0x20, 0x6d, 0xb7, 0x85, 0x97, 0x80, 0x2c, 0x63, 0x89, 0x80, 0x17, 0x00, 0x46,
  0x80, 0x7d, 0xcc, 0x80, 0xb9, 0x80, 0x50, 0x73, 0xc7, 0xa7, 0x8a, 0x70, 0x75, 0x82, 0x58, 0x4d, 0x80, 0x6b, 0x80, 0x09,
  0x63, 0xb4, 0x80, 0xee, 0x00, 0x46, 0x80, 0x7d, 0xcc, 0x52, 0xfc, 0xb0, 0x6e, 0x94, 0x6d, 0xe4, 0x74, 0x69, 0x70, 0xa2,
  0x88, 0x64, 0xd2, 0xc1, 0xa7, 0x80, 0x76, 0x80, 0x9c, 0x00, 0x46, 0x80, 0x7d, 0xcc, 0x4f, 0x75, 0x82, 0xc6, 0x6d, 0xb7,
  0x85, 0x97, 0x80, 0xea, 0x80, 0x6c, 0x80, 0x17, 0x00, 0x46, 0x80, 0x7d, 0xcc, 0x43, 0xdf, 0x6e, 0x80, 0x77, 0x4f, 0x70,
  0x80, 0x02, 0x46, 0x61, 0x80, 0x4e, 0xa9, 0x00, 0x46, 0x80, 0x7d, 0xcc, 0x80, 0xb9, 0x80, 0x2c, 0x63, 0x89, 0xc7, 0x80,
  0x8d, 0x80, 0x19, 0x80, 0xeb, 0x63, 0x80, 0xda, 0x20, 0xaf, 0x80, 0x01, 0x00, 0x46, 0x80, 0x7d, 0xcc, 0x80, 0x0e, 0x4f,
  0xde, 0x80, 0x8b, 0xc9, 0x92, 0x20, 0x8a, 0x80, 0xab, 0x80, 0xec, 0x00, 0x46, 0x80, 0x7d, 0xcc, 0x46, 0x61, 0xfb, 0x94,
  0xba, 0x80, 0x9e, 0xa1, 0x6c, 0xf5, 0x6f, 0xf6, 0x2e, 0x00, 0x46, 0x80, 0x7d, 0xcc, 0x46, 0x61, 0xfb, 0x94, 0xba, 0x77,
  0x72, 0xbf, 0x81, 0xba, 0xa1, 0x6c, 0xf5, 0x6f, 0xf6, 0x2e, 0x00, 0x46, 0x80, 0x7d, 0xcc, 0x4e, 0x55, 0x4c, 0x80, 0x6b,
  0x80, 0x96, 0xb4, 0xd5, 0xba, 0xa7, 0x66, 0x80, 0x3d, 0x80, 0x17, 0x00, 0x46, 0x80, 0x7d, 0xcc, 0x4e, 0x55, 0x4c, 0x80,
  0x6b, 0x80, 0xf3, 0x66, 0x66, 0xa5, 0x70, 0xb9, 0x73, 0xbe, 0x00, 0x46, 0x80, 0x7d, 0xcc, 0x4e, 0x55, 0x4c, 0x80, 0x6b,
  0x80, 0xf1, 0x64, 0xbd, 0x63, 0x80, 0x59, 0x80, 0x6c, 0x80, 0xfa, 0x00, 0x46, 0x80, 0x7d, 0xcc, 0x4e, 0xe4, 0x80, 0x20,
  0x80, 0x1d, 0x49, 0x44, 0x2e, 0x00, 0x46, 0x80, 0x7d, 0xcc, 0x4e, 0xe4, 0x80, 0x20, 0x80, 0x1d, 0x64, 0xbd, 0x63, 0x80,
  0x59, 0x80, 0x6c, 0x80, 0xfa, 0x00, 0x46, 0x80, 0x7d, 0xcc, 0x42, 0x75, 0x66, 0x66, 0xa5, 0x80, 0xae, 0x81, 0x80, 0xea,
  0x80, 0x1a, 0x87, 0x80, 0xbe, 0x78, 0x80, 0x06, 0xb4, 0x20, 0x80, 0xae, 0xc2, 0x00, 0x46, 0x80, 0x7d, 0xcc, 0x4d, 0xb7,
  0x85, 0x97, 0x80, 0x2c, 0x63, 0xef, 0xc1, 0x8a, 0x80, 0xbb, 0x80, 0xf3, 0x66, 0x66, 0xa5, 0x80, 0xec, 0x00, 0x46, 0x80,
  0x7d, 0xcc, 0x8a, 0x80, 0xab, 0x80, 0xec, 0x00, 0x46, 0x80, 0x7d, 0xcc, 0x80, 0x9e, 0x80, 0xec, 0x00, 0x46, 0x80, 0x7d,
  0xcc, 0x99, 0x80, 0x93, 0x80, 0xec, 0x00, 0x46, 0x80, 0x7d, 0xcc, 0x99, 0x80, 0x93, 0x80, 0xae, 0x81, 0x80, 0xec, 0x00,
  0x46, 0x80, 0x7d, 0xcc, 0x77, 0x72, 0xbf, 0x81, 0x80, 0x22, 0x80, 0x4d, 0x65, 0x80, 0x12, 0x80, 0xec, 0x00, 0x47, 0x95,
  0x83, 0xdc, 0x45, 0x78, 0x80, 0x5f, 0x80, 0x6c, 0x80, 0x17, 0x00, 0x46, 0x80, 0x7d, 0xcc, 0x6e, 0xe4, 0x80, 0x20, 0x8a,
  0x70, 0x75, 0x82, 0x6c, 0xf5, 0x6f, 0xde, 0x80, 0x8b, 0x68, 0x8e, 0x64, 0x80, 0x01, 0x00, 0x46, 0x80, 0x7d, 0x80, 0xa0,
  0x80, 0x26, 0xfb, 0x80, 0x5c, 0x80, 0xc7, 0xa7, 0xaf, 0x72, 0x80, 0xfc, 0x80, 0x96, 0xb4, 0xd5, 0xa6, 0x80, 0x75, 0xaa,
  0x6e, 0x80, 0xc2, 0x00, 0x46, 0x80, 0x7d, 0x80, 0xa0, 0x80, 0x26, 0xfb, 0x80, 0x5c, 0x80, 0xc7, 0xa7, 0x73, 0x92, 0xdf,
  0x86, 0x80, 0x96, 0xb4, 0xd5, 0xa6, 0x80, 0x75, 0xaa, 0x6e, 0x80, 0xc2, 0x00, 0x50, 0xb0, 0x80, 0x52, 0x73, 0x81, 0x9a,
  0x80, 0xb0, 0xcc, 0x80, 0x08, 0x79, 0x65, 0x82, 0x80, 0x7e, 0x94, 0x80, 0x22, 0x4a, 0x56, 0x54, 0x49, 0x2e, 0x00, 0x53,
  0x92, 0xdf, 0x64, 0x80, 0xeb, 0x80, 0xcf, 0x87, 0x6d, 0x65, 0x8f, 0x6f, 0x86, 0x80, 0x22, 0x4a, 0x80, 0x05, 0xa1, 0xbc,
  0x5f, 0x70, 0xb0, 0x80, 0x52, 0x73, 0x81, 0x9a, 0x80, 0xb0, 0x80, 0x08, 0x80, 0x7e, 0xbe, 0x00, 0x4a, 0x56, 0x54, 0x49,
  0x20, 0xdf, 0x80, 0x47, 0x80, 0x7e, 0x87, 0xa4, 0x80, 0xbb, 0xbc, 0x5f, 0xc9, 0x80, 0x1d, 0x9e, 0x80, 0xa5, 0x8c, 0x9d,
  0xb9, 0xc2, 0x00, 0x58, 0x61, 0xc3, 0xb9, 0x80, 0xd1, 0x80, 0x53, 0x80, 0x1d, 0xcc, 0x80, 0x68, 0x80, 0x5b, 0x87, 0x9e,
  0x80, 0x3e, 0xc2, 0x00, 0x58, 0x61, 0xc3, 0xb9, 0x80, 0xd1, 0x80, 0x53, 0xcc, 0x80, 0x68, 0x80, 0x5b, 0x87, 0x9e, 0x80,
  0x3e, 0xc2, 0x00, 0x58, 0x61, 0xc3, 0xb9, 0x80, 0xd1, 0x80, 0x53, 0x80, 0x1d, 0xcc, 0x8b, 0x80, 0xad, 0xa9, 0x00, 0x58,
  0x61, 0xc3, 0xb9, 0x80, 0xd1, 0x80, 0x53, 0xcc, 0x8b, 0x80, 0xad, 0xa9, 0x00, 0x49, 0x6d, 0x80, 0x16, 0x70, 0xa5, 0x70,
  0xb0, 0x80, 0x52, 0x73, 0x81, 0x66, 0x80, 0x7d, 0xcc, 0xa8, 0x94, 0xc1, 0x78, 0x61, 0xc3, 0xb9, 0x80, 0xd1, 0x80, 0x53,
  0x80, 0xff, 0x00, 0x44, 0xe6, 0x80, 0x60, 0x80, 0x0c, 0x70, 0xb0, 0x80, 0x52, 0x73, 0x81, 0x66, 0x80, 0x7d, 0xcc, 0xa8,
  0x94, 0xc1, 0x78, 0x61, 0xc3, 0xb9, 0x80, 0xd1, 0x80, 0x53, 0x80, 0xff, 0x00, 0x52, 0x65, 0xe5, 0x69, 0x8c, 0x86, 0x70,
  0xb0, 0x80, 0x52, 0x73, 0x81, 0x66, 0x80, 0x7d, 0xcc, 0x80, 0xc8, 0x8b, 0xa8, 0x94, 0xc1, 0x78, 0x61, 0xc3, 0xb9, 0x80,
  0xd1, 0x80, 0x53, 0x80, 0xff, 0x00, 0x49, 0x6d, 0x80, 0x16, 0x70, 0xa5, 0x80, 0x6d, 0xa8, 0x94, 0xc1, 0x70, 0xb0, 0x80,
  0x52, 0x73, 0x81, 0x66, 0x80, 0x7d, 0xcc, 0xc1, 0x78, 0x61, 0xc3, 0xb9, 0x80, 0xd1, 0x80, 0x53, 0x80, 0xff, 0x00, 0x4e,
  0x6f, 0x82, 0xe1, 0x6f, 0x77, 0x6e, 0x80, 0xf8, 0x78, 0x61, 0xc3, 0xb9, 0x80, 0xd1, 0x80, 0x53, 0x80, 0x1d, 0x93, 0x80,
  0xb4, 0x41, 0x2e, 0x00, 0x4e, 0x6f, 0x82, 0xe1, 0x6f, 0x77, 0x6e, 0x80, 0xf8, 0x78, 0x61, 0xc3, 0xb9, 0x80, 0xd1, 0x80,
  0x53, 0x93, 0x80, 0xb4, 0x41, 0x2e, 0x00, 0xac, 0x80, 0x65, 0x20, 0x78, 0x61, 0xc3, 0xb9, 0x80, 0xd1, 0x80, 0x53, 0x80,
  0x1d, 0xcc, 0x8f, 0x80, 0x93, 0xa6, 0x99, 0xfb, 0x80, 0x20, 0x9e, 0xa8, 0xc2, 0x00, 0xac, 0x80, 0x65, 0x20, 0x78, 0x61,
  0xc3, 0xb9, 0x80, 0xd1, 0x80, 0x53, 0xcc, 0x8f, 0x80, 0x93, 0xa6, 0x99, 0xfb, 0x80, 0x20, 0x9e, 0xa8, 0xc2, 0x00, 0x80,
  0xb9, 0x80, 0xa0, 0x70, 0xb0, 0x80, 0x52, 0x73, 0x81, 0x66, 0x80, 0x3d, 0x80, 0x17, 0x00, 0x43, 0x8e, 0x27, 0x82, 0xa4,
  0x92, 0xee, 0x81, 0x43, 0x80, 0x5d, 0x41, 0x80, 0x10, 0x2f, 0x44, 0x52, 0x4f, 0x50, 0x20, 0x58, 0x41, 0x44, 0x41, 0x54,
  0x41, 0x53, 0x4f, 0x55, 0x52, 0x43, 0x45, 0x20, 0x80, 0x61, 0xcd, 0x87, 0x9e, 0x88, 0x84, 0xaa, 0x80, 0xf5, 0xc7, 0x80,
  0x3e, 0xc2, 0x00, 0x80, 0x23, 0x78, 0x61, 0xc3, 0xb9, 0x80, 0xd1, 0x80, 0x53, 0x80, 0xb2, 0xc2, 0x00, 0x4e, 0x6f, 0x82,
  0x80, 0xd6, 0x80, 0xaa, 0x80, 0x17, 0x00, 0x58, 0x61, 0xc3, 0xb9, 0x80, 0xd1, 0x80, 0x53, 0x80, 0x46, 0x80, 0x08, 0x70,
  0x80, 0x2e, 0xd5, 0x80, 0x3c, 0x80, 0x3e, 0xc2, 0x00, 0x58, 0x61, 0xc3, 0xb9, 0x80, 0xd1, 0x80, 0x53, 0x80, 0x46, 0x80,
  0x08, 0x8c, 0x67, 0x80, 0x11, 0x83, 0x94, 0x80, 0x3c, 0x80, 0xaa, 0x80, 0x17, 0x00, 0x78, 0x61, 0x5f, 0x80, 0xd5, 0x70,
  0xb0, 0x80, 0x52, 0x73, 0x81, 0x66, 0x80, 0x7d, 0xc6, 0x78, 0x61, 0xc3, 0xb9, 0x80, 0xd1, 0x80, 0x53, 0x80, 0x56, 0x8c,
  0x74, 0xb0, 0x6e, 0x94, 0xe1, 0xb3, 0x80, 0xfa, 0x00, 0x54, 0xc4, 0x81, 0xcc, 0xa6, 0xb5, 0x80, 0x7e, 0x94, 0x9e, 0xea,
  0x80, 0x3a, 0x80, 0xd4, 0xee, 0x94, 0x80, 0x76, 0x69, 0x80, 0xaf, 0x00, 0x54, 0xc4, 0x81, 0xcc, 0x80, 0x08, 0x69, 0x64,
  0xcd, 0xda, 0x8d, 0x80, 0x47, 0x80, 0x7c, 0x94, 0x9e, 0x8d, 0x80, 0x20, 0xa7, 0x80, 0x3e, 0xd2, 0xa8, 0x94, 0x9e, 0x8f,
  0x65, 0x0a, 0xea, 0x80, 0x3a, 0x80, 0xd4, 0xee, 0x94, 0x80, 0x76, 0x69, 0x80, 0xaf, 0x00, 0xd7, 0x80, 0xa6, 0x80, 0x1d,
  0xcc, 0x80, 0x08, 0x80, 0x7e, 0x94, 0xc1, 0x80, 0x90, 0x6e, 0x82, 0x80, 0xcb, 0x69, 0xcd, 0x2f, 0x80, 0x03, 0x80, 0xb8,
  0xcf, 0xaf, 0x67, 0xb0, 0x89, 0x80, 0x17, 0x00, 0xac, 0x80, 0x9e, 0x64, 0xe6, 0x80, 0x60, 0x80, 0x0c, 0xf2, 0x80, 0x25,
  0x00, 0x80, 0x6f, 0x6d, 0x70, 0x9d, 0x78, 0x20, 0x80, 0x1d, 0x80, 0x46, 0x6c, 0x95, 0x67, 0x8f, 0xcc, 0x80, 0xea, 0x80,
  0x1a, 0x87, 0x80, 0xbe, 0x78, 0x80, 0x06, 0xb4, 0x20, 0x80, 0x9b, 0x36, 0x35, 0x35, 0x33, 0x35, 0x2e, 0x00, 0x44, 0xf1,
  0x6d, 0xdc, 0x80, 0xa6, 0x70, 0x8c, 0x63, 0x80, 0x31, 0x9b, 0x80, 0xea, 0x80, 0x1a, 0x87, 0xa7, 0x80, 0x42, 0x80, 0x29,
  0x6c, 0x80, 0x06, 0x80, 0xab, 0xc1, 0x44, 0x52, 0x44, 0x80, 0xc5, 0x80, 0xf2, 0xb6, 0xca, 0xf7, 0x00, 0xac, 0x80, 0x4d,
  0x82, 0x63, 0x9d, 0x90, 0x20, 0x66, 0x80, 0x54, 0xb2, 0xc1, 0x55, 0x44, 0x80, 0x32, 0xcc, 0x9e, 0x67, 0x80, 0xda, 0xdc,
  0x6a, 0x90, 0x20, 0x6c, 0x80, 0x11, 0x2e, 0x00, 0xac, 0x80, 0x4d, 0x82, 0x8c, 0x80, 0x41, 0x76, 0x81, 0x66, 0x80, 0x54,
  0xb2, 0xc1, 0x6a, 0x90, 0xcc, 0x9e, 0x67, 0xaa, 0x96, 0x80, 0x20, 0x4a, 0x56, 0x50, 0x20, 0x6c, 0x80, 0x11, 0x2e, 0x00,
  0xac, 0x80, 0x4d, 0x82, 0x6e, 0x80, 0xe3, 0x70, 0x89, 0x80, 0xe5, 0x66, 0x80, 0x54, 0xb2, 0xc1, 0x80, 0xd0, 0x00, 0x80,
  0xf4, 0x53, 0x51, 0x80, 0x6b, 0x45, 0x78, 0x80, 0x5f, 0x80, 0x6c, 0x80, 0x17, 0x20, 0xa3, 0x00, 0x55, 0x70, 0xc3, 0x80,
  0x29, 0x73, 0x63, 0x9a, 0x80, 0xc3, 0xfd, 0xb0, 0x73, 0x93, 0x66, 0x65, 0x89, 0x75, 0x8c, 0x87, 0x80, 0x87, 0x8b, 0x80,
  0x7e, 0x94, 0x9e, 0x80, 0xa5, 0x80, 0x1c, 0x73, 0x80, 0x17, 0x00, 0x55, 0x80, 0x03, 0x2d, 0x80, 0x7c, 0x94, 0xeb, 0x67,
  0x8c, 0x67, 0x80, 0x0c, 0x80, 0xa0, 0x80, 0x68, 0x80, 0x5b, 0xf7, 0x00, 0xac, 0x8c, 0x2d, 0x80, 0x7c, 0x81, 0x93, 0x80,
  0x65, 0x20, 0x80, 0xf3, 0xfb, 0x74, 0x9e, 0xeb, 0x67, 0x8c, 0x67, 0x80, 0x0c, 0x80, 0xd0, 0x00, 0x4d, 0xe4, 0x74, 0x69,
  0x70, 0xa2, 0x80, 0xa3, 0x80, 0x90, 0x6e, 0x63, 0xd2, 0x80, 0xb7, 0x80, 0xa0, 0x80, 0x41, 0xea, 0xaf, 0x83, 0x2e, 0x00,
  0xd7, 0x80, 0xa0, 0x80, 0x41, 0xea, 0xaf, 0xa5, 0x80, 0x88, 0x80, 0x21, 0xbe, 0x00, 0x55, 0x80, 0x03, 0x2d, 0x80, 0x7c,
  0x94, 0xeb, 0x67, 0x8c, 0x67, 0x80, 0x0c, 0x80, 0xa0, 0x80, 0x49, 0x80, 0x5b, 0x2e, 0x00, 0x4d, 0x80, 0x3b, 0xe0, 0x6f,
  0x77, 0x6e, 0x80, 0xf8, 0xa8, 0x83, 0x2d, 0x80, 0x7c, 0x94, 0xeb, 0x67, 0x8c, 0x67, 0x80, 0x0c, 0x80, 0xa0, 0x93, 0x80,
  0xb4, 0x41, 0x2e, 0x00, 0xac, 0x80, 0x2e, 0x6f, 0x6c, 0x76, 0x81, 0x80, 0x5e, 0x82, 0x66, 0x80, 0x7d, 0xc1, 0xa8, 0x83,
  0x2d, 0x80, 0x7c, 0x94, 0xeb, 0x67, 0x8c, 0x67, 0x80, 0x0c, 0x80, 0xd0, 0x00, 0x53, 0xfc, 0x2d, 0xe6, 0x20, 0x80, 0x50,
  0xbc, 0xfc, 0xa5, 0xba, 0xa7, 0xeb, 0x67, 0x8c, 0x67, 0x80, 0x0c, 0x80, 0xa0, 0x80, 0x70, 0x80, 0x5a, 0x61, 0x9e, 0x80,
  0xb1, 0x2d, 0x67, 0x9a, 0xe6, 0x20, 0x80, 0x8c, 0xf7, 0x00, 0x55, 0x80, 0x03, 0x2d, 0x80, 0x7c, 0x94, 0xeb, 0x67, 0x8c,
  0x67, 0x80, 0x0c, 0x80, 0xa0, 0x80, 0x56, 0x80, 0xe9, 0x80, 0x96, 0xb4, 0xcd, 0xf7, 0x00, 0x55, 0x80, 0x03, 0x2d, 0x80,
  0x7c, 0x94, 0xeb, 0x67, 0x8c, 0x67, 0x80, 0x0c, 0x80, 0xa0, 0x80, 0x56, 0x80, 0x75, 0x6d, 0x80, 0xf7, 0x80, 0x96, 0xb4,
  0xcd, 0xf7, 0x00, 0x55, 0x80, 0x03, 0x2d, 0x80, 0x7c, 0x94, 0xeb, 0x67, 0x8c, 0x67, 0x80, 0x0c, 0x80, 0xa0, 0x80, 0x56,
  0x74, 0x77, 0xa0, 0x80, 0x96, 0xb4, 0xcd, 0x87, 0x80, 0xf3, 0x82, 0x80, 0xe9, 0x80, 0x28, 0x49, 0x80, 0x32, 0x66, 0x80,
  0x7d, 0x80, 0x21, 0xbe, 0x00, 0x55, 0x80, 0x03, 0x2d, 0x80, 0x7c, 0x94, 0xeb, 0x67, 0x8c, 0x67, 0x80, 0x0c, 0x80, 0x5e,
  0x82, 0x66, 0x80, 0x7d, 0x80, 0xa0, 0x80, 0x49, 0x68, 0x8e, 0x64, 0xa2, 0x6e, 0xe4, 0x6c, 0xf7, 0x00, 0x52, 0xfc, 0xb0,
  0x84, 0x80, 0x1d, 0x80, 0xb7, 0x80, 0x5e, 0x82, 0x66, 0x80, 0x7d, 0x80, 0xa0, 0x80, 0x49, 0x80, 0xdf, 0x80, 0x91, 0xa7,
  0xeb, 0x67, 0x8c, 0x67, 0x80, 0x0c, 0x99, 0x80, 0x0c, 0x80, 0xff, 0x00, 0xac, 0x80, 0x1f, 0x80, 0x7b, 0x43, 0x4b, 0x53,
  0x53, 0x46, 0x55, 0x20, 0xf4, 0x80, 0x76, 0x69, 0xd2, 0x80, 0x2e, 0xe4, 0x74, 0xc7, 0x9e, 0xf2, 0x73, 0x63, 0x8e, 0x2e,
  0x00, 0x4a, 0x44, 0x4b, 0x20, 0x31, 0x2e, 0x32, 0xfd, 0x9f, 0xe0, 0xa8, 0x94, 0x80, 0x22, 0x6b, 0x83, 0x6e, 0x65, 0x80,
  0x20, 0x41, 0x49, 0x4f, 0x2e, 0x00, 0x54, 0x80, 0x83, 0x9b, 0x8c, 0xe5, 0xbd, 0x82, 0x80, 0xa0, 0x80, 0x26, 0xfb, 0x94,
  0xba, 0xa4, 0x92, 0xee, 0xc2, 0x00, 0x53, 0x83, 0x80, 0xb8, 0x4a, 0x80, 0xb4, 0x43, 0x20, 0x80, 0x26, 0xfb, 0x94, 0xba,
  0x67, 0x65, 0x82, 0xa1, 0x80, 0xf1, 0x80, 0xcc, 0xa7, 0x80, 0x03, 0x80, 0x1c, 0x2e, 0x00, 0xc8, 0x80, 0x55, 0x8d, 0xc0,
  0x93, 0x80, 0x22, 0xa7, 0x4a, 0x80, 0x05, 0xa1, 0x6d, 0xb7, 0x85, 0x97, 0x80, 0x52, 0x6f, 0x6c, 0x2e, 0x20, 0x00, 0x43,
  0x8e, 0x27, 0x82, 0x80, 0x1f, 0x4e, 0x89, 0x80, 0xc6, 0x8f, 0x80, 0x43, 0x87, 0x9e, 0x80, 0xa5, 0xcf, 0xaf, 0x67, 0xb0,
  0x89, 0x80, 0x17, 0x00, 0x43, 0x8e, 0x27, 0x82, 0x80, 0x1f, 0x47, 0x8c, 0x80, 0x02, 0x8f, 0x80, 0x43, 0x87, 0x9e, 0x80,
  0xa5, 0xcf, 0xaf, 0x67, 0xb0, 0x89, 0x80, 0x17, 0x00, 0x4a, 0x80, 0x05, 0xa1, 0xcf, 0xaf, 0x67, 0xb0, 0xef, 0xcc, 0x80,
  0x50, 0xbc, 0xfc, 0xa5, 0xb3, 0x80, 0xfa, 0x20, 0x00, 0x4a, 0x80, 0x05, 0xa1, 0x8a, 0xbf, 0x69, 0x8d, 0x80, 0x2b, 0xef,
  0x80, 0xce, 0x64, 0x80, 0x0b, 0xb5, 0x80, 0x29, 0xba, 0x80, 0x2f, 0x86, 0xa7, 0x6c, 0x80, 0xd4, 0x72, 0x90, 0x79, 0x2f,
  0x9a, 0x80, 0xb0, 0x80, 0x25, 0x00, 0x4a, 0x4e, 0x49, 0x20, 0x8a, 0x80, 0x55, 0x8d, 0xcb, 0x2e, 0x20, 0x80, 0xba, 0x80,
  0x29, 0xba, 0x80, 0x2f, 0x86, 0x93, 0xa4, 0x92, 0xee, 0x81, 0x4a, 0x4e, 0x49, 0xfd, 0x8d, 0x80, 0x20, 0x80, 0x25, 0x00,
  0x43, 0x8e, 0x27, 0x82, 0x80, 0x2f, 0x86, 0x80, 0x99, 0x80, 0xe7, 0xfd, 0x6c, 0xb9, 0x87, 0x93, 0x6d, 0x65, 0x8f, 0x6f,
  0x86, 0x93, 0x6c, 0x80, 0xd4, 0x72, 0x80, 0xeb, 0x80, 0x25, 0x00, 0x56, 0x80, 0x86, 0x80, 0x29, 0x6c, 0x95, 0x67, 0x8f,
  0x20, 0x55, 0x44, 0x54, 0x87, 0x80, 0x87, 0x8b, 0x80, 0x7e, 0x94, 0x9e, 0x80, 0xa5, 0x80, 0x1c, 0x80, 0x6a, 0xc6, 0x4a,
  0x80, 0x05, 0x61, 0x2e, 0x00, 0xac, 0x80, 0x52, 0x73, 0x80, 0xe2, 0x42, 0x80, 0xda, 0x2f, 0x43, 0x80, 0xda, 0x2e, 0x00,
  0x80, 0xba, 0x80, 0x74, 0xb6, 0x94, 0x80, 0x26, 0xfb, 0xb0, 0x81, 0x64, 0xb0, 0xc7, 0x8a, 0xbf, 0x69, 0x8d, 0x80, 0x2b,
  0xef, 0xc6, 0x4a, 0x80, 0x05, 0xa1, 0x80, 0xa7, 0x72, 0x74, 0x75, 0xdc, 0x80, 0x16, 0x80, 0x35, 0x73, 0x80, 0xfa, 0x00,
  0x80, 0xba, 0x80, 0x74, 0xb6, 0x94, 0x80, 0x26, 0xfb, 0xb0, 0x81, 0x64, 0xb0, 0xc7, 0x4a, 0x80, 0x05, 0xa1, 0x80, 0x16,
  0x63, 0x80, 0x1a, 0xb0, 0x81, 0xa4, 0x92, 0xee, 0x80, 0x17, 0x00, 0x4a, 0x80, 0x05, 0xa1, 0x55, 0x44, 0x52, 0x27, 0x87,
  0x56, 0x50, 0xfd, 0x6c, 0xb9, 0x87, 0x80, 0x88, 0x43, 0x4c, 0x41, 0x53, 0x53, 0x5f, 0x4a, 0x41, 0x56, 0x41, 0x2e, 0x00,
  0x80, 0xba, 0x80, 0x29, 0xba, 0x67, 0x65, 0x82, 0x53, 0x51, 0x80, 0xed, 0x78, 0x80, 0x5f, 0x80, 0x6c, 0x9b, 0x8a, 0x80,
  0x4a, 0x89, 0x80, 0x17, 0x00, 0x46, 0x65, 0x89, 0xb0, 0x81, 0x93, 0x6d, 0x65, 0x8f, 0x6f, 0x86, 0xcc, 0x80, 0x08, 0x80,
  0x7e, 0x94, 0xc1, 0xe3, 0x61, 0xe5, 0x81, 0xd4, 0x80, 0xaf, 0x00, 0x46, 0x65, 0x89, 0xb0, 0x81, 0x93, 0x6d, 0x65, 0x8f,
  0x6f, 0x86, 0xcc, 0x80, 0x08, 0x80, 0x7e, 0x94, 0xc1, 0xea, 0x99, 0x8a, 0x63, 0x82, 0xd4, 0x80, 0xaf, 0x00, 0x53, 0x83,
  0x80, 0xb8, 0x4a, 0x80, 0xb4, 0x43, 0x20, 0x80, 0x26, 0xfb, 0x94, 0xba, 0x80, 0xd5, 0x80, 0x38, 0x73, 0x80, 0xfa, 0x00,
  0xac, 0x80, 0x9e, 0x55, 0x44, 0x80, 0x62, 0xce, 0x8c, 0x80, 0x73, 0x80, 0x25, 0x00, 0x80, 0xb9, 0xaa, 0xd8, 0xc7, 0x4a,
  0x80, 0x05, 0xa1, 0x55, 0x44, 0x52, 0xfd, 0x6c, 0xb9, 0x87, 0x80, 0x25, 0x00, 0xac, 0x80, 0x2f, 0x86, 0x80, 0xcb, 0xb9,
  0x87, 0xc1, 0x80, 0x1d, 0x80, 0x25, 0x00, 0xc8, 0xbf, 0x69, 0x8d, 0x80, 0x2b, 0xef, 0xc6, 0x4a, 0x80, 0x05, 0xa1, 0x80,
  0xa7, 0x72, 0x74, 0x75, 0xdc, 0x80, 0x16, 0x80, 0x35, 0x73, 0x93, 0x80, 0xce, 0x64, 0x9c, 0x80, 0x25, 0x00, 0x4a, 0x80,
  0x05, 0xa1, 0x6c, 0x8e, 0x67, 0x75, 0x80, 0x71, 0x6d, 0x8e, 0xeb, 0xa5, 0x80, 0xfb, 0x80, 0x26, 0xfb, 0x94, 0x80, 0x25,
  0x00, 0x45, 0x78, 0x92, 0xee, 0x9b, 0xc6, 0x4a, 0x80, 0x05, 0xa1, 0xa8, 0x83, 0x2d, 0x80, 0x7c, 0x94, 0x9a, 0x80, 0xb0,
  0x80, 0xce, 0x64, 0x9c, 0x80, 0x25, 0x00, 0xac, 0x80, 0x67, 0x80, 0x4a, 0x20, 0x4a, 0x80, 0x05, 0x61, 0x2d, 0x80, 0x36,
  0x2d, 0x53, 0x51, 0x80, 0x6b, 0x80, 0x1d, 0x80, 0xbe, 0x70, 0x70, 0xc7, 0xc1, 0x80, 0x1d, 0x80, 0x25, 0x00, 0x80, 0xba,
  0x65, 0xe5, 0xdc, 0x80, 0xbf, 0x80, 0xf8, 0x80, 0x50, 0xbc, 0x65, 0xd0, 0x87, 0x9e, 0x53, 0x51, 0x80, 0x6b, 0x80, 0x3f,
  0x4a, 0x80, 0x05, 0xa1, 0x73, 0x69, 0x67, 0x6e, 0x89, 0xb0, 0x81, 0x80, 0x25, 0x00, 0x4a, 0x80, 0x05, 0xa1, 0x55, 0x44,
  0x80, 0x62, 0x6d, 0x65, 0x8f, 0x6f, 0x86, 0x8b, 0x80, 0xad, 0x86, 0x93, 0x80, 0x08, 0x99, 0x89, 0xda, 0x9c, 0x80, 0x25,
  0x00, 0x4a, 0x80, 0x05, 0xa1, 0x6d, 0x65, 0x8f, 0x6f, 0x86, 0x8a, 0x76, 0x80, 0xa3, 0xef, 0x80, 0x26, 0xfb, 0x94, 0x80,
  0x25, 0x00, 0x80, 0xb9, 0x8a, 0x99, 0x8e, 0x74, 0x69, 0x89, 0xc7, 0xa8, 0x83, 0x2d, 0x80, 0x7c, 0x80, 0x1a, 0x2d, 0x80,
  0x1d, 0x80, 0xbe, 0x70, 0x70, 0xc7, 0x80, 0xcb, 0xb9, 0x87, 0x80, 0x25, 0x00, 0x80, 0xb9, 0x80, 0x16, 0x80, 0x35, 0x73,
  0xc7, 0x6e, 0xe4, 0x80, 0x20, 0x80, 0x96, 0xb4, 0x80, 0xee, 0x20, 0x80, 0xc1, 0x81, 0x4a, 0x80, 0x05, 0xa1, 0x6f, 0xde,
  0x80, 0x8b, 0x80, 0x4a, 0x20, 0xc6, 0x80, 0x1d, 0x80, 0x25, 0x00, 0xd7, 0x4a, 0x80, 0xb4, 0x43, 0x20, 0x80, 0x37, 0x6d,
  0x80, 0x3f, 0x80, 0x09, 0xbd, 0x6e, 0x27, 0x82, 0x8c, 0x74, 0xb0, 0x84, 0x80, 0xf7, 0x80, 0xe4, 0xf7, 0x00, 0x80, 0xb9,
  0x67, 0xfc, 0x74, 0xc7, 0x6c, 0x95, 0x67, 0x8f, 0x20, 0xc1, 0xa8, 0x83, 0x2d, 0x80, 0x7c, 0x94, 0x80, 0x1d, 0x80, 0x25,
  0x00, 0xac, 0x80, 0xcf, 0x87, 0x6c, 0xf5, 0x6f, 0xf6, 0x2e, 0x00, 0xac, 0x67, 0x65, 0x82, 0x6c, 0xf5, 0x6f, 0xde, 0x80,
  0x8b, 0x6c, 0x95, 0x67, 0x8f, 0x2e, 0x00, 0xac, 0xcf, 0x80, 0x1c, 0x82, 0x6c, 0xf5, 0x6f, 0xde, 0x80, 0x8b, 0x68, 0x8e,
  0x64, 0xa2, 0xba, 0x62, 0x79, 0x74, 0x65, 0x5b, 0x5d, 0x2e, 0x00, 0xac, 0x99, 0x90, 0x82, 0x6c, 0xf5, 0x6f, 0xde, 0x80,
  0x8b, 0x80, 0x4d, 0x90, 0xd3, 0x2e, 0x00, 0x80, 0x0e, 0x6f, 0xde, 0x80, 0x8b, 0x80, 0x8a, 0x85, 0x9c, 0x80, 0x25, 0x00,
  0x57, 0x9a, 0x6e, 0xb2, 0x80, 0xf2, 0x80, 0x77, 0xc1, 0x6c, 0xf5, 0x6f, 0xf6, 0x2e, 0x00, 0xac, 0x8c, 0x80, 0x73, 0xcc,
  0x62, 0x79, 0x74, 0xd2, 0xbb, 0x66, 0x20, 0x62, 0x8a, 0x80, 0xeb, 0x99, 0x8c, 0xbc, 0x2e, 0x00, 0x44, 0x72, 0xf8, 0xa5,
  0x80, 0x97, 0xc7, 0x73, 0x68, 0xee, 0x80, 0x09, 0x77, 0x6e, 0x2e, 0x00, 0xac, 0xaa, 0x80, 0x73, 0xa7, 0x80, 0x84, 0x49,
  0x66, 0x78, 0x50, 0x9a, 0x80, 0x36, 0xdb, 0xfd, 0x6c, 0xb9, 0x80, 0x18, 0x80, 0x25, 0x00, 0x4d, 0x80, 0x3b, 0xff, 0x80,
  0xca, 0xa8, 0x83, 0x3d, 0x80, 0x46, 0x80, 0x3c, 0x55, 0x52, 0x4c, 0x2e, 0x00, 0x4d, 0x80, 0x3b, 0xff, 0x80, 0xca, 0x64,
  0x62, 0x80, 0x46, 0x80, 0x3c, 0x55, 0x52, 0x4c, 0x2e, 0x00, 0x4d, 0x80, 0x3b, 0xff, 0x80, 0xca, 0x70, 0xb9, 0x73, 0x80,
  0xc0, 0x64, 0x3d, 0x80, 0x6d, 0x80, 0x3c, 0x55, 0x52, 0x4c, 0x2e, 0x00, 0x44, 0x72, 0xf8, 0xa5, 0x73, 0x68, 0xee, 0x80,
  0x09, 0x77, 0x6e, 0x80, 0x0b, 0x80, 0xe9, 0x6e, 0x80, 0xe3, 0x80, 0xf2, 0xb6, 0x80, 0x17, 0x00, 0xac, 0x80, 0xbe, 0x6b,
  0x81, 0x55, 0x44, 0x80, 0x62, 0x80, 0xf2, 0x80, 0x77, 0x9e, 0x80, 0xb1, 0x2d, 0x55, 0x44, 0x80, 0x62, 0x8f, 0x8c, 0x61,
  0xa9, 0x00, 0x55, 0x44, 0x80, 0x62, 0x80, 0xf2, 0x80, 0x77, 0x80, 0xec, 0x00, 0xac, 0x65, 0x99, 0x96, 0x6c, 0x80, 0x31,
  0x80, 0xe5, 0x4a, 0x80, 0xb4, 0x43, 0x20, 0x80, 0xf2, 0x80, 0x77, 0xc1, 0xb7, 0x62, 0x80, 0x1a, 0x64, 0xc7, 0x61, 0x70,
  0x70, 0x80, 0x60, 0x89, 0x80, 0x17, 0x00, 0x80, 0xe1, 0x80, 0x1e, 0x81, 0x80, 0x03, 0x80, 0xb8, 0x80, 0xf2, 0x80, 0x77,
  0x80, 0xec, 0x00, 0x80, 0xb9, 0x80, 0xb5, 0xc7, 0x53, 0x6f, 0x80, 0x54, 0x80, 0xe9, 0x80, 0xf2, 0xb6, 0xca, 0x9c, 0x80,
  0x25, 0x00, 0x43, 0xdf, 0x6e, 0x80, 0x77, 0xba, 0x80, 0xa2, 0x80, 0xec, 0x00, 0x80, 0x6f, 0x80, 0xd3, 0x80, 0xf2, 0x80,
  0x8b, 0xba, 0x80, 0xa2, 0x80, 0x25, 0x00, 0x43, 0xdf, 0x6e, 0x80, 0x77, 0xa6, 0x63, 0xaa, 0x73, 0xbe, 0x00, 0x80, 0xe1,
  0x80, 0x1e, 0x81, 0x80, 0x03, 0x80, 0xb8, 0x4a, 0x80, 0xb4, 0x43, 0xd1, 0x80, 0x25, 0x00, 0xac, 0x6f, 0x62, 0x74, 0x61,
  0x9e, 0x55, 0x44, 0x80, 0x62, 0x95, 0x80, 0xa7, 0x9a, 0x6e, 0x6d, 0x80, 0xee, 0x00, 0x56, 0x4d, 0x20, 0x80, 0x75, 0xaa,
  0x80, 0x0f, 0xf4, 0x6d, 0xb7, 0x85, 0x79, 0x9c, 0xcc, 0x62, 0x79, 0x74, 0xd2, 0x9d, 0x66, 0x80, 0xb6, 0x00, 0x80, 0xba,
  0x6b, 0x88, 0x77, 0x84, 0x8f, 0x80, 0xe4, 0x96, 0x9d, 0x9c, 0x80, 0x25, 0x00, 0x80, 0xba, 0x6b, 0x88, 0x77, 0x84, 0xbf,
  0x83, 0x89, 0x93, 0x98, 0x64, 0xc2, 0x00, 0xc8, 0x80, 0xbb, 0x80, 0x8a, 0x85, 0x9c, 0x80, 0x25, 0x00, 0x44, 0x65, 0x70,
  0xaa, 0x79, 0x6d, 0xd5, 0x64, 0xbd, 0x63, 0x80, 0x59, 0x80, 0x6c, 0x93, 0x80, 0x4b, 0xcc, 0x80, 0x08, 0x80, 0x3c, 0x80,
  0x59, 0x67, 0x68, 0x82, 0x80, 0x4a, 0x89, 0x2e, 0x00, 0x80, 0xba, 0x8c, 0x98, 0x67, 0x6e, 0x80, 0x2b, 0x94, 0xd4, 0x65,
  0x9c, 0x80, 0x25, 0x00, 0x80, 0x23, 0x6a, 0x90, 0x20, 0x80, 0xb2, 0xc2, 0x00, 0x41, 0x74, 0x80, 0x8d, 0x70, 0x82, 0xba,
  0x8a, 0x99, 0x8d, 0x80, 0x20, 0xe1, 0x80, 0x5b, 0xc7, 0x6a, 0x90, 0x9c, 0x80, 0x25, 0x00, 0x80, 0x23, 0x55, 0x52, 0x4c,
  0x2e, 0x00, 0x41, 0x74, 0x80, 0x8d, 0x70, 0x82, 0xba, 0x8c, 0x80, 0x41, 0x76, 0x81, 0x93, 0x8d, 0x80, 0x9f, 0x70, 0x89,
  0x80, 0xe5, 0xc1, 0x80, 0xb1, 0x2d, 0x80, 0x5b, 0xc7, 0x6a, 0x90, 0x9c, 0x80, 0x25, 0x00, 0x80, 0x23, 0x6a, 0x90, 0x20,
  0x8c, 0x80, 0x41, 0xb1, 0x2e, 0x20, 0x41, 0x6c, 0x80, 0x20, 0xe2, 0x70, 0x95, 0x64, 0xd5, 0x55, 0x44, 0x52, 0x87, 0x8b,
  0x80, 0x65, 0x70, 0xbe, 0x00, 0x80, 0x23, 0x6a, 0x90, 0x20, 0x8c, 0x70, 0x6c, 0xab, 0xb7, 0x80, 0xee, 0x20, 0x43, 0x6c,
  0xb9, 0x87, 0xcc, 0x80, 0xcc, 0x6f, 0x6c, 0x86, 0x6a, 0x90, 0x20, 0xa6, 0x99, 0xfb, 0x80, 0x20, 0x80, 0xf6, 0x95, 0x63,
  0xbe, 0x00, 0x80, 0x66, 0x6d, 0x8e, 0x69, 0x66, 0xbd, 0x82, 0x80, 0x4b, 0x80, 0xad, 0x86, 0xc1, 0x6a, 0x90, 0x20, 0x80,
  0x25, 0x00, 0x80, 0xf4, 0x8f, 0x80, 0x43, 0x87, 0x80, 0x87, 0x8b, 0x80, 0x9b, 0x9e, 0x80, 0xa5, 0x80, 0x5a, 0xa4, 0x74,
  0x80, 0x0b, 0x80, 0x88, 0xa1, 0x80, 0xb4, 0x41, 0xce, 0x8c, 0x61, 0xa9, 0x00, 0x80, 0xba, 0x80, 0x7e, 0x94, 0x66, 0x65,
  0x89, 0x75, 0x8c, 0x9c, 0x80, 0x25, 0x00, 0x80, 0xba, 0x80, 0x7e, 0x94, 0x80, 0x37, 0x6d, 0x80, 0x3f, 0x80, 0xcc, 0xe2,
  0x70, 0xaa, 0x79, 0x6d, 0xd5, 0x64, 0xbd, 0x63, 0x80, 0x59, 0x80, 0x6c, 0x85, 0x9c, 0x80, 0x25, 0x00, 0x4a, 0x80, 0x05,
  0xa1, 0x8b, 0x80, 0x7e, 0x94, 0x9e, 0x80, 0xa5, 0xc8, 0x80, 0x4a, 0x69, 0x78, 0x20, 0x44, 0x79, 0x80, 0xb2, 0xda, 0x20,
  0x53, 0x83, 0x80, 0xb8, 0x93, 0x80, 0x8a, 0x85, 0x0a, 0xaa, 0xd8, 0xc7, 0x4a, 0x80, 0x05, 0xa1, 0x6c, 0x8e, 0x67, 0x75,
  0x80, 0x71, 0x80, 0x41, 0x64, 0x75, 0x80, 0x01, 0x00, 0x80, 0xe1, 0x80, 0x1e, 0x81, 0x80, 0x03, 0x80, 0xb8, 0x4a, 0x80,
  0xb4, 0x43, 0x20, 0x8a, 0x80, 0x55, 0x8d, 0xcb, 0x2e, 0x20, 0x43, 0x68, 0x92, 0x80, 0x12, 0x80, 0x22, 0x79, 0x80, 0xd1,
  0x20, 0xd8, 0x6d, 0x8a, 0x80, 0x11, 0x72, 0x89, 0x80, 0xfa, 0x00, 0x80, 0xba, 0x80, 0x29, 0xba, 0x80, 0xbe, 0x70, 0x20,
  0x4a, 0x80, 0x05, 0xa1, 0x80, 0x1d, 0xba, 0xe1, 0x53, 0x51, 0x80, 0x6b, 0x80, 0x1d, 0x93, 0x53, 0x51, 0x80, 0x6b, 0x80,
  0x1d, 0xba, 0xa1, 0x4a, 0x80, 0x05, 0xa1, 0x80, 0xff, 0x00, 0x53, 0x63, 0x9a, 0x80, 0xc3, 0xfd, 0xb0, 0x73, 0x93, 0x80,
  0x08, 0xa1, 0x80, 0x7e, 0x94, 0x66, 0x65, 0x89, 0xb0, 0x81, 0xf4, 0xa7, 0x80, 0x03, 0x80, 0xb8, 0x4a, 0x80, 0xb4, 0x43,
  0x20, 0x79, 0xfc, 0x2e, 0x00, 0xc8, 0x80, 0x95, 0x8c, 0x63, 0x82, 0x70, 0x89, 0x80, 0xe5, 0xba, 0x4a, 0x41, 0x80, 0x62,
  0x80, 0x4b, 0x80, 0x21, 0x80, 0x1a, 0x9c, 0x80, 0x25, 0x00, 0xc8, 0x80, 0xbb, 0x4a, 0x41, 0x80, 0x62, 0x68, 0x8e, 0x64,
  0x6c, 0xc7, 0xb3, 0x80, 0xfa, 0x20, 0x43, 0x68, 0x92, 0x80, 0x12, 0x80, 0x22, 0x79, 0x80, 0xd1, 0x20, 0xd8, 0x6d, 0x8a,
  0x80, 0x11, 0x72, 0x89, 0x80, 0xfa, 0x00, 0x48, 0x41, 0x53, 0x48, 0x5f, 0xd6, 0x9c, 0xac, 0x80, 0x1f, 0x68, 0xb9, 0x80,
  0xe5, 0x80, 0xcf, 0x87, 0x6d, 0x65, 0x8f, 0x6f, 0x86, 0xba, 0x80, 0x9e, 0x80, 0x63, 0x2e, 0x00, 0x48, 0x41, 0x53, 0x48,
  0x5f, 0xd6, 0x9c, 0x80, 0x66, 0x80, 0x50, 0xbc, 0x65, 0xd0, 0x87, 0x80, 0x21, 0xbe, 0x00, 0x48, 0x41, 0x53, 0x48, 0x5f,
  0xd6, 0x9c, 0x53, 0x79, 0x6e, 0x74, 0x61, 0x78, 0xc0, 0x93, 0x9e, 0x68, 0xb9, 0x68, 0x80, 0x85, 0x97, 0x80, 0x21, 0x63,
  0x89, 0x80, 0x17, 0x00, 0x48, 0x41, 0x53, 0x48, 0x5f, 0xd6, 0x9c, 0x48, 0xb9, 0x68, 0x80, 0x85, 0x97, 0x80, 0x5a, 0x80,
  0x6e, 0x87, 0xb5, 0x6b, 0x88, 0x77, 0x84, 0x80, 0x8c, 0x2e, 0x00, 0x48, 0x41, 0x53, 0x48, 0x5f, 0xd6, 0x9c, 0x48, 0xb9,
  0x68, 0x80, 0x85, 0x97, 0x80, 0x5a, 0x80, 0x6e, 0x87, 0x80, 0xb1, 0x2d, 0x68, 0xb9, 0x68, 0x80, 0x29, 0x80, 0x8c, 0x2e,
  0x00, 0x48, 0x41, 0x53, 0x48, 0x5f, 0xd6, 0x9c, 0x80, 0xba, 0x6b, 0x88, 0x77, 0x84, 0x93, 0x6d, 0x80, 0x31, 0x73, 0xc7,
  0x80, 0x41, 0x64, 0xc2, 0x00, 0x48, 0x41, 0x53, 0x48, 0x5f, 0xd6, 0x9c, 0x80, 0xba, 0x6b, 0x88, 0x77, 0x84, 0x80, 0x50,
  0xbc, 0x65, 0xd0, 0x2e, 0x00, 0x48, 0x41, 0x53, 0x48, 0x5f, 0xd6, 0x9c, 0x80, 0xdb, 0x80, 0x0f, 0x80, 0xae, 0x81, 0x80,
  0x75, 0x62, 0x69, 0xb2, 0xba, 0xaf, 0x82, 0xa7, 0x70, 0x80, 0x71, 0x80, 0x22, 0x67, 0xf8, 0x80, 0x02, 0xaf, 0x80, 0xc3,
  0x66, 0x80, 0x27, 0x80, 0xfa, 0x00, 0x48, 0x41, 0x53, 0x48, 0x5f, 0xd6, 0x9c, 0x4e, 0x80, 0x9a, 0x83, 0x5f, 0xbb, 0x5f,
  0x80, 0xe4, 0x87, 0x80, 0x50, 0xbc, 0xfc, 0xa5, 0xa6, 0x6d, 0x8e, 0xc3, 0x85, 0x97, 0xc1, 0x99, 0x89, 0xda, 0x20, 0x68,
  0xb9, 0x68, 0x94, 0x80, 0x57, 0x00, 0x48, 0x41, 0x53, 0x48, 0x5f, 0xd6, 0x9c, 0x49, 0x6c, 0x9d, 0x67, 0xdc, 0x93, 0x6d,
  0x80, 0x31, 0x73, 0xc7, 0x80, 0x6d, 0xc1, 0x4e, 0x80, 0x9a, 0x83, 0x5f, 0xbb, 0x5f, 0x80, 0xe4, 0x87, 0x80, 0x50, 0xbc,
  0x65, 0xd0, 0x2e, 0x00, 0x48, 0x41, 0x53, 0x48, 0x5f, 0xd6, 0x9c, 0x48, 0xb9, 0x68, 0x80, 0x85, 0x97, 0x80, 0x50, 0xbc,
  0xfc, 0xa5, 0xa6, 0x6d, 0x8e, 0xc3, 0x85, 0x97, 0xc1, 0xa1, 0x99, 0x89, 0xda, 0x20, 0x68, 0xb9, 0x68, 0x94, 0x80, 0x57,
  0x00, 0x48, 0x41, 0x53, 0x48, 0x5f, 0xd6, 0x9c, 0x54, 0x80, 0x29, 0x80, 0x56, 0x80, 0x8c, 0x87, 0xc6, 0x80, 0xa8, 0x9d,
  0x78, 0x20, 0xd4, 0x80, 0xaf, 0x00, 0x48, 0x41, 0x53, 0x48, 0x5f, 0xd6, 0x9c, 0x41, 0x80, 0x1c, 0xeb, 0x65, 0x5f, 0x80,
  0xe4, 0x80, 0xae, 0x81, 0x80, 0x84, 0xa6, 0x80, 0x75, 0x73, 0x6d, 0x8d, 0x6c, 0x2e, 0x00, 0x48, 0x41, 0x53, 0x48, 0x5f,
  0xd6, 0x9c, 0x41, 0x80, 0x1c, 0xeb, 0x65, 0x5f, 0x80, 0xe4, 0x80, 0xae, 0x81, 0x80, 0x84, 0xa6, 0x80, 0x75, 0x6c, 0x80,
  0x96, 0xc2, 0x00, 0x48, 0x41, 0x53, 0x48, 0x5f, 0xd6, 0x9c, 0x49, 0x6c, 0x9d, 0x67, 0xdc, 0x93, 0x6d, 0x80, 0x31, 0x73,
  0xc7, 0x80, 0x6d, 0xc1, 0x80, 0x05, 0x83, 0xeb, 0x65, 0x5f, 0x80, 0xe4, 0x80, 0xae, 0xc2, 0x00, 0x48, 0x41, 0x53, 0x48,
  0x5f, 0xd6, 0x9c, 0x41, 0x80, 0x1c, 0xeb, 0x65, 0x5f, 0x80, 0xe4, 0x80, 0xae, 0x81, 0x80, 0x84, 0xc1, 0xaf, 0x78, 0x94,
  0x6c, 0x95, 0x67, 0x8f, 0x20, 0x8c, 0x80, 0x95, 0x64, 0xf7, 0x00, 0x48, 0x41, 0x53, 0x48, 0x5f, 0xd6, 0x9c, 0x49, 0x6c,
  0x9d, 0x67, 0xdc, 0x93, 0x6d, 0x80, 0x31, 0x73, 0xc7, 0x80, 0x6d, 0xc1, 0xaf, 0x80, 0xc3, 0x66, 0x80, 0x27, 0x80, 0xfa,
  0x00, 0x48, 0x41, 0x53, 0x48, 0x5f, 0xd6, 0x9c, 0x46, 0xfb, 0x6c, 0x66, 0x80, 0x27, 0x93, 0xa6, 0x80, 0x75, 0x6c, 0xf5,
  0x93, 0x80, 0x75, 0x73, 0x6d, 0x8d, 0x6c, 0x2e, 0x00, 0x48, 0x41, 0x53, 0x48, 0x5f, 0xd6, 0x9c, 0x80, 0xba, 0x80, 0x7e,
  0x94, 0x80, 0x80, 0xef, 0x80, 0x3a, 0x89, 0x65, 0x67, 0x80, 0x9c, 0x00, 0x48, 0x41, 0x53, 0x48, 0x5f, 0xd6, 0x9c, 0x46,
  0x72, 0x80, 0x30, 0xd5, 0x62, 0x97, 0x80, 0x74, 0x80, 0x2e, 0x80, 0x6a, 0x80, 0x8c, 0x87, 0x80, 0x88, 0x73, 0x75, 0x62,
  0x80, 0x4d, 0x82, 0x80, 0xb7, 0x68, 0xb9, 0x68, 0x80, 0x85, 0x80, 0x9c, 0x00, 0x48, 0x41, 0x53, 0x48, 0x5f, 0xd6, 0x9c,
  0x48, 0xb9, 0x80, 0xe5, 0x80, 0x85, 0x97, 0x80, 0x89, 0x80, 0xb7, 0x8a, 0x80, 0x03, 0x74, 0x94, 0x80, 0xf1, 0x80, 0x56,
  0x6e, 0xe4, 0x80, 0x20, 0x80, 0x13, 0xc2, 0x00, 0x48, 0x41, 0x53, 0x48, 0x5f, 0xd6, 0x9c, 0x41, 0xfd, 0x6c, 0x75, 0x99,
  0x83, 0x94, 0x80, 0x63, 0xfd, 0x9f, 0xe0, 0x80, 0xb5, 0x94, 0xf4, 0xa1, 0x68, 0xb9, 0x68, 0x94, 0x80, 0x57, 0x00, 0x48,
  0x41, 0x53, 0x48, 0x5f, 0xd6, 0x9c, 0x41, 0x84, 0x80, 0x63, 0xfd, 0x9f, 0xe0, 0x8d, 0xd0, 0x94, 0xba, 0x80, 0xcb, 0x75,
  0x99, 0xa5, 0xf4, 0xa1, 0x68, 0xb9, 0x68, 0x94, 0x80, 0x57, 0x00, 0x49, 0x6d, 0x80, 0x16, 0x70, 0xa5, 0x74, 0x80, 0x96,
  0x65, 0x82, 0x80, 0xcf, 0x87, 0x6d, 0x65, 0x8f, 0x6f, 0x86, 0xa8, 0x94, 0xba, 0x8d, 0x80, 0x9f, 0xf2, 0x93, 0x80, 0x63,
  0x2e, 0x00, 0x80, 0xc5, 0x80, 0xf1, 0x80, 0x22, 0xcf, 0x80, 0xef, 0x82, 0x76, 0x91, 0x6c, 0x89, 0xca, 0x87, 0x80, 0x5b,
  0xf7, 0x00, 0xd7, 0x73, 0x75, 0x62, 0x2d, 0x80, 0x76, 0x97, 0x66, 0x6c, 0x89, 0x74, 0x95, 0xc7, 0x73, 0xfc, 0x74, 0x8a,
  0x67, 0x87, 0xc1, 0xa7, 0x80, 0x76, 0x97, 0x70, 0x6c, 0xe1, 0x80, 0x3f, 0xa7, 0x80, 0x90, 0x6e, 0x82, 0x80, 0x6d, 0xbb,
  0x0a, 0xa7, 0x4e, 0x4f, 0x5f, 0x53, 0x55, 0x42, 0x51, 0x46, 0x20, 0x95, 0x80, 0xa7, 0x9a, 0x6e, 0x6d, 0xd5, 0x80, 0xb3,
  0x80, 0x29, 0x64, 0xa0, 0x8b, 0x80, 0xdf, 0xd3, 0x2e, 0x00, 0x80, 0x23, 0x80, 0x6d, 0x80, 0x84, 0xba, 0x53, 0x55, 0x42,
  0x53, 0x54, 0x52, 0x80, 0x28, 0x47, 0x20, 0x66, 0x80, 0x3d, 0x80, 0x17, 0x00, 0x80, 0x23, 0xc3, 0xc2, 0x00, 0xd7, 0x80,
  0x4a, 0x80, 0x93, 0x65, 0x9d, 0x6d, 0xcd, 0x9c, 0xcc, 0x80, 0x49, 0x80, 0xd7, 0x65, 0xe5, 0x69, 0xb1, 0xd5, 0x9e, 0x49,
  0x42, 0x4d, 0x20, 0xc8, 0x80, 0x4a, 0x69, 0x78, 0x20, 0x44, 0x79, 0x80, 0xb2, 0xda, 0x0a, 0x53, 0x83, 0x80, 0x1c, 0x2e,
  0x00, 0x80, 0xba, 0x8c, 0x98, 0x67, 0x6e, 0x80, 0x2b, 0x94, 0x80, 0x4a, 0x80, 0x93, 0x65, 0x9d, 0x6d, 0xcd, 0x9c, 0x80,
  0x25, 0x00, 0xd7, 0x74, 0x80, 0x96, 0x65, 0x82, 0x80, 0x3a, 0xc7, 0x80, 0x08, 0xaa, 0x6e, 0xb2, 0x65, 0x88, 0x75, 0x67,
  0x80, 0xe5, 0xba, 0x80, 0x5a, 0x61, 0x80, 0x3c, 0xcf, 0x80, 0x1c, 0x74, 0x94, 0x80, 0x4a, 0x89, 0x2e, 0x00, 0x4d, 0x61,
  0x78, 0x80, 0x06, 0xb4, 0x20, 0x70, 0x8c, 0x63, 0x80, 0x31, 0x9b, 0x80, 0x6d, 0xc1, 0x46, 0x80, 0x7b, 0x41, 0x80, 0x32,
  0x80, 0xa6, 0x80, 0x1d, 0x80, 0x88, 0x62, 0xfc, 0x77, 0x65, 0x80, 0x02, 0x31, 0x20, 0x80, 0x3f, 0x31, 0x36, 0x2e, 0x00,
  0x80, 0xc1, 0xc7, 0x4e, 0x55, 0x4c, 0x80, 0x6b, 0x80, 0x3c, 0x52, 0x41, 0x4e, 0x47, 0x45, 0x80, 0xde, 0x53, 0x80, 0x10,
  0x50, 0x20, 0x80, 0x74, 0x80, 0x2e, 0x80, 0x6a, 0x80, 0x08, 0x80, 0x52, 0x73, 0x73, 0x80, 0xd4, 0x80, 0x01, 0x00, 0x43,
  0x8e, 0x27, 0x82, 0x80, 0xdd, 0xb5, 0x63, 0x80, 0x0c, 0xf2, 0x62, 0x80, 0xc7, 0xe1, 0x95, 0x96, 0x6c, 0x94, 0x80, 0xf6,
  0xcd, 0x69, 0xdc, 0x8a, 0x74, 0x65, 0x67, 0x72, 0x80, 0x79, 0xcf, 0x80, 0xef, 0x82, 0x80, 0x5b, 0xf7, 0x00, 0x54, 0x72,
  0xb5, 0x63, 0x80, 0x0c, 0x54, 0x80, 0x29, 0x80, 0xe0, 0x9a, 0x80, 0xc3, 0x80, 0x5c, 0xab, 0x6b, 0x00, 0x4f, 0x6e, 0x80,
  0x47, 0x43, 0x4f, 0x4d, 0x4d, 0x49, 0x80, 0x32, 0x57, 0x4f, 0x52, 0x4b, 0x20, 0x80, 0x37, 0x6d, 0x80, 0x3f, 0xa6, 0x80,
  0x00, 0x61, 0x66, 0x80, 0x9f, 0x20, 0x54, 0x52, 0x55, 0x4e, 0x43, 0x41, 0x80, 0x10, 0x80, 0x72, 0x8a, 0x73, 0x69, 0x64,
  0x81, 0xa1, 0x80, 0xaa, 0xca, 0x00, 0x54, 0x72, 0xb5, 0x63, 0x80, 0x0c, 0x54, 0x80, 0x29, 0x80, 0xe0, 0xa8, 0x94, 0x8a,
  0x73, 0x69, 0x64, 0x81, 0xa1, 0x80, 0xaa, 0x9b, 0x8f, 0x80, 0x93, 0x80, 0x68, 0x99, 0x90, 0x74, 0x80, 0x1a, 0x00, 0x80,
  0xf4, 0xcc, 0x80, 0x49, 0x80, 0xd7, 0x80, 0xb4, 0x80, 0x45, 0x43, 0x41, 0x44, 0x4d, 0x20, 0x61, 0x75, 0x8f, 0x85, 0xbf,
  0x80, 0x9c, 0x00, 0xd7, 0x73, 0x80, 0xd2, 0x6c, 0x96, 0x65, 0x80, 0x20, 0x80, 0xa8, 0xdf, 0xd5, 0xcc, 0x80, 0x68, 0x80,
  0x5b, 0xf7, 0x00, 0xd7, 0x73, 0x80, 0xd2, 0x6c, 0x96, 0x65, 0x80, 0x20, 0x80, 0xa8, 0xdf, 0xd5, 0x65, 0x9d, 0x6d, 0xd5,
  0xcc, 0xa6, 0x80, 0x68, 0x80, 0x7c, 0xbe, 0x00, 0xd7, 0x73, 0x80, 0xd2, 0x6c, 0x96, 0x65, 0x80, 0x20, 0x80, 0xa8, 0xdf,
  0xd5, 0x65, 0x9d, 0x6d, 0xd5, 0xcc, 0x80, 0xea, 0x80, 0x1a, 0x87, 0x33, 0x32, 0x20, 0x62, 0x79, 0x74, 0x80, 0xaf, 0x00,
  0xd7, 0x73, 0x80, 0xd2, 0x6c, 0x96, 0x65, 0x80, 0x20, 0x80, 0xa8, 0xdf, 0xd5, 0xcc, 0x80, 0x56, 0x80, 0x75, 0x6d, 0x80,
  0xf7, 0x65, 0x9d, 0x6d, 0xcd, 0xf7, 0x00, 0xd7, 0x73, 0x80, 0xd2, 0x6c, 0x96, 0x65, 0x80, 0x20, 0x80, 0xa8, 0xdf, 0xd5,
  0x65, 0x9d, 0x6d, 0xd5, 0xcc, 0x80, 0x08, 0x79, 0x65, 0x82, 0x80, 0x7c, 0xbe, 0x00, 0xd7, 0x73, 0x80, 0xd2, 0x80, 0x52,
  0x80, 0x60, 0x97, 0xcc, 0x80, 0x68, 0x80, 0x5b, 0xf7, 0x00, 0xd7, 0x73, 0x80, 0xd2, 0x6c, 0x96, 0x65, 0x80, 0x20, 0x80,
  0xa8, 0xdf, 0xd5, 0xcc, 0x80, 0xc8, 0x80, 0x84, 0x6d, 0x85, 0x81, 0x8f, 0xe1, 0xdf, 0x63, 0xc2, 0x00, 0xd7, 0x73, 0x80,
  0xd2, 0x6c, 0x96, 0x65, 0x80, 0x20, 0x80, 0xa8, 0xdf, 0xd5, 0xcc, 0x80, 0x49, 0x80, 0x5b, 0x2e, 0x00, 0xd7, 0x80, 0xbe,
  0x78, 0x80, 0x06, 0xb4, 0x20, 0x80, 0xbf, 0x80, 0xf8, 0x80, 0xa8, 0xdf, 0xcd, 0x87, 0x9e, 0x73, 0x80, 0xd2, 0x80, 0x52,
  0x80, 0x60, 0x97, 0xcc, 0x80, 0x56, 0x80, 0x97, 0x80, 0x02, 0x80, 0xea, 0x80, 0x1a, 0xbe, 0x00, 0xd7, 0x73, 0x80, 0xd2,
  0x80, 0x52, 0x80, 0x60, 0x97, 0xcc, 0x80, 0x49, 0x80, 0x5b, 0x2e, 0x00, 0xd7, 0x73, 0x80, 0xd2, 0x6c, 0x96, 0x65, 0x80,
  0x20, 0xcc, 0x80, 0x68, 0x80, 0x5b, 0xf7, 0x00, 0xd7, 0x73, 0x80, 0xd2, 0x6c, 0x96, 0x65, 0x80, 0x20, 0x80, 0xa8, 0xdf,
  0xd5, 0xcc, 0x80, 0x08, 0x80, 0x7c, 0x94, 0x80, 0x3c, 0x73, 0x80, 0xd2, 0x80, 0x52, 0x80, 0x60, 0x80, 0x9c, 0x00, 0xd7,
  0x65, 0x9d, 0x6d, 0xd5, 0xcc, 0x80, 0x08, 0x80, 0x7c, 0x94, 0x80, 0x3c, 0x73, 0x80, 0xd2, 0x6c, 0x96, 0x65, 0x80, 0x20,
  0x80, 0xa8, 0xdf, 0x80, 0xee, 0x00, 0x54, 0x77, 0xa0, 0x93, 0x6d, 0x85, 0x81, 0x65, 0x9d, 0x6d, 0xcd, 0x87, 0x80, 0x87,
  0x80, 0x84, 0xc1, 0xa7, 0x73, 0x80, 0xd2, 0x6c, 0x96, 0x65, 0x80, 0x20, 0x80, 0xa8, 0xdf, 0xd5, 0x80, 0x25, 0x00, 0xd7,
  0x73, 0x80, 0xd2, 0x6c, 0x96, 0x65, 0x80, 0x20, 0x80, 0xa8, 0xdf, 0xd5, 0x65, 0x9d, 0x6d, 0xd5, 0xcc, 0x80, 0xc8, 0x80,
  0x84, 0x6d, 0x85, 0x81, 0x8f, 0xe1, 0xdf, 0x63, 0xc2, 0x00, 0xd7, 0x80, 0xcf, 0x87, 0x72, 0x75, 0xa2, 0xcc, 0x80, 0x49,
  0xa4, 0x80, 0x31, 0x82, 0x80, 0x3c, 0x72, 0x75, 0xa2, 0x80, 0x4d, 0x82, 0xa8, 0x80, 0x5c, 0x97, 0xa7, 0x73, 0x80, 0xd2,
  0x80, 0x52, 0x80, 0x60, 0x80, 0x9c, 0x00, 0xac, 0xff, 0x80, 0xca, 0x50, 0x55, 0x42, 0x4c, 0x49, 0x43, 0x80, 0xde, 0xa1,
  0x9a, 0xa2, 0x80, 0xb2, 0xc2, 0x00, 0x80, 0xc5, 0x80, 0xb4, 0x80, 0x45, 0x43, 0x41, 0x44, 0x4d, 0xfd, 0x9f, 0x67, 0x80,
  0x04, 0x82, 0xa1, 0x70, 0x72, 0xf8, 0x80, 0x4e, 0x67, 0x65, 0x80, 0x0b, 0x73, 0x80, 0xd2, 0x6c, 0x96, 0x65, 0x80, 0x20,
  0x93, 0xa4, 0xb7, 0x80, 0x6c, 0x9b, 0xba, 0x80, 0x4d, 0x6c, 0x66, 0x2e, 0x00, 0x80, 0xc5, 0x80, 0xb4, 0x80, 0x45, 0x43,
  0x41, 0x44, 0x4d, 0xfd, 0x9f, 0x8c, 0x76, 0x6f, 0x6b, 0x81, 0xa1, 0x70, 0x72, 0xf8, 0x80, 0x4e, 0x67, 0x65, 0x80, 0x0b,
  0x73, 0x80, 0xd2, 0x6c, 0x96, 0x65, 0x80, 0x20, 0x93, 0xa4, 0xb7, 0x80, 0x6c, 0xca, 0x87, 0x80, 0xcc, 0x80, 0x4d, 0x6c,
  0x66, 0x2e, 0x00, 0x80, 0xf4, 0xcc, 0x80, 0x49, 0x80, 0xc4, 0x6c, 0x86, 0x80, 0xa5, 0x70, 0x72, 0xf8, 0x80, 0x4e, 0x67,
  0x65, 0x80, 0x0b, 0x73, 0x80, 0xd2, 0x6c, 0x96, 0x80, 0xfe, 0x80, 0x0b, 0x93, 0xa4, 0xb7, 0x80, 0x6c, 0x80, 0x17, 0x00,
  0xd7, 0x73, 0x80, 0xd2, 0x6c, 0x96, 0x65, 0x80, 0x20, 0xcc, 0x80, 0x49, 0xa4, 0x80, 0x31, 0x82, 0xc1, 0xa7, 0x73, 0x80,
  0xd2, 0x80, 0x52, 0x80, 0x60, 0x80, 0x9c, 0x00, 0x80, 0xf4, 0x80, 0x68, 0x80, 0x56, 0xa1, 0x73, 0x80, 0xd2, 0x6c, 0x96,
  0x65, 0x80, 0x20, 0xcc, 0xc1, 0x80, 0x5d, 0x41, 0x80, 0xc9, 0x80, 0xcf, 0xf7, 0x00, 0x80, 0xf4, 0x80, 0x68, 0x80, 0x56,
  0xa1, 0x73, 0x80, 0xd2, 0x6c, 0x96, 0x65, 0x80, 0x20, 0xcc, 0xc1, 0x57, 0x52, 0x49, 0x80, 0x10, 0x20, 0x80, 0xcf, 0xf7,
  0x00, 0xd7, 0x73, 0x80, 0xd2, 0x6c, 0x96, 0x65, 0x80, 0x20, 0xcc, 0xcf, 0x66, 0x80, 0x60, 0x74, 0x87, 0x80, 0x22, 0xa7,
  0x80, 0x5b, 0xc7, 0x67, 0x80, 0x04, 0x74, 0x94, 0x73, 0x80, 0xd2, 0x6c, 0x96, 0x80, 0xfe, 0x2e, 0x00, 0xd7, 0x73, 0x80,
  0xd2, 0x6c, 0x96, 0x65, 0x80, 0x20, 0x80, 0xa8, 0xdf, 0xd5, 0xcc, 0xa6, 0x99, 0xfb, 0x80, 0x20, 0x9e, 0x80, 0x1f, 0x62,
  0x97, 0xa1, 0x73, 0x80, 0xd2, 0x80, 0x52, 0x80, 0x60, 0x80, 0x9c, 0x00, 0xd7, 0x73, 0x80, 0xd2, 0x6c, 0x96, 0x65, 0x80,
  0x20, 0xcc, 0xa6, 0x80, 0x90, 0x6e, 0x74, 0x80, 0x47, 0x9e, 0xa8, 0xc2, 0x00, 0xd7, 0x73, 0x80, 0xd2, 0x80, 0x52, 0x80,
  0x60, 0x97, 0xcc, 0xa6, 0x80, 0x90, 0x6e, 0x74, 0x80, 0x47, 0x9e, 0xa8, 0xc2, 0x00, 0xac, 0x47, 0x52, 0x41, 0x4e, 0x80,
  0x32, 0x93, 0x80, 0x5d, 0x56, 0x4f, 0x4b, 0x45, 0x20, 0x80, 0x45, 0x54, 0x80, 0x45, 0x53, 0x53, 0x49, 0x80, 0x8e, 0x41,
  0x55, 0x54, 0x48, 0x20, 0x70, 0x72, 0xf8, 0x80, 0x4e, 0xc5, 0xba, 0x93, 0x80, 0xcc, 0x50, 0x55, 0x42, 0x4c, 0x49, 0x43,
  0x2e, 0x00, 0x80, 0xf4, 0xcc, 0x80, 0x49, 0x80, 0xd7, 0x80, 0x45, 0x54, 0x80, 0x45, 0x53, 0x53, 0x49, 0x80, 0x8e, 0x41,
  0x55, 0x54, 0x48, 0x20, 0x70, 0x72, 0xf8, 0x80, 0x4e, 0x67, 0xc2, 0x00, 0x80, 0xf4, 0xcc, 0x80, 0x49, 0x80, 0xd7, 0xa7,
  0x61, 0x75, 0x8f, 0x85, 0x80, 0x79, 0xba, 0x67, 0x80, 0x04, 0x82, 0x93, 0x8c, 0x76, 0x6f, 0x6b, 0x81, 0x80, 0xb4, 0x80,
  0x45, 0x43, 0x41, 0x44, 0x4d, 0x2e, 0x00, 0x80, 0xb4, 0x80, 0x45, 0x43, 0x41, 0x44, 0x4d, 0xfd, 0x9f, 0xe0, 0x67, 0x80,
  0x04, 0x74, 0x94, 0xba, 0xa8, 0xa5, 0x80, 0x25, 0x00, 0xd7, 0x65, 0x9d, 0x6d, 0xd5, 0xcc, 0x80, 0x68, 0x80, 0x5b, 0x87,
  0x80, 0x3c, 0x73, 0x80, 0xd2, 0x6c, 0x96, 0x65, 0x80, 0x20, 0x80, 0xa8, 0xdf, 0x80, 0xee, 0x00, 0xac, 0x73, 0x80, 0xbc,
  0x81, 0x80, 0x8c, 0x87, 0x93, 0x80, 0xe4, 0x87, 0x80, 0xd6, 0xf2, 0xfa, 0x80, 0xa4, 0x82, 0xa1, 0x73, 0x80, 0xd2, 0x80,
  0x52, 0x80, 0x60, 0x80, 0x9c, 0x00, 0x80, 0x23, 0x80, 0x21, 0x63, 0xef, 0xc6, 0xa1, 0x80, 0x89, 0xcc, 0xc6, 0x80, 0x1d,
  0x49, 0x44, 0x53, 0x80, 0x45, 0x43, 0x55, 0x52, 0x49, 0x54, 0x59, 0x4c, 0x41, 0x42, 0x45, 0x4c, 0x2e, 0x00, 0x80, 0xc5,
  0x73, 0x80, 0xd2, 0x80, 0x52, 0x80, 0x60, 0x97, 0x80, 0xe0, 0xd8, 0x64, 0x94, 0xba, 0xa1, 0x80, 0x8d, 0x80, 0x19, 0x90,
  0x79, 0x80, 0x0b, 0xd4, 0x94, 0x93, 0xa4, 0x80, 0xbb, 0x80, 0x57, 0x00, 0x4f, 0x6e, 0x80, 0x47, 0xdf, 0x81, 0x73, 0x80,
  0xd2, 0x6c, 0x96, 0x65, 0x80, 0x20, 0x80, 0x89, 0xa6, 0x80, 0x9b, 0x80, 0xd6, 0x80, 0x57, 0x00, 0xac, 0x80, 0x41, 0xea,
  0x80, 0xca, 0x80, 0x89, 0xcc, 0xba, 0x80, 0x1d, 0x49, 0x44, 0x53, 0x80, 0x45, 0x43, 0x55, 0x52, 0x49, 0x54, 0x59, 0x4c,
  0x41, 0x42, 0x45, 0x4c, 0x2e, 0x00, 0x53, 0x80, 0xd1, 0x80, 0x53, 0xf2, 0x80, 0x48, 0x80, 0xd7, 0xa7, 0x73, 0xfe, 0x73,
  0x80, 0xd2, 0x80, 0x16, 0x74, 0x80, 0x77, 0xf3, 0x74, 0x80, 0x96, 0x65, 0x82, 0x80, 0x57, 0x00, 0xd7, 0xf2, 0xcc, 0x80,
  0x68, 0x80, 0x56, 0xa1, 0x73, 0x80, 0xd2, 0x80, 0x52, 0x80, 0x60, 0x80, 0x9c, 0x00, 0xd7, 0xf2, 0xcc, 0x80, 0x08, 0x80,
  0x16, 0x74, 0xb6, 0x94, 0x80, 0x22, 0xa1, 0x73, 0x80, 0xd2, 0x80, 0x52, 0x80, 0x60, 0x80, 0x9c, 0x00, 0xd7, 0x80, 0x89,
  0xcc, 0x80, 0x56, 0x80, 0x68, 0x80, 0x97, 0x80, 0x02, 0x80, 0x16, 0x74, 0xb6, 0x80, 0x5c, 0x97, 0xa1, 0x73, 0x80, 0xd2,
  0x6c, 0x96, 0x80, 0xfe, 0x2e, 0x00, 0xd7, 0x80, 0x89, 0xcc, 0x80, 0x08, 0x80, 0x16, 0x74, 0xb6, 0x80, 0x5c, 0x97, 0xa1,
  0x73, 0x80, 0xd2, 0x6c, 0x96, 0x80, 0xfe, 0x2e, 0x00, 0x80, 0xf4, 0xcc, 0x80, 0x49, 0x80, 0xc4, 0x6c, 0x86, 0xa1, 0x73,
  0x80, 0xd2, 0x6c, 0x96, 0x65, 0x80, 0x20, 0xc1, 0x80, 0x5d, 0x41, 0x80, 0xc9, 0x80, 0xcf, 0xf7, 0x00, 0xd7, 0x80, 0x6d,
  0xcc, 0x80, 0x16, 0x80, 0xa7, 0x64, 0x94, 0xc1, 0x80, 0xf1, 0x73, 0x80, 0xd2, 0x6c, 0x96, 0x65, 0x80, 0x20, 0x80, 0x89,
  0xa6, 0x8a, 0xb1, 0x69, 0xa9, 0x00, 0x80, 0xf4, 0x80, 0x70, 0x80, 0x67, 0x80, 0x4a, 0x20, 0x80, 0x5d, 0x41, 0x80, 0xc9,
  0x80, 0xcf, 0x87, 0xba, 0xa7, 0x80, 0x16, 0x74, 0xb6, 0x94, 0x80, 0x89, 0x80, 0x25, 0x00, 0x80, 0xf4, 0x80, 0x70, 0x80,
  0x67, 0x80, 0x4a, 0x20, 0x57, 0x52, 0x49, 0x80, 0x10, 0x20, 0x80, 0xcf, 0x87, 0xba, 0xa7, 0x80, 0x16, 0x74, 0xb6, 0x94,
  0x80, 0x89, 0x80, 0x25, 0x00, 0x80, 0xf4, 0x80, 0x49, 0x80, 0xd7, 0xa7, 0x4c, 0x42, 0x41, 0x43, 0xfd, 0x8c, 0x64, 0xcd,
  0x69, 0x8d, 0x87, 0xba, 0x80, 0x67, 0x80, 0x4a, 0x20, 0x80, 0x28, 0x80, 0x45, 0x52, 0x80, 0x32, 0xf4, 0xf2, 0x80, 0x25,
  0x00, 0x80, 0xf4, 0x80, 0x49, 0x80, 0xd7, 0xa7, 0x4c, 0x42, 0x41, 0x43, 0xfd, 0x8c, 0x64, 0xcd, 0x69, 0x8d, 0x87, 0xba,
  0x80, 0x67, 0x80, 0x4a, 0x20, 0x80, 0x45, 0x80, 0xed, 0x43, 0x80, 0x32, 0xf4, 0xf2, 0x80, 0x25, 0x00, 0x80, 0xf4, 0x80,
  0x49, 0x80, 0xd7, 0xa7, 0x4c, 0x42, 0x41, 0x43, 0xfd, 0x8c, 0x64, 0xcd, 0x69, 0x8d, 0x87, 0xba, 0x80, 0x67, 0x80, 0x4a,
  0x20, 0x55, 0x50, 0x44, 0x41, 0x80, 0x10, 0x20, 0xf4, 0xf2, 0x80, 0x25, 0x00, 0x80, 0xf4, 0x80, 0x49, 0x80, 0xd7, 0xa7,
  0x4c, 0x42, 0x41, 0x43, 0xfd, 0x8c, 0x64, 0xcd, 0x69, 0x8d, 0x87, 0xba, 0x80, 0x67, 0x80, 0x4a, 0x20, 0x80, 0xdc, 0x80,
  0xed, 0x80, 0x10, 0x20, 0xf4, 0xf2, 0x80, 0x25, 0x00, 0x55, 0x70, 0xc3, 0x65, 0x80, 0x0b, 0xe2, 0x9d, 0x74, 0x65, 0x80,
  0x0b, 0x93, 0x8a, 0x80, 0x03, 0x82, 0x8a, 0xba, 0xa1, 0x55, 0x4e, 0x49, 0x80, 0x8e, 0x20, 0x41, 0x4c, 0x80, 0x6b, 0x80,
  0xa7, 0x80, 0xe3, 0x80, 0x08, 0x80, 0x42, 0xbe, 0x00, 0xac, 0x80, 0x4d, 0x82, 0x9a, 0xa2, 0xba, 0x80, 0xb4, 0x80, 0x45,
  0x43, 0x41, 0x44, 0x4d, 0x2e, 0x00, 0xac, 0x80, 0xd5, 0x80, 0xa2, 0x80, 0x25, 0x00, 0x80, 0xe1, 0x80, 0x1e, 0x81, 0xcc,
  0xa6, 0x80, 0x90, 0x6e, 0x74, 0x80, 0x47, 0xe3, 0x95, 0x80, 0x5c, 0x97, 0x61, 0x88, 0x8f, 0xa5, 0xa8, 0x83, 0x2e, 0x00,
  0x80, 0xf4, 0xcc, 0x80, 0x49, 0x80, 0xd7, 0x80, 0xb4, 0x53, 0x80, 0xc5, 0x61, 0x75, 0x8f, 0x85, 0xbf, 0x80, 0x9c, 0x00,
  0x80, 0x23, 0xd3, 0x90, 0x80, 0x27, 0xa5, 0x9e, 0x65, 0x9d, 0x6d, 0xd5, 0x80, 0x25, 0x00, 0xd7, 0x73, 0x80, 0xd2, 0x6c,
  0x96, 0x65, 0x80, 0x20, 0x80, 0xa8, 0xdf, 0xd5, 0x65, 0x9d, 0x6d, 0xd5, 0xcc, 0x80, 0xe0, 0x6e, 0xe4, 0x6c, 0x2e, 0x00,
  0xd7, 0x72, 0x75, 0xa2, 0x80, 0x84, 0x80, 0x08, 0xcf, 0x73, 0x80, 0x11, 0xd5, 0x80, 0x22, 0xa7, 0x73, 0x80, 0xd2, 0x80,
  0x52, 0x80, 0x60, 0x97, 0x80, 0x25, 0x00, 0xac, 0x47, 0x52, 0x41, 0x4e, 0x80, 0x32, 0x93, 0x80, 0x5d, 0x56, 0x4f, 0x4b,
  0x45, 0x20, 0x80, 0x45, 0x54, 0x80, 0x45, 0x53, 0x53, 0x49, 0x80, 0x8e, 0x41, 0x55, 0x54, 0x48, 0x20, 0x70, 0x72, 0xf8,
  0x80, 0x4e, 0xc5, 0xc1, 0x9a, 0x80, 0x01, 0x00, 0x4d, 0xe4, 0x74, 0x69, 0x70, 0xa2, 0x73, 0x80, 0xd2, 0x80, 0x52, 0x80,
  0x60, 0x97, 0x63, 0x80, 0x54, 0xa8, 0x80, 0xaf, 0x00, 0xac, 0x73, 0x80, 0xbc, 0x81, 0x80, 0xe4, 0x87, 0x80, 0xd6, 0xf2,
  0xfa, 0x80, 0xa4, 0x82, 0xa1, 0xe2, 0x80, 0x26, 0xe4, 0x82, 0x80, 0x6d, 0xc1, 0x49, 0x44, 0x53, 0x80, 0x45, 0x43, 0x55,
  0x52, 0x49, 0x54, 0x59, 0x4c, 0x41, 0x42, 0x45, 0x4c, 0x0a, 0x80, 0x8c, 0x2e, 0x00, 0xac, 0xe6, 0xc3, 0x81, 0x80, 0x50,
  0x74, 0x80, 0xe2, 0x66, 0x6c, 0xeb, 0xf7, 0x00, 0xd7, 0x80, 0xa8, 0xdf, 0xd5, 0x80, 0x1d, 0x80, 0x84, 0xcc, 0x80, 0x49,
  0x80, 0xdf, 0x80, 0x91, 0xa7, 0x80, 0x1d, 0x80, 0x3c, 0x80, 0x99, 0x80, 0xe7, 0xfd, 0x89, 0x8d, 0x6f, 0x80, 0xc2, 0x00,
  0xac, 0x8d, 0x80, 0x9f, 0x41, 0x52, 0x52, 0x41, 0x59, 0x20, 0x73, 0x80, 0xd2, 0x6c, 0x96, 0x65, 0x80, 0x20, 0x80, 0xa8,
  0xdf, 0xd5, 0xba, 0xd8, 0x86, 0x65, 0x9d, 0x6d, 0xcd, 0x87, 0x80, 0x97, 0x80, 0x2a, 0x81, 0x80, 0x25, 0x00, 0xac, 0x8d,
  0x80, 0x9f, 0x41, 0x52, 0x52, 0x41, 0x59, 0x20, 0x73, 0x80, 0xd2, 0x6c, 0x96, 0x65, 0x80, 0x20, 0x80, 0xa8, 0xdf, 0xd5,
  0xba, 0xd8, 0x86, 0x65, 0x9d, 0x6d, 0xcd, 0x87, 0x61, 0x66, 0x80, 0x9f, 0x80, 0x25, 0x00, 0x4f, 0x80, 0x67, 0xef, 0x8b,
  0x80, 0x67, 0x6d, 0xbf, 0x74, 0xbe, 0x00, 0xac, 0xd8, 0x86, 0x4c, 0x42, 0x41, 0x43, 0x20, 0x80, 0x16, 0x74, 0x80, 0x77,
  0xba, 0xa1, 0xf2, 0x80, 0x7c, 0x94, 0xc1, 0x8c, 0x70, 0x80, 0x60, 0x89, 0x80, 0x17, 0x00, 0xac, 0x80, 0x9e, 0xa1, 0xea,
  0x99, 0x8a, 0x63, 0x82, 0x80, 0x1d, 0xcc, 0xc6, 0x80, 0x1d, 0x49, 0x44, 0x53, 0x80, 0x45, 0x43, 0x55, 0x52, 0x49, 0x54,
  0x59, 0x4c, 0x41, 0x42, 0x45, 0x4c, 0x2e, 0x00, 0x4c, 0x42, 0x41, 0x43, 0x20, 0x8a, 0x80, 0x55, 0x8d, 0xd1, 0xa3, 0x00,
  0x80, 0xdb, 0x80, 0x0f, 0x73, 0x80, 0xd2, 0x6c, 0x96, 0x65, 0x80, 0x20, 0xc1, 0xa1, 0x80, 0x16, 0x74, 0xb6, 0x94, 0xf2,
  0x80, 0xe0, 0x6e, 0xe4, 0x6c, 0x2e, 0x00, 0xc8, 0x80, 0x55, 0x8d, 0xcb, 0x2e, 0x00, 0x56, 0x80, 0x86, 0x80, 0x29, 0xcc,
  0x80, 0x56, 0x4e, 0x55, 0x4c, 0x80, 0x6b, 0x80, 0x13, 0xc2, 0x00, 0x49, 0x6c, 0x9d, 0x67, 0xdc, 0x89, 0x80, 0x8d, 0x70,
  0x82, 0xba, 0xcf, 0x80, 0x1c, 0x82, 0xa1, 0x80, 0xe6, 0x80, 0x77, 0x80, 0x1d, 0x8a, 0xba, 0x61, 0x88, 0x8f, 0xa5, 0x80,
  0xff, 0x00, 0x49, 0x6c, 0x9d, 0x67, 0xdc, 0x89, 0x80, 0x8d, 0x70, 0x82, 0xba, 0x80, 0x1f, 0x80, 0xe6, 0x80, 0x77, 0x80,
  0xc4, 0x80, 0xfc, 0x80, 0xb3, 0x96, 0x80, 0x01, 0x00, 0xc8, 0x80, 0x33, 0x20, 0x8b, 0x80, 0x9b, 0xf4, 0x80, 0xe6, 0xb6,
  0xca, 0xf7, 0x00, 0x53, 0x63, 0x9a, 0x80, 0xc3, 0xfd, 0xb0, 0x73, 0x93, 0x63, 0x8e, 0x27, 0x82, 0x80, 0x4d, 0x6c, 0x80,
  0x8b, 0x80, 0xe6, 0x80, 0x77, 0x80, 0x8c, 0xf7, 0x00, 0x80, 0x6f, 0x80, 0xc3, 0xb6, 0xca, 0x87, 0x80, 0x87, 0x8b, 0x80,
  0x9b, 0x80, 0x3c, 0x22, 0x67, 0x9a, 0xe6, 0x20, 0x62, 0x79, 0x22, 0xfd, 0x80, 0x54, 0xa8, 0xc2, 0x00, 0x80, 0x6f, 0x80,
  0xc3, 0xb6, 0xca, 0x87, 0x80, 0x87, 0x8b, 0x80, 0x9b, 0x80, 0x3c, 0x22, 0xea, 0x99, 0x8a, 0xed, 0x22, 0xfd, 0x80, 0x54,
  0xa8, 0xc2, 0x00, 0x80, 0x6f, 0x80, 0xc3, 0xb6, 0xca, 0x87, 0x80, 0x87, 0x8b, 0x80, 0x9b, 0x80, 0x3c, 0x22, 0x85, 0x64,
  0xa5, 0x62, 0x79, 0x22, 0xfd, 0x80, 0x54, 0xa8, 0xc2, 0x00, 0x80, 0x6f, 0x80, 0xc3, 0xb6, 0xca, 0x87, 0x80, 0x87, 0x8b,
  0x80, 0x9b, 0x80, 0x3c, 0x80, 0x74, 0x80, 0x2e, 0x73, 0x80, 0x17, 0x00, 0x80, 0xc5, 0x80, 0xe6, 0x80, 0x77, 0x80, 0xa6,
  0x80, 0x1d, 0x80, 0x88, 0x80, 0x4f, 0x70, 0x6c, 0x69, 0x94, 0xfa, 0x9e, 0x80, 0xa5, 0x80, 0x5a, 0xa4, 0x80, 0xb6, 0x00,
  0x46, 0x52, 0x4f, 0x4d, 0xfd, 0x80, 0x54, 0x80, 0x1f, 0x80, 0x70, 0x80, 0xd7, 0xa1, 0x6a, 0x6f, 0x9e, 0x80, 0x82, 0x80,
  0x02, 0xdf, 0x81, 0x80, 0xb7, 0xf2, 0xa6, 0xa1, 0x80, 0xe6, 0xb6, 0x80, 0x17, 0x00, 0x80, 0x66, 0x57, 0x48, 0x45, 0x80,
  0x5d, 0x80, 0x0b, 0x47, 0x52, 0x4f, 0x55, 0x50, 0x42, 0x59, 0x80, 0x0b, 0x48, 0x41, 0x56, 0x80, 0x28, 0x47, 0x80, 0xde,
  0x4f, 0x52, 0x80, 0xdc, 0x52, 0x42, 0x59, 0xfd, 0x80, 0x54, 0x80, 0x1f, 0x80, 0x87, 0x80, 0x9b, 0xf4, 0xa1, 0x80, 0xe6,
  0xb6, 0x80, 0x17, 0x00, 0x53, 0x80, 0xfe, 0x80, 0x8b, 0x6c, 0x80, 0x31, 0x82, 0x80, 0x70, 0x80, 0xd7, 0x80, 0x74, 0x80,
  0x2e, 0x80, 0x6a, 0x80, 0x82, 0x80, 0x02, 0x80, 0x4d, 0x6c, 0xb6, 0xc7, 0x80, 0xcc, 0xa1, 0x80, 0xe6, 0xb6, 0x80, 0x17,
  0x00, 0x44, 0x83, 0xf8, 0x94, 0x80, 0x89, 0x6c, 0x80, 0x31, 0x82, 0x80, 0x08, 0x80, 0x9b, 0xc1, 0x80, 0xa5, 0x80, 0x61,
  0x80, 0xee, 0x00, 0x41, 0x80, 0x32, 0x80, 0x85, 0x79, 0x80, 0xc0, 0x86, 0x80, 0x08, 0x80, 0x9b, 0x80, 0x82, 0x80, 0x02,
  0x8a, 0x80, 0x03, 0x74, 0xc7, 0x80, 0xd6, 0x62, 0xb9, 0x81, 0x80, 0x57, 0x00, 0x50, 0x6f, 0x73, 0x80, 0xe2, 0x80, 0x6d,
  0x73, 0x80, 0xc4, 0x80, 0x92, 0xe0, 0x80, 0x84, 0x8f, 0x9a, 0x75, 0x67, 0x80, 0xe5, 0xa1, 0xcf, 0x99, 0x8e, 0x82, 0x93,
  0xa1, 0x80, 0xb3, 0x96, 0x80, 0x01, 0x00, 0x53, 0x80, 0xd1, 0x80, 0x53, 0xc1, 0xa7, 0x80, 0x45, 0x54, 0xfd, 0x80, 0x54,
  0x80, 0x1f, 0x73, 0x80, 0xc4, 0x80, 0x92, 0xe0, 0xa1, 0x73, 0x80, 0x06, 0x70, 0xa2, 0x80, 0x74, 0x80, 0x2e, 0x73, 0x80,
  0x17, 0x00, 0x41, 0x6c, 0x69, 0xb9, 0xc7, 0x80, 0x08, 0x80, 0x9b, 0xc1, 0xa1, 0x80, 0xe6, 0x80, 0x77, 0xc6, 0x52, 0x4f,
  0x57, 0x20, 0xd4, 0x80, 0xaf, 0x00, 0x56, 0x80, 0x86, 0x80, 0x29, 0xcc, 0x80, 0x08, 0xc6, 0x80, 0xe6, 0x80, 0x77, 0x80,
  0xff, 0x00, 0x43, 0xe1, 0x8b, 0x80, 0x4d, 0x6c, 0x80, 0x8b, 0xa7, 0x80, 0xe6, 0x80, 0x77, 0x80, 0xb3, 0x80, 0x29, 0x80,
  0x25, 0x00, 0xd7, 0x80, 0xbf, 0x80, 0xf8, 0x64, 0x83, 0xf8, 0x94, 0x80, 0x8c, 0x87, 0x64, 0xa0, 0x8b, 0x80, 0xdf, 0x80,
  0x91, 0xa7, 0x80, 0x27, 0x75, 0xdc, 0x80, 0xbf, 0x80, 0xf8, 0x80, 0x8c, 0xf7, 0x00, 0x80, 0x6f, 0x80, 0xc3, 0x80, 0x77,
  0x80, 0xb3, 0x80, 0x29, 0xcc, 0x80, 0xe0, 0x80, 0x7c, 0x94, 0xf3, 0x47, 0x80, 0xda, 0x8d, 0x2e, 0x00, 0xc8, 0x80, 0xbb,
  0x6c, 0x95, 0x67, 0x8f, 0x20, 0x80, 0x88, 0x67, 0x8c, 0x89, 0xa5, 0x8f, 0xe1, 0x7a, 0x83, 0xa0, 0x80, 0x3f, 0x73, 0x6d,
  0x8d, 0x6c, 0xa5, 0x8f, 0xe1, 0x33, 0x32, 0x37, 0x36, 0x30, 0x2e, 0x00, 0x4d, 0x61, 0x78, 0x80, 0x06, 0xb4, 0x20, 0x6c,
  0x95, 0x67, 0x8f, 0x20, 0x80, 0x88, 0x67, 0x8c, 0x89, 0xa5, 0x8f, 0xe1, 0x7a, 0x83, 0xa0, 0x80, 0x3f, 0x73, 0x6d, 0x8d,
  0x6c, 0xa5, 0x8f, 0xe1, 0x33, 0x32, 0x37, 0x34, 0x30, 0x2e, 0x00, 0x41, 0x6c, 0x69, 0x67, 0x6e, 0x6d, 0xd5, 0x80, 0x88,
  0x80, 0x4d, 0x82, 0xba, 0x31, 0x80, 0x0b, 0x32, 0x80, 0x0b, 0x34, 0x80, 0xde, 0x38, 0x2e, 0x00, 0x4d, 0x61, 0x78, 0x80,
  0x06, 0xb4, 0x20, 0x6c, 0x95, 0x67, 0x8f, 0x20, 0x73, 0x80, 0xc4, 0x80, 0x92, 0xe0, 0x80, 0x4d, 0x82, 0xc1, 0x80, 0xb3,
  0x96, 0x9d, 0x2d, 0x80, 0xae, 0x94, 0xe3, 0x61, 0xe5, 0x81, 0xd4, 0xd2, 0xdf, 0x6c, 0x80, 0x9c, 0x00, 0x50, 0xb9, 0x73,
  0x80, 0x1a, 0x62, 0x79, 0x80, 0x6d, 0x63, 0xe1, 0xdf, 0x80, 0x47, 0xe0, 0x80, 0x4d, 0x82, 0x69, 0x66, 0x20, 0x6c, 0x95,
  0x67, 0x8f, 0x20, 0xa6, 0x31, 0x80, 0x0b, 0x32, 0x80, 0x0b, 0x93, 0x34, 0x2e, 0x00, 0x54, 0xc4, 0x81, 0xcc, 0x8b, 0x80,
  0xad, 0xa9, 0x00, 0x4e, 0x6f, 0x82, 0x6f, 0x77, 0x6e, 0x80, 0xf8, 0x80, 0xff, 0x00, 0xac, 0x80, 0x65, 0x20, 0x80, 0x1d,
  0xae, 0x9c, 0x99, 0xfb, 0x80, 0x20, 0x9e, 0xa8, 0xc2, 0x00, 0x4f, 0x70, 0x61, 0xe5, 0x81, 0x80, 0x1d, 0xcc, 0x80, 0x68,
  0x80, 0x5b, 0x87, 0x9e, 0x80, 0x3e, 0xc2, 0x00, 0x56, 0x8d, 0x75, 0x81, 0x80, 0x49, 0x80, 0xdf, 0x80, 0x91, 0xa7, 0x80,
  0x1d, 0xc6, 0x80, 0x89, 0x80, 0x25, 0x00, 0x41, 0x4c, 0x80, 0x10, 0x80, 0x62, 0x54, 0x41, 0x42, 0x80, 0xed, 0xfd, 0xe1,
  0x8b, 0x80, 0x41, 0xea, 0x80, 0xca, 0x80, 0x89, 0xcc, 0x80, 0xff, 0x80, 0x72, 0x4e, 0x65, 0x94, 0xa1, 0x63, 0xb9, 0x82,
  0x80, 0xcc, 0xa7, 0x80, 0x90, 0x6e, 0x82, 0xd4, 0x65, 0x0a, 0xba, 0xa7, 0x6e, 0x80, 0xe3, 0x80, 0xff, 0x00, 0x80, 0x66,
  0x63, 0xb9, 0x82, 0x80, 0xcc, 0x80, 0xd0, 0x00, 0x41, 0x84, 0x89, 0x80, 0x8d, 0x70, 0x82, 0x80, 0x56, 0x80, 0x26, 0xfb,
  0x94, 0xba, 0xcf, 0x80, 0x1c, 0x82, 0xe1, 0xe3, 0x61, 0xe5, 0x81, 0x80, 0x1d, 0x8a, 0xba, 0x61, 0x88, 0x8f, 0xa5, 0x80,
  0x1d, 0xfa, 0x80, 0xa4, 0x82, 0xa1, 0x63, 0x61, 0x99, 0x0a, 0x20, 0x66, 0x80, 0x3d, 0x80, 0x17, 0x00, 0x4f, 0x70, 0x61,
  0xe5, 0x81, 0x80, 0x1d, 0x80, 0xea, 0x80, 0x1a, 0x94, 0xbf, 0x87, 0x80, 0xbe, 0x78, 0x80, 0x06, 0xb4, 0x20, 0x6c, 0x95,
  0x67, 0x8f, 0x2e, 0x00, 0x43, 0xb9, 0x82, 0x66, 0x80, 0x7d, 0xcc, 0x80, 0x49, 0x80, 0x5b, 0x2e, 0x00, 0x47, 0x80, 0x04,
  0x74, 0x2f, 0x52, 0x65, 0x76, 0x6f, 0x6b, 0x81, 0xb5, 0x64, 0xa5, 0xf4, 0x62, 0xb9, 0x81, 0xd4, 0xd2, 0xea, 0x73, 0x80,
  0x42, 0xbe, 0x00, 0x47, 0x80, 0x04, 0x74, 0x2f, 0x52, 0x65, 0x76, 0x6f, 0x6b, 0x81, 0xb5, 0x64, 0xa5, 0xf4, 0xea, 0x99,
  0x8a, 0x63, 0x82, 0xc6, 0x80, 0xb1, 0x2d, 0x80, 0xf1, 0xd4, 0xd2, 0xea, 0x73, 0x80, 0x42, 0xbe, 0x00, 0xac, 0x80, 0x65,
  0x20, 0x80, 0x1d, 0xae, 0x9c, 0xea, 0x99, 0x8a, 0x63, 0x82, 0x80, 0x1d, 0x80, 0x7c, 0x94, 0x6f, 0x80, 0xb8, 0xa7, 0x80,
  0xff, 0x00, 0x44, 0x80, 0x58, 0x20, 0x80, 0x1d, 0x63, 0xe1, 0xdf, 0x80, 0x47, 0x80, 0x65, 0x20, 0xe3, 0x61, 0xe5, 0x81,
  0x80, 0x1d, 0x93, 0xea, 0x99, 0x8a, 0x63, 0x82, 0x80, 0xff, 0x00, 0x80, 0xc5, 0xe5, 0x6f, 0x74, 0x94, 0x80, 0x3a, 0xc7,
  0x80, 0xea, 0x80, 0x1a, 0x87, 0x33, 0x32, 0x37, 0x36, 0x38, 0x20, 0x62, 0x79, 0x74, 0x80, 0xaf, 0x00, 0x54, 0xc4, 0x81,
  0xcc, 0x80, 0x08, 0x68, 0xb9, 0x68, 0x96, 0x80, 0x01, 0x00, 0x54, 0xc4, 0x81, 0xcc, 0x80, 0x49, 0x80, 0xd7, 0x45, 0xe5,
  0xdc, 0x66, 0x80, 0x3d, 0x80, 0x17, 0x00, 0xac, 0xa4, 0x92, 0xee, 0x81, 0x63, 0xb9, 0x82, 0x80, 0xcc, 0xa8, 0x83, 0x2d,
  0x80, 0x7c, 0x94, 0x80, 0xa6, 0x80, 0x1d, 0xba, 0xd3, 0x90, 0x80, 0x27, 0xa5, 0x80, 0x4a, 0x89, 0x2e, 0x00, 0x52, 0xbd,
  0xe4, 0x82, 0xc6, 0xa1, 0x62, 0x6f, 0x6f, 0x9d, 0xe1, 0x80, 0x74, 0x80, 0x2e, 0x80, 0x6a, 0x80, 0x08, 0xc6, 0x62, 0x6f,
  0x6f, 0x9d, 0xe1, 0x80, 0xff, 0x20, 0x00, 0xac, 0x80, 0x65, 0x20, 0x80, 0x1d, 0xae, 0x9c, 0x63, 0x61, 0x99, 0x28, 0x73,
  0x80, 0xd8, 0x80, 0x7c, 0x94, 0xc1, 0xa7, 0x80, 0xff, 0x00, 0x80, 0x23, 0x80, 0x6d, 0x80, 0x84, 0xc1, 0xa1, 0x62, 0x6f,
  0x6f, 0x9d, 0xe1, 0x80, 0xff, 0x00, 0xac, 0x74, 0x80, 0x04, 0xc9, 0x85, 0x82, 0xa1, 0xa8, 0x83, 0x2d, 0x80, 0x7c, 0x94,
  0x80, 0x1d, 0xba, 0x80, 0xcb, 0x69, 0xd5, 0x80, 0x1c, 0x73, 0xca, 0x87, 0x65, 0x90, 0x6c, 0x69, 0xa5, 0x8f, 0xe1, 0x80,
  0x1c, 0x80, 0x6a, 0x39, 0x2e, 0x00, 0x52, 0x69, 0x67, 0x68, 0x82, 0x68, 0x80, 0x3f, 0x73, 0x69, 0x64, 0x81, 0xc6, 0x80,
  0x28, 0x20, 0x80, 0x74, 0x80, 0x2e, 0x80, 0x6a, 0x80, 0x88, 0xa1, 0x43, 0x4f, 0x4c, 0x80, 0xed, 0x43, 0x54, 0x49, 0x80,
  0x8e, 0x20, 0x80, 0xff, 0x00, 0xd7, 0x80, 0xf9, 0x80, 0x26, 0xfb, 0x80, 0x5c, 0x80, 0xc7, 0x62, 0x8a, 0x80, 0xeb, 0x6c,
  0xf5, 0x6f, 0xf6, 0x87, 0x80, 0x87, 0x8b, 0x80, 0x9b, 0x80, 0x3c, 0x80, 0xba, 0xca, 0x2c, 0x0a, 0xc8, 0xd0, 0x73, 0xb6,
  0x80, 0x0b, 0x93, 0x4d, 0x8a, 0x75, 0x87, 0x80, 0x76, 0x69, 0x80, 0xaf, 0x00, 0x47, 0x80, 0x04, 0x74, 0x2f, 0x52, 0x65,
  0x76, 0x6f, 0x6b, 0x81, 0x55, 0x4e, 0x80, 0xdc, 0x80, 0x62, 0xf4, 0xb5, 0xd4, 0x94, 0xf2, 0x80, 0x08, 0x80, 0x42, 0xbe,
  0x00, 0x55, 0x4e, 0x80, 0xdc, 0x80, 0x62, 0x70, 0x72, 0xf8, 0x80, 0x4e, 0xc5, 0x8c, 0xe5, 0x69, 0x8c, 0x86, 0xba, 0x80,
  0x9e, 0x73, 0x75, 0x62, 0xd4, 0x65, 0x2f, 0x73, 0x75, 0x62, 0x80, 0x57, 0x00, 0x45, 0x9d, 0x6d, 0xd5, 0xd4, 0xd2, 0xc6,
  0x80, 0xe6, 0x80, 0x77, 0x80, 0x87, 0x8b, 0xb5, 0x69, 0xe5, 0x65, 0x80, 0x0b, 0x80, 0x74, 0x80, 0x60, 0x80, 0xab, 0x63,
  0x61, 0x99, 0xc7, 0x8c, 0xe5, 0x69, 0x8c, 0xa9, 0x00, 0xac, 0x8c, 0x80, 0x46, 0xa1, 0x80, 0x89, 0x80, 0xd6, 0xd4, 0x94,
  0x80, 0x57, 0x00, 0xac, 0x80, 0x9e, 0xa1, 0xea, 0x99, 0x8a, 0x63, 0x82, 0x80, 0x1d, 0xc6, 0x80, 0x1d, 0xae, 0x00, 0xac,
  0xe2, 0xd0, 0x6d, 0x80, 0x44, 0xa7, 0x80, 0xa6, 0x80, 0x1d, 0xc6, 0xa1, 0x80, 0xe6, 0x80, 0x77, 0x80, 0x3c, 0x67, 0xf8,
  0x80, 0x02, 0x80, 0x74, 0x80, 0x2e, 0x73, 0x80, 0x17, 0x00, 0x80, 0xdb, 0x80, 0xb0, 0xcc, 0xbc, 0x62, 0x69, 0x67, 0x75,
  0x80, 0xa4, 0x87, 0x2d, 0x20, 0x6d, 0x85, 0x81, 0x8f, 0xe1, 0xdf, 0x81, 0x9a, 0x80, 0xb0, 0x80, 0x2e, 0x6f, 0x6c, 0x76,
  0xd2, 0xba, 0x67, 0xf8, 0x80, 0x02, 0x73, 0x69, 0x67, 0x6e, 0x89, 0x75, 0x8c, 0x2e, 0x00, 0x41, 0x84, 0x45, 0x58, 0x80,
  0x10, 0x52, 0x4e, 0x41, 0x80, 0x6b, 0x50, 0x52, 0x4f, 0x43, 0x45, 0x44, 0x55, 0x80, 0x5d, 0xfd, 0x9f, 0x80, 0xd7, 0xa1,
  0x80, 0x5d, 0x54, 0x55, 0x52, 0x4e, 0xfd, 0x80, 0x54, 0xa8, 0xc2, 0x00, 0x57, 0x68, 0x80, 0x02, 0xa1, 0x46, 0x55, 0x4e,
  0x43, 0x54, 0x49, 0x80, 0x8e, 0x20, 0xa6, 0x80, 0xb5, 0x80, 0x1a, 0x80, 0x0b, 0xa7, 0x80, 0x5d, 0x54, 0x55, 0x52, 0x4e,
  0xfd, 0x80, 0x54, 0x80, 0x1f, 0x80, 0x88, 0x80, 0x21, 0xbe, 0x00, 0x4d, 0x6f, 0xea, 0xaf, 0x83, 0x87, 0x56, 0x41, 0x52,
  0x49, 0x41, 0x4e, 0x80, 0x32, 0x80, 0x3f, 0x4e, 0x4f, 0x80, 0x32, 0x56, 0x41, 0x52, 0x49, 0x41, 0x4e, 0x54, 0xfd, 0x9f,
  0xe0, 0xa8, 0x94, 0x80, 0x3c, 0x73, 0xfe, 0x9a, 0xee, 0x8a, 0xc2, 0x00, 0x46, 0x93, 0x53, 0x50, 0x80, 0x6b, 0x9a, 0xee,
  0x8a, 0x65, 0x80, 0x0b, 0x80, 0x50, 0xbc, 0xfc, 0xa5, 0x80, 0x88, 0x80, 0xb2, 0xbe, 0x00, 0xd7, 0x80, 0x41, 0xea, 0xaf,
  0xa5, 0xcc, 0x80, 0x08, 0x80, 0x00, 0xc1, 0x53, 0x50, 0x80, 0x6b, 0x9a, 0xee, 0x8a, 0x80, 0xaf, 0x00, 0x45, 0x4e, 0x80,
  0xc9, 0x50, 0x52, 0x4f, 0x43, 0x45, 0x44, 0x55, 0x80, 0x5d, 0x2f, 0x46, 0x55, 0x4e, 0x43, 0x54, 0x49, 0x80, 0x8e, 0x20,
  0x80, 0x49, 0x80, 0xdf, 0x80, 0x91, 0x80, 0x22, 0x43, 0x80, 0x5d, 0x41, 0x80, 0x10, 0x20, 0x50, 0x52, 0x4f, 0x43, 0x45,
  0x44, 0x55, 0x80, 0x5d, 0x2f, 0x46, 0x55, 0x4e, 0x43, 0x54, 0x49, 0x80, 0x8e, 0x2e, 0x00, 0x4d, 0x6f, 0xea, 0xaf, 0x83,
  0x87, 0x43, 0x4f, 0x4d, 0x4d, 0x55, 0x54, 0x41, 0x54, 0x4f, 0x52, 0x80, 0x0b, 0x4e, 0x45, 0x47, 0x41, 0x54, 0x4f, 0x80,
  0x62, 0x80, 0x3f, 0x49, 0x80, 0x10, 0x52, 0x41, 0x54, 0x4f, 0x80, 0x62, 0x80, 0x87, 0x8b, 0x80, 0x9b, 0xc1, 0xa1, 0x50,
  0x52, 0x4f, 0x43, 0x45, 0x44, 0x55, 0x80, 0x5d, 0x2e, 0x00, 0x80, 0x45, 0x4c, 0x46, 0x55, 0x4e, 0x43, 0x2f, 0x80, 0x45,
  0x4c, 0x43, 0x80, 0x8e, 0x53, 0x80, 0x32, 0x80, 0x41, 0xea, 0xaf, 0x83, 0x87, 0x63, 0xe1, 0xe0, 0xa8, 0x94, 0xdf, 0x80,
  0x47, 0x9e, 0x46, 0x55, 0x4e, 0x43, 0x54, 0x49, 0x80, 0x8e, 0xf7, 0x00, 0x4d, 0x85, 0x81, 0x8f, 0xe1, 0xdf, 0x81, 0xea,
  0x99, 0x8a, 0x63, 0x82, 0x80, 0x1d, 0x80, 0xb7, 0x80, 0x50, 0xbc, 0xfc, 0xa5, 0x80, 0x1d, 0x80, 0x56, 0x63, 0xb9, 0x82,
  0x80, 0xcc, 0x80, 0x96, 0xb4, 0xd5, 0x80, 0xff, 0x00, 0x4f, 0x80, 0x1c, 0xaa, 0xd8, 0xc7, 0xc6, 0x80, 0xf3, 0xfb, 0x74,
  0x2d, 0x9e, 0x66, 0x80, 0x3d, 0xca, 0x87, 0x80, 0x08, 0x80, 0x42, 0xbe, 0x00, 0x4c, 0x80, 0x0c, 0x62, 0x80, 0x81, 0x86,
  0x66, 0x80, 0x3d, 0xca, 0x87, 0x80, 0x70, 0x80, 0xd7, 0xea, 0x66, 0x80, 0x7f, 0xd5, 0x80, 0xbf, 0x80, 0xf8, 0x8c, 0x74,
  0xb0, 0x84, 0x80, 0x13, 0x80, 0xaf, 0x00, 0x4c, 0x80, 0x0c, 0x62, 0x80, 0x81, 0x86, 0x66, 0x80, 0x3d, 0xca, 0x87, 0x80,
  0x70, 0x80, 0xd7, 0xea, 0x66, 0x80, 0x7f, 0xd5, 0x8c, 0x74, 0xb0, 0x84, 0xd4, 0xd2, 0x93, 0x6c, 0x95, 0x67, 0x8f, 0x87,
  0x85, 0x0a, 0x70, 0x8c, 0x63, 0x80, 0x31, 0xca, 0x2f, 0x73, 0x63, 0x8d, 0xc2, 0x00, 0x49, 0x64, 0xcd, 0x69, 0xaf, 0xa5,
  0x6c, 0x95, 0x67, 0x8f, 0x20, 0x80, 0xea, 0x80, 0x1a, 0x87, 0xa7, 0x80, 0xbe, 0x78, 0x80, 0x06, 0xb4, 0x20, 0x80, 0x42,
  0x80, 0x5c, 0x97, 0x80, 0xa5, 0x80, 0x1c, 0x80, 0x6a, 0x80, 0xb7, 0x80, 0x03, 0x80, 0x1c, 0x2e, 0x00, 0x4f, 0x55, 0x80,
  0x32, 0x80, 0x50, 0xbc, 0xfc, 0xa5, 0x63, 0xe1, 0xdf, 0x80, 0x47, 0xe0, 0xa7, 0x6c, 0xb9, 0x82, 0x80, 0x50, 0xbc, 0xfc,
  0x80, 0xf8, 0xa1, 0x9a, 0xee, 0x8a, 0xc2, 0x00, 0x80, 0xc5, 0x80, 0x16, 0x63, 0x80, 0x1a, 0xb0, 0x81, 0x80, 0x70, 0x80,
  0xd7, 0x80, 0xf7, 0x4f, 0x55, 0x80, 0x32, 0x80, 0x50, 0xbc, 0x65, 0xd0, 0xf7, 0x00, 0xce, 0xa6, 0x9a, 0x80, 0xb0, 0xcc,
  0x80, 0x56, 0xa7, 0x73, 0xfe, 0x80, 0x21, 0x63, 0x20, 0x80, 0x46, 0xf3, 0x61, 0x88, 0x8f, 0xa5, 0x9a, 0xee, 0x8a, 0xc2,
  0x00, 0x4f, 0x77, 0x6e, 0xa5, 0x80, 0x46, 0x80, 0x84, 0x80, 0x3c, 0x9a, 0x80, 0xb0, 0x80, 0x46, 0x80, 0x3f, 0x80, 0x21,
  0x63, 0x20, 0x80, 0x46, 0x80, 0x88, 0xa7, 0x73, 0xbc, 0xc2, 0x00, 0x4f, 0x77, 0x6e, 0xa5, 0x80, 0x46, 0x80, 0x84, 0x80,
  0x3c, 0x80, 0x21, 0x63, 0x20, 0x80, 0x46, 0x80, 0x88, 0xa7, 0x80, 0x90, 0x6e, 0x82, 0xa8, 0x83, 0x2e, 0x00, 0x80, 0xc5,
  0x9a, 0x80, 0xb0, 0x80, 0x3f, 0xe1, 0xeb, 0x67, 0x8c, 0x67, 0x80, 0x0c, 0x80, 0x70, 0x73, 0x68, 0x80, 0x87, 0xa7, 0x73,
  0xfe, 0x80, 0xb2, 0xc2, 0x00, 0x4d, 0x6f, 0x64, 0x75, 0xa2, 0x80, 0x46, 0x93, 0x6c, 0x8e, 0x67, 0x75, 0x80, 0x71, 0x80,
  0x46, 0x80, 0x84, 0x80, 0x08, 0xb1, 0x69, 0xa9, 0x00, 0x4d, 0x6f, 0x64, 0x75, 0xa2, 0x80, 0xb2, 0x94, 0x98, 0x80, 0xd3,
  0xe0, 0xb5, 0xaa, 0xd8, 0x94, 0x80, 0x82, 0x80, 0xd9, 0x9e, 0xa8, 0xc2, 0x20, 0x00, 0x53, 0x70, 0xf1, 0x80, 0xca, 0xa1,
  0x80, 0xb1, 0x2d, 0x7a, 0x83, 0xa0, 0x53, 0x51, 0x4c, 0xc0, 0x93, 0x80, 0xbf, 0xa5, 0x80, 0x3c, 0x52, 0x41, 0xdd, 0x45,
  0x20, 0x45, 0x58, 0x43, 0x45, 0x50, 0x54, 0x49, 0x80, 0x8e, 0x20, 0x80, 0x61, 0x80, 0xee, 0x00, 0x45, 0x78, 0x92, 0xee,
  0x9b, 0xc6, 0x8c, 0x80, 0x41, 0x80, 0x98, 0x9a, 0x80, 0xb0, 0xcc, 0x80, 0x22, 0x80, 0xb1, 0x2d, 0x80, 0xf3, 0xfb, 0x74,
  0x2d, 0x9e, 0xd4, 0xd2, 0x80, 0x08, 0x80, 0x42, 0xbe, 0x00, 0xc8, 0x80, 0x55, 0x8d, 0xc0, 0x93, 0x2d, 0xfd, 0x9f, 0x70,
  0xb9, 0x87, 0x80, 0x96, 0xb4, 0xcd, 0x87, 0x9e, 0x43, 0x20, 0x99, 0x79, 0xa2, 0xba, 0x9a, 0x80, 0xb0, 0x8c, 0xe5, 0x69,
  0x72, 0xc7, 0x63, 0x61, 0x99, 0xf7, 0x00, 0x49, 0x6d, 0x70, 0x80, 0x60, 0x80, 0xab, 0x80, 0x99, 0x80, 0xe7, 0xfd, 0xb9,
  0x82, 0x80, 0xec, 0x00, 0xc8, 0x80, 0x55, 0x8d, 0xc0, 0x93, 0x2d, 0x20, 0xb5, 0x80, 0x29, 0xba, 0xe2, 0xd0, 0x6d, 0x80,
  0x44, 0x8d, 0x80, 0x20, 0x9a, 0xee, 0x8a, 0xd2, 0x9e, 0x80, 0x61, 0x80, 0xee, 0x00, 0x42, 0x55, 0x49, 0x4c, 0x54, 0x80,
  0x28, 0x20, 0x9a, 0x80, 0xb0, 0x80, 0xa0, 0x80, 0x7c, 0x74, 0x9b, 0x80, 0x49, 0x80, 0xdf, 0x80, 0x91, 0x8a, 0x80, 0xbb,
  0x80, 0x8f, 0x89, 0x80, 0xfa, 0x00, 0x50, 0xb9, 0x73, 0xc7, 0x80, 0x96, 0xb4, 0xcd, 0x87, 0x9e, 0x43, 0x20, 0x99, 0x79,
  0xa2, 0x8b, 0x79, 0x65, 0x82, 0x80, 0x7e, 0x94, 0xc1, 0x53, 0x50, 0x80, 0x6b, 0x9a, 0xee, 0x8a, 0x80, 0xaf, 0x00, 0x28,
  0x45, 0x56, 0x31, 0x20, 0xdf, 0x6c, 0x79, 0x80, 0xd8, 0x70, 0xb9, 0x73, 0xc7, 0x80, 0x96, 0xb4, 0xcd, 0x87, 0x9e, 0x43,
  0x20, 0x99, 0x79, 0xa2, 0x8b, 0x80, 0x7e, 0x94, 0xc1, 0x42, 0x55, 0x49, 0x4c, 0x54, 0x80, 0x28, 0x20, 0x9a, 0xee, 0x8a,
  0x80, 0xaf, 0x00, 0x50, 0xb9, 0x73, 0xc7, 0x80, 0x96, 0xb4, 0xcd, 0x87, 0x9e, 0x43, 0x20, 0x99, 0x79, 0xa2, 0x8b, 0x79,
  0x65, 0x82, 0x80, 0x7e, 0x94, 0x80, 0x82, 0x80, 0x02, 0xa8, 0xc7, 0x80, 0x50, 0xbc, 0xfc, 0xa5, 0xe2, 0x80, 0x26, 0xe4,
  0x74, 0xf7, 0x00, 0xac, 0xcf, 0x80, 0x1c, 0x82, 0x80, 0x96, 0xb4, 0xd5, 0xd4, 0xd2, 0x80, 0x82, 0x80, 0x02, 0x70, 0xb9,
  0x73, 0xc7, 0x80, 0x96, 0xb4, 0xcd, 0x87, 0x62, 0x97, 0x80, 0xb2, 0x65, 0x80, 0x0b, 0x9a, 0x80, 0xb0, 0x80, 0xd0, 0x00,
  0x45, 0x78, 0x80, 0xbb, 0x66, 0x80, 0x3d, 0xca, 0x87, 0x80, 0x87, 0x8b, 0x79, 0x65, 0x82, 0x80, 0x7e, 0x94, 0x9e, 0xe1,
  0xbf, 0x83, 0x89, 0x93, 0x28, 0x80, 0x38, 0x73, 0x85, 0x97, 0x80, 0x16, 0x63, 0x80, 0x1a, 0x75, 0x8c, 0x29, 0x0a, 0x80,
  0x5a, 0xa4, 0x80, 0xb6, 0x00, 0x80, 0xdb, 0x80, 0xb0, 0xcc, 0xe2, 0xd0, 0x6d, 0x8a, 0x94, 0x64, 0xb0, 0xc7, 0x50, 0x80,
  0x5d, 0x50, 0x41, 0x80, 0x5d, 0x20, 0x80, 0x3f, 0x42, 0x80, 0x28, 0x44, 0x2f, 0x45, 0x58, 0x45, 0x43, 0x55, 0x80, 0x10,
  0x20, 0x8c, 0x74, 0xb0, 0x84, 0xea, 0x66, 0x80, 0x7f, 0xd5, 0xd4, 0x80, 0xaf, 0x20, 0x00, 0xac, 0xe2, 0xd0, 0x6d, 0x80,
  0x44, 0xa7, 0x8c, 0x74, 0xb0, 0x84, 0xd4, 0xd2, 0xc6, 0xa1, 0x9a, 0x80, 0xb0, 0x9a, 0xee, 0x8a, 0x65, 0x5f, 0x80, 0x46,
  0x80, 0x27, 0xc7, 0xf4, 0x61, 0x0a, 0x80, 0xe6, 0xb6, 0xca, 0x2d, 0x64, 0x83, 0xf8, 0x94, 0xf2, 0x64, 0xb0, 0xc7, 0x50,
  0x80, 0x5d, 0x50, 0x41, 0x80, 0x5d, 0x2e, 0x20, 0x00, 0x41, 0x72, 0x67, 0xb4, 0xd5, 0x80, 0x88, 0xa1, 0x53, 0x74, 0x80,
  0x39, 0xd5, 0x4c, 0x80, 0xa3, 0xdc, 0x56, 0x80, 0x86, 0x80, 0x29, 0x93, 0x53, 0x50, 0x80, 0x6b, 0x80, 0xb3, 0x80, 0x29,
  0x93, 0x80, 0x96, 0xb4, 0xd5, 0xc1, 0x8e, 0x0a, 0x4f, 0x55, 0x80, 0x32, 0x93, 0x80, 0x28, 0x4f, 0x55, 0x80, 0x32, 0x80,
  0x50, 0xbc, 0x65, 0xd0, 0x2e, 0x00, 0x80, 0xba, 0x80, 0x29, 0xba, 0x80, 0x2f, 0x86, 0x80, 0xf4, 0x44, 0x65, 0x80, 0x2f,
  0x94, 0x80, 0xdb, 0x80, 0xb0, 0x80, 0x22, 0xa7, 0x67, 0xf8, 0x80, 0x02, 0x69, 0xa9, 0x00, 0x80, 0x66, 0xa8, 0x80, 0x71,
  0x70, 0x72, 0xf8, 0x80, 0x4e, 0x67, 0xc2, 0x00, 0x4d, 0x6f, 0xea, 0xaf, 0x83, 0x87, 0x80, 0x45, 0x4c, 0x43, 0x80, 0x8e,
  0x53, 0x80, 0x32, 0x80, 0x3f, 0x80, 0x45, 0x4c, 0x46, 0x55, 0x4e, 0x43, 0xfd, 0x9f, 0xe0, 0xa8, 0x94, 0x80, 0x3c, 0x73,
  0xfe, 0x9a, 0xee, 0x8a, 0xc2, 0x00, 0x4d, 0x6f, 0xea, 0xaf, 0x83, 0x87, 0x43, 0x4f, 0x53, 0x54, 0x46, 0x55, 0x4e, 0x43,
  0x20, 0x80, 0x3f, 0x50, 0x45, 0x52, 0x43, 0x41, 0x4c, 0x4c, 0x5f, 0x43, 0x4f, 0x53, 0x54, 0xfd, 0x9f, 0xe0, 0xa8, 0x94,
  0x80, 0x3c, 0x73, 0xfe, 0x9a, 0xee, 0x8a, 0xc2, 0x00, 0x52, 0xb7, 0x6f, 0x80, 0x98, 0xbf, 0x83, 0x89, 0x93, 0x66, 0x80,
  0x7d, 0x80, 0x08, 0x80, 0x7e, 0x94, 0x9e, 0x80, 0xa5, 0x80, 0x5a, 0xa4, 0x80, 0xb6, 0x00, 0x53, 0x4c, 0x56, 0x20, 0xcc,
  0x80, 0xe0, 0x80, 0x16, 0x64, 0x75, 0x63, 0x94, 0x80, 0xcc, 0xa1, 0x55, 0x44, 0x52, 0xfd, 0x8d, 0x6c, 0x94, 0x80, 0xcc,
  0x6f, 0xee, 0x73, 0x69, 0x64, 0x81, 0xa7, 0x57, 0x48, 0x45, 0x80, 0x5d, 0xfd, 0x80, 0x54, 0xa8, 0xc2, 0x00, 0x53, 0x4c,
  0x56, 0xfd, 0x9f, 0xe0, 0xe1, 0x80, 0x96, 0xb4, 0xd5, 0xba, 0xa1, 0x66, 0x80, 0x7d, 0x8a, 0x76, 0x6f, 0x6b, 0x94, 0x80,
  0x74, 0x80, 0x60, 0xbf, 0x80, 0x47, 0x62, 0x97, 0x45, 0x58, 0x45, 0x43, 0x55, 0x80, 0x10, 0x80, 0xde, 0x43, 0x41, 0x4c,
  0x4c, 0x2e, 0x00, 0x53, 0x74, 0x80, 0x39, 0xd5, 0x4c, 0x80, 0xa3, 0xdc, 0x56, 0x80, 0x86, 0x80, 0x29, 0xcc, 0x80, 0x56,
  0x80, 0x68, 0x80, 0x97, 0x80, 0x02, 0x80, 0x7c, 0xbe, 0x00, 0x53, 0x74, 0x80, 0x39, 0xd5, 0x80, 0x78, 0xdc, 0x80, 0xb3,
  0x80, 0x29, 0xcc, 0x80, 0x88, 0x69, 0x64, 0xcd, 0x69, 0xaf, 0x94, 0xf3, 0xa1, 0x80, 0x4d, 0x6c, 0x80, 0x8b, 0x80, 0xbf,
  0xa5, 0x80, 0x3c, 0x47, 0x52, 0x4f, 0x55, 0x50, 0x0a, 0x20, 0x42, 0x59, 0x20, 0x6c, 0x80, 0x11, 0x2e, 0x00, 0x53, 0x4c,
  0x56, 0x20, 0xcc, 0x80, 0x56, 0x80, 0xe9, 0x80, 0x16, 0x64, 0x75, 0x63, 0x83, 0x2d, 0x55, 0x44, 0x52, 0x3b, 0x80, 0xde,
  0xa6, 0x6f, 0xee, 0x73, 0x69, 0x64, 0x81, 0xa7, 0x73, 0x98, 0x70, 0x81, 0x80, 0xb7, 0x80, 0x16, 0x64, 0x75, 0x63, 0x83,
  0x2d, 0x55, 0x44, 0x52, 0x2e, 0x00, 0x53, 0x4c, 0x56, 0x20, 0xcc, 0x80, 0xe0, 0x80, 0xcf, 0x73, 0x80, 0x5c, 0x65, 0x80,
  0x2a, 0x81, 0x80, 0xab, 0xa6, 0x80, 0x16, 0x64, 0x75, 0x63, 0x80, 0x5c, 0x97, 0xa1, 0x55, 0x44, 0x52, 0x2e, 0x00, 0x4f,
  0x6e, 0x80, 0x47, 0xbf, 0x83, 0x89, 0x80, 0xc6, 0x55, 0x44, 0x80, 0x62, 0x80, 0x9b, 0x9e, 0x80, 0xa5, 0x80, 0x5a, 0xa4,
  0x80, 0xb6, 0x00, 0x53, 0x4c, 0x56, 0x27, 0x87, 0x8b, 0x80, 0x9b, 0x80, 0x3c, 0x80, 0xac, 0x6d, 0xfd, 0x80, 0x54, 0xa8,
  0xc2, 0x00, 0x4f, 0x6e, 0x80, 0x47, 0x4f, 0x50, 0x5f, 0x55, 0x44, 0x80, 0x62, 0xa6, 0x80, 0x9b, 0xf3, 0x80, 0x50, 0x82,
  0xc6, 0xbf, 0x83, 0x89, 0x93, 0x64, 0x83, 0xf8, 0x94, 0x80, 0x57, 0x00, 0x4c, 0x8e, 0x67, 0x75, 0x80, 0x71, 0x4d, 0x8e,
  0xeb, 0xa5, 0x8a, 0xbf, 0x69, 0x8d, 0x80, 0x2b, 0xef, 0x80, 0xec, 0x00, 0x80, 0xf4, 0x44, 0x65, 0x80, 0x2f, 0x94, 0x80,
  0xdb, 0x80, 0xb0, 0xcc, 0xa4, 0x92, 0xee, 0x9b, 0x80, 0xec, 0x00, 0x80, 0xf4, 0x44, 0x65, 0x80, 0x2f, 0x94, 0x80, 0xdb,
  0x80, 0xb0, 0x4c, 0x8e, 0x67, 0x75, 0x80, 0x71, 0x8a, 0xbf, 0x69, 0x8d, 0x80, 0x2b, 0xef, 0x80, 0xec, 0x00, 0x80, 0xf4,
  0x44, 0x65, 0x80, 0x2f, 0x94, 0x80, 0xdb, 0x80, 0xb0, 0xcc, 0x80, 0x41, 0x64, 0x75, 0xa2, 0xaa, 0x80, 0x73, 0x80, 0xec,
  0x00, 0x80, 0xf4, 0x44, 0x65, 0x80, 0x2f, 0x94, 0x80, 0xdb, 0x80, 0xb0, 0xcc, 0xaa, 0x80, 0x73, 0x80, 0xec, 0x00, 0x80,
  0xf4, 0x44, 0x65, 0x80, 0x2f, 0x94, 0x80, 0xdb, 0x80, 0xb0, 0xb5, 0xaa, 0x80, 0x73, 0x80, 0xec, 0x00, 0x80, 0xf4, 0x44,
  0x65, 0x80, 0x2f, 0x94, 0x80, 0xdb, 0x80, 0xb0, 0x80, 0x41, 0x64, 0x75, 0xa2, 0xb5, 0xaa, 0x80, 0x73, 0x80, 0xec, 0x00,
  0x80, 0xf4, 0x44, 0x65, 0x80, 0x2f, 0x94, 0x80, 0xdb, 0x80, 0xb0, 0x4c, 0x8e, 0x67, 0x75, 0x80, 0x71, 0x73, 0x68, 0xee,
  0x80, 0x09, 0x77, 0x84, 0x80, 0xec, 0x00, 0x80, 0xf4, 0x44, 0x65, 0x80, 0x2f, 0x94, 0x80, 0xdb, 0x80, 0xb0, 0x4c, 0x8e,
  0x67, 0x75, 0x80, 0x71, 0xaa, 0x6f, 0x6b, 0xe6, 0x20, 0x80, 0xec, 0x00, 0x80, 0xf4, 0x44, 0x65, 0x80, 0x2f, 0x94, 0x80,
  0xdb, 0x80, 0xb0, 0xcc, 0x56, 0x50, 0x20, 0x80, 0x5a, 0xa4, 0x82, 0x73, 0x77, 0xbf, 0x80, 0x91, 0x80, 0xec, 0x00, 0x54,
  0x80, 0x29, 0xcc, 0xa6, 0xd4, 0xbe, 0x00, 0x43, 0xe1, 0x8b, 0x8d, 0x80, 0x9f, 0xf2, 0xcc, 0xba, 0xd8, 0x86, 0x80, 0xff,
  0x20, 0xc8, 0x80, 0xa8, 0x89, 0x80, 0xd4, 0x80, 0x01, 0x00, 0x43, 0xe1, 0x8b, 0x8d, 0x80, 0x9f, 0xd4, 0x94, 0xf2, 0x80,
  0x25, 0x00, 0x43, 0xe1, 0x8b, 0x80, 0x9e, 0xd4, 0x94, 0x80, 0xa7, 0x80, 0xe3, 0x80, 0x25, 0x20, 0xc8, 0x80, 0xa8, 0x89,
  0x80, 0xd4, 0x80, 0x01, 0x00, 0x43, 0xe1, 0x8b, 0x67, 0x95, 0x83, 0x80, 0x0c, 0x52, 0x4f, 0x57, 0x49, 0x44, 0x53, 0x20,
  0xf4, 0xd4, 0x94, 0xf2, 0x80, 0x25, 0x00, 0x53, 0x83, 0x69, 0x8d, 0x2f, 0x53, 0x83, 0x69, 0x8d, 0x38, 0x20, 0xc3, 0x89,
  0xc4, 0xd2, 0x80, 0x9b, 0xdf, 0x80, 0x47, 0xf3, 0xf2, 0x80, 0x89, 0xd4, 0x80, 0xaf, 0x00, 0x43, 0xe1, 0x8b, 0x80, 0xd7,
  0x64, 0xe6, 0x80, 0x60, 0x89, 0x65, 0x2f, 0x6e, 0xe4, 0x80, 0x20, 0xaf, 0x80, 0xfe, 0x86, 0x80, 0xb2, 0xd2, 0x9e, 0xb5,
  0x80, 0xb2, 0x94, 0x80, 0xf1, 0xd4, 0x80, 0xaf, 0x00, 0x54, 0xb7, 0x80, 0x19, 0x80, 0xeb, 0xf2, 0xcc, 0x63, 0xe1, 0x8b,
  0xe0, 0x80, 0xb5, 0x94, 0x80, 0x22, 0xa1, 0x80, 0xff, 0x00, 0x53, 0x75, 0x62, 0x80, 0xf0, 0x27, 0x87, 0x80, 0x1d, 0x80,
  0x88, 0xa1, 0x73, 0x75, 0x62, 0x80, 0x1d, 0xc6, 0x80, 0x4f, 0x83, 0x80, 0xf0, 0x27, 0x87, 0x80, 0xff, 0x00, 0xac, 0xff,
  0x80, 0xca, 0x42, 0x80, 0x7b, 0x42, 0x80, 0xa1, 0x80, 0xb2, 0xd2, 0xf4, 0x80, 0x10, 0x58, 0x54, 0x2f, 0x42, 0x59, 0x80,
  0x10, 0x20, 0xaf, 0x80, 0xfe, 0x86, 0xd4, 0x80, 0xaf, 0x00, 0x53, 0xe7, 0x74, 0x2d, 0x6c, 0x80, 0x96, 0x65, 0x2d, 0x6f,
  0xde, 0x80, 0x8b, 0xb3, 0x80, 0xfa, 0x00, 0x80, 0x23, 0x73, 0xe7, 0x74, 0x2d, 0x6c, 0x80, 0x96, 0x65, 0x2d, 0x6f, 0xde,
  0x80, 0x8b, 0x66, 0x86, 0x28, 0x25, 0x64, 0x29, 0x2e, 0x00, 0x43, 0xe1, 0x8b, 0x64, 0xa0, 0x80, 0x06, 0x70, 0x80, 0x60,
  0x80, 0xab, 0x80, 0x97, 0x67, 0x9e, 0x80, 0xc0, 0x6b, 0x2e, 0x00, 0x43, 0xe1, 0x8b, 0x64, 0xa0, 0x80, 0x06, 0x70, 0x80,
  0x60, 0x80, 0xab, 0x80, 0x37, 0x6d, 0x80, 0xab, 0x80, 0xc0, 0x6b, 0x2e, 0x00, 0x80, 0x23, 0xe2, 0x80, 0x26, 0xe4, 0x82,
  0x73, 0x62, 0x80, 0xa1, 0x80, 0x46, 0x80, 0x25, 0x00, 0x80, 0x23, 0xaf, 0x6c, 0x95, 0xfe, 0x80, 0x21, 0x63, 0xef, 0x80,
  0x25, 0x00, 0x42, 0x74, 0x8c, 0x81, 0x80, 0x63, 0x20, 0x8b, 0x80, 0x9b, 0xf4, 0xa1, 0x80, 0x89, 0xc6, 0x80, 0xa5, 0xc3,
  0x89, 0xc4, 0xc2, 0x00, 0x46, 0x80, 0x3d, 0xca, 0xdc, 0x80, 0x85, 0x97, 0x80, 0x9b, 0xdf, 0x80, 0x47, 0xc1, 0x42, 0x74,
  0x8c, 0x81, 0x80, 0x63, 0x2e, 0x00, 0x80, 0xb9, 0xe2, 0x74, 0xb6, 0x94, 0x9e, 0x73, 0x71, 0x80, 0x20, 0x73, 0xe7, 0x74,
  0x2d, 0x6c, 0x80, 0x96, 0x65, 0x2d, 0x6f, 0xde, 0x80, 0x8b, 0x68, 0xb9, 0x80, 0xe5, 0x80, 0x57, 0x00, 0x80, 0x6f, 0x6c,
  0xb4, 0x84, 0xcc, 0x8a, 0x80, 0x95, 0x8c, 0x63, 0x82, 0x80, 0x1d, 0xc1, 0x99, 0x85, 0x80, 0x71, 0x9e, 0x73, 0x62, 0x80,
  0x51, 0xc2, 0x00, 0x53, 0x62, 0x80, 0xa1, 0xcc, 0x80, 0x49, 0x80, 0x5b, 0x2e, 0x00, 0x53, 0x70, 0xab, 0x81, 0xcc, 0x80,
  0x08, 0xe1, 0x73, 0x62, 0x80, 0x51, 0xc2, 0x00, 0x43, 0xe1, 0x8b, 0xe2, 0x9d, 0x80, 0x98, 0x73, 0xe7, 0x74, 0x2d, 0x6c,
  0x80, 0x96, 0x65, 0x2d, 0x6f, 0xf6, 0x2e, 0x00, 0xc8, 0xcf, 0x73, 0x80, 0x11, 0xd5, 0x80, 0x1f, 0xc6, 0x80, 0x16, 0x63,
  0x80, 0x1a, 0xb0, 0x81, 0x80, 0xb2, 0x94, 0x8c, 0x74, 0xb0, 0x84, 0x80, 0x50, 0xbc, 0x65, 0xd0, 0xf7, 0x00, 0xac, 0x80,
  0x67, 0x80, 0x4a, 0x20, 0x6d, 0x85, 0x81, 0x8f, 0xe1, 0xdf, 0x81, 0xdf, 0x6c, 0x80, 0x44, 0x80, 0xb5, 0x65, 0x2f, 0x80,
  0x65, 0x20, 0x80, 0x63, 0x20, 0x80, 0xfb, 0xf4, 0x80, 0x57, 0x00, 0x4f, 0x6e, 0x6c, 0x80, 0x44, 0x80, 0xb5, 0x65, 0x2f,
  0x80, 0x65, 0x20, 0x80, 0x63, 0x20, 0x8b, 0x80, 0x9b, 0xf4, 0x56, 0x49, 0x49, 0x20, 0x80, 0x63, 0x80, 0xaf, 0x00, 0xac,
  0x80, 0x67, 0x80, 0x4a, 0x20, 0xdf, 0x6c, 0x80, 0x44, 0x80, 0xb5, 0x65, 0x2f, 0x80, 0x65, 0x20, 0x80, 0x63, 0x20, 0x80,
  0xfb, 0x8d, 0xdf, 0xb2, 0x80, 0x22, 0x99, 0x85, 0xeb, 0x65, 0x0a, 0xe3, 0x74, 0x80, 0x06, 0x80, 0x2b, 0xef, 0x80, 0x8f,
  0x89, 0x80, 0x17, 0x00, 0xd7, 0x73, 0x62, 0x80, 0xa1, 0x80, 0x21, 0x80, 0x5c, 0x97, 0xa7, 0x53, 0x59, 0x53, 0x53, 0x42,
  0x53, 0x50, 0x41, 0x43, 0x45, 0x4e, 0xd6, 0x45, 0x20, 0xcf, 0xaf, 0x67, 0xb0, 0xef, 0x80, 0x50, 0xbc, 0xfc, 0xa5, 0x80,
  0x09, 0xd2, 0x88, 0x74, 0x0a, 0xa4, 0x80, 0x31, 0x82, 0x80, 0x25, 0x00, 0x80, 0x6f, 0x80, 0xd3, 0x80, 0x2f, 0x86, 0xe3,
  0x80, 0xcb, 0xb9, 0x87, 0xe9, 0x28, 0x25, 0x64, 0x80, 0xd8, 0x80, 0x82, 0x80, 0xd9, 0x80, 0x2e, 0x6f, 0x6c, 0x76, 0xc7,
  0x80, 0x37, 0x80, 0x50, 0x81, 0x9a, 0x80, 0xb0, 0xc1, 0x80, 0x63, 0x2e, 0x00, 0x80, 0x6f, 0x80, 0xd3, 0x80, 0x2f, 0x86,
  0x9a, 0x80, 0xb0, 0xcc, 0x80, 0x82, 0x80, 0xd9, 0x80, 0x2e, 0x6f, 0x6c, 0x76, 0xc7, 0x80, 0x37, 0x80, 0x50, 0x81, 0x9a,
  0xee, 0x8a, 0xc2, 0x00, 0x80, 0x6f, 0x80, 0xd3, 0x80, 0x2f, 0x86, 0xa4, 0x74, 0x95, 0x64, 0x94, 0x80, 0x1d, 0x28, 0x25,
  0x64, 0x80, 0xd8, 0xc1, 0x80, 0x63, 0x2e, 0x00, 0x5b, 0xc8, 0x80, 0x55, 0x8d, 0x5d, 0x20, 0x80, 0x6f, 0x80, 0xd3, 0x80,
  0x2f, 0x86, 0x9a, 0x80, 0xb0, 0x95, 0x76, 0x20, 0x28, 0x25, 0x64, 0x80, 0xd8, 0xc1, 0x66, 0x80, 0x3d, 0xca, 0xdc, 0x80,
  0x85, 0x80, 0x9c, 0x00, 0x80, 0x6f, 0x80, 0xd3, 0x80, 0x2f, 0x86, 0x9a, 0x80, 0xb0, 0xe9, 0x28, 0x25, 0x64, 0x80, 0xd8,
  0xc1, 0x66, 0x80, 0x3d, 0xca, 0xdc, 0x80, 0x85, 0x80, 0x9c, 0x00, 0x80, 0x6f, 0x80, 0xd3, 0x8a, 0xbf, 0x69, 0x8d, 0x80,
  0x2b, 0x81, 0x80, 0x4d, 0xe5, 0x95, 0x80, 0x53, 0xc1, 0x9a, 0x80, 0xb0, 0xae, 0x00, 0x5b, 0xc8, 0x80, 0x55, 0x8d, 0x5d,
  0x20, 0x80, 0x6f, 0x80, 0xd3, 0x80, 0x37, 0x6d, 0xee, 0x81, 0x80, 0x74, 0x80, 0x2e, 0x73, 0x80, 0x17, 0x00, 0xac, 0x80,
  0x9e, 0x80, 0x8f, 0x89, 0x93, 0x80, 0xcb, 0xb9, 0x87, 0xc1, 0xa1, 0x70, 0x80, 0x59, 0xe7, 0x97, 0x80, 0xcf, 0x87, 0x6d,
  0x65, 0x8f, 0x6f, 0xa9, 0x00, 0xac, 0x6d, 0x69, 0x78, 0x20, 0x67, 0x95, 0x83, 0xda, 0x20, 0x80, 0x3f, 0x80, 0x21, 0x63,
  0x20, 0x80, 0x8f, 0x89, 0x85, 0x87, 0x9e, 0xe1, 0x80, 0x8f, 0x89, 0x93, 0x80, 0xcb, 0xb9, 0xf7, 0x00, 0x80, 0x23, 0x80,
  0xbf, 0x80, 0xf8, 0x80, 0x3a, 0x89, 0x65, 0x67, 0x69, 0xd2, 0x93, 0x80, 0x5e, 0x82, 0x66, 0x80, 0x7d, 0xc1, 0x62, 0x74,
  0x8c, 0xc2, 0x00, 0x4f, 0x80, 0x67, 0x89, 0x93, 0x80, 0xcb, 0xb9, 0x87, 0xc1, 0x80, 0x85, 0x97, 0x80, 0x50, 0x82, 0x8b,
  0x80, 0x84, 0x93, 0x8a, 0xb1, 0x69, 0xa9, 0x00, 0x53, 0x70, 0xf1, 0xaf, 0x63, 0xef, 0xc6, 0x41, 0x53, 0x43, 0x2f, 0x80,
  0xdc, 0x53, 0x43, 0x20, 0xdf, 0x80, 0x47, 0x61, 0x70, 0x70, 0x80, 0x60, 0x80, 0x29, 0xba, 0x62, 0x74, 0x8c, 0xc2, 0x00,
  0x80, 0x23, 0x80, 0xbf, 0x80, 0xf8, 0x80, 0x96, 0xb4, 0xcd, 0x87, 0xc1, 0x66, 0x80, 0x3d, 0xca, 0xdc, 0x80, 0x85, 0x80,
  0x9c, 0x00, 0x80, 0x23, 0x66, 0x80, 0x7d, 0xcc, 0xa8, 0x94, 0x80, 0xd6, 0x66, 0x80, 0x3d, 0xca, 0xdc, 0x80, 0x85, 0x80,
  0x9c, 0x00, 0x41, 0x63, 0x80, 0x35, 0x87, 0x6d, 0x65, 0x8f, 0x6f, 0x86, 0xcc, 0x80, 0x49, 0xa4, 0x80, 0x31, 0x82, 0x9e,
  0x80, 0x3e, 0xc2, 0x00, 0x4f, 0x80, 0x67, 0x89, 0x93, 0x80, 0xcb, 0xb9, 0x87, 0xcc, 0x80, 0x49, 0xa4, 0x80, 0x31, 0x82,
  0x9e, 0x80, 0x3e, 0xc2, 0x00, 0x5b, 0xc8, 0x80, 0x55, 0x8d, 0x5d, 0x20, 0x80, 0xb9, 0x80, 0x82, 0x80, 0xd9, 0x80, 0xdd,
  0x79, 0xc7, 0xba, 0x80, 0x4d, 0x82, 0xe6, 0x20, 0x99, 0x90, 0x82, 0x93, 0x95, 0x86, 0x80, 0x85, 0x97, 0xc1, 0x80, 0x63,
  0x20, 0x8c, 0x80, 0x73, 0x5b, 0xa3, 0x5d, 0x00, 0x46, 0x80, 0x3d, 0xca, 0xdc, 0x80, 0x85, 0x97, 0x80, 0x50, 0x82, 0x80,
  0x70, 0x80, 0x1f, 0xa1, 0x80, 0xb3, 0x8e, 0x82, 0x66, 0x80, 0x7d, 0xae, 0x00, 0x80, 0x6f, 0x6d, 0x80, 0x50, 0x81, 0x9a,
  0x80, 0xb0, 0xcc, 0x80, 0xe0, 0x9e, 0x53, 0x50, 0x4c, 0x00, 0x80, 0x6f, 0x6d, 0x80, 0x50, 0x81, 0x9a, 0x80, 0xb0, 0xcc,
  0x80, 0xe0, 0xa1, 0x80, 0xb3, 0x8e, 0x82, 0x66, 0x80, 0x3d, 0x80, 0x17, 0x00, 0x41, 0x63, 0x80, 0x35, 0x87, 0x6d, 0x65,
  0x8f, 0x6f, 0x86, 0xcc, 0x80, 0x68, 0x80, 0x5b, 0x87, 0x9e, 0x80, 0x3e, 0xc2, 0x00, 0x49, 0x6d, 0x80, 0x16, 0x70, 0xa5,
  0x70, 0xb0, 0x80, 0x52, 0x73, 0x81, 0xcc, 0xa8, 0x94, 0xc1, 0x80, 0xcf, 0x87, 0x6d, 0x65, 0x8f, 0x6f, 0xa9, 0x00, 0x44,
  0xe6, 0x80, 0x60, 0x80, 0x0c, 0x70, 0xb0, 0x80, 0x52, 0x73, 0x81, 0xcc, 0xa8, 0x94, 0xc1, 0x80, 0xcf, 0x87, 0x6d, 0x65,
  0x8f, 0x6f, 0xa9, 0x00, 0x52, 0x65, 0xe5, 0x69, 0x8c, 0x86, 0x70, 0xb0, 0x80, 0x52, 0x73, 0x81, 0xcc, 0x8b, 0xa8, 0x94,
  0xc1, 0x80, 0xcf, 0x87, 0x6d, 0x65, 0x8f, 0x6f, 0xa9, 0x00, 0x49, 0x6d, 0x80, 0x16, 0x70, 0xa5, 0x80, 0x6d, 0xa8, 0x94,
  0xc1, 0x70, 0xb0, 0x80, 0x52, 0x73, 0x81, 0xcc, 0xc1, 0x80, 0xcf, 0x87, 0x6d, 0x65, 0x8f, 0x6f, 0xa9, 0x00, 0xc8, 0x80,
  0x33, 0x20, 0x8b, 0x80, 0xb5, 0x80, 0x5c, 0x80, 0xc7, 0xa7, 0x80, 0xcf, 0x87, 0x6d, 0x65, 0x8f, 0x6f, 0x86, 0x80, 0xb7,
  0xf2, 0x80, 0x49, 0x80, 0x7e, 0x0a, 0x9a, 0xf0, 0x64, 0xf7, 0x00, 0x80, 0xba, 0x6b, 0x88, 0x77, 0x84, 0x80, 0xa1, 0xcc,
  0xa8, 0x94, 0xc1, 0x80, 0xa7, 0x72, 0x74, 0x75, 0xdc, 0x80, 0xf0, 0x2f, 0x80, 0x63, 0x2e, 0x00, 0x80, 0xba, 0x80, 0x7e,
  0x94, 0xe3, 0x74, 0x9b, 0xcc, 0xa8, 0x94, 0xc1, 0xa1, 0x80, 0xa7, 0x72, 0x74, 0x75, 0xdc, 0x80, 0xf0, 0x2f, 0x80, 0x63,
  0x2e, 0x00, 0xc8, 0x80, 0x33, 0x20, 0x8b, 0x80, 0xb5, 0x80, 0x5c, 0x80, 0xc7, 0xbf, 0x87, 0x80, 0xcf, 0x87, 0x6d, 0x65,
  0x8f, 0x6f, 0x86, 0x80, 0x49, 0x80, 0x5e, 0x82, 0xb5, 0x69, 0xe5, 0x81, 0x80, 0x85, 0x79, 0xf7, 0x00, 0x49, 0x6d, 0x80,
  0x16, 0x70, 0xa5, 0x80, 0xcf, 0x87, 0x6d, 0x65, 0x8f, 0x6f, 0x86, 0xa8, 0xbe, 0x00, 0x49, 0x6d, 0x80, 0x16, 0x70, 0xa5,
  0x80, 0xcf, 0x87, 0x6d, 0x65, 0x8f, 0x6f, 0x86, 0x80, 0x50, 0xbc, 0xfc, 0xa5, 0x8a, 0x80, 0x4a, 0xef, 0xa8, 0x94, 0xc1,
  0xa1, 0x80, 0xa7, 0x72, 0x74, 0x75, 0xdc, 0x80, 0xf0, 0x2f, 0x80, 0x63, 0x2e, 0x00, 0x80, 0x6f, 0x80, 0xd3, 0x8a, 0xbf,
  0x69, 0x8d, 0x80, 0x2b, 0x81, 0x93, 0xa4, 0x92, 0xee, 0x81, 0x80, 0xcf, 0x87, 0x6d, 0x65, 0x8f, 0x6f, 0x86, 0x9a, 0xee,
  0x8a, 0xc2, 0x00, 0x4f, 0x70, 0x80, 0xcb, 0xb9, 0x87, 0xcc, 0x80, 0x68, 0x80, 0x5b, 0x87, 0x9e, 0x80, 0x3e, 0xc2, 0x00,
  0x49, 0x6d, 0x80, 0x16, 0x70, 0xa5, 0x80, 0x3a, 0x89, 0x65, 0x67, 0x97, 0x80, 0x7c, 0xbf, 0x80, 0x17, 0x00, 0x49, 0x6d,
  0x80, 0x16, 0x70, 0xa5, 0x80, 0x5e, 0x82, 0x80, 0x7c, 0xbf, 0x80, 0x17, 0x00, 0xac, 0x80, 0x9e, 0xa4, 0x80, 0xbb, 0x80,
  0x50, 0x74, 0x80, 0xe2, 0x80, 0xbf, 0x83, 0x2e, 0x00, 0x41, 0x63, 0x80, 0x35, 0x87, 0x6d, 0x65, 0x8f, 0x6f, 0x86, 0xcc,
  0x8b, 0x80, 0xad, 0xa9, 0x00, 0x4e, 0x6f, 0x82, 0x6f, 0x77, 0x6e, 0x80, 0xf8, 0x80, 0xcf, 0x87, 0x6d, 0x65, 0x8f, 0x6f,
  0xa9, 0x00, 0xac, 0x80, 0x65, 0x20, 0x80, 0xcf, 0x87, 0x6d, 0x65, 0x8f, 0x6f, 0x86, 0xae, 0x9c, 0x99, 0xfb, 0x80, 0x20,
  0x9e, 0xa8, 0xc2, 0x00, 0xac, 0x8d, 0x80, 0x9f, 0x80, 0xcf, 0x87, 0x6d, 0x65, 0x8f, 0x6f, 0x86, 0xae, 0x9c, 0x99, 0xfb,
  0x80, 0x20, 0x9e, 0xa8, 0xc2, 0x00, 0x41, 0x6c, 0x80, 0x9f, 0x80, 0x34, 0xd5, 0x89, 0x74, 0xab, 0x68, 0x2f, 0xe2, 0x74,
  0xab, 0x80, 0xe5, 0xc1, 0x80, 0xa7, 0x72, 0x74, 0x75, 0xdc, 0xf2, 0x8b, 0x80, 0x7e, 0xbe, 0x00, 0xac, 0x80, 0x65, 0x20,
  0x80, 0x8f, 0x89, 0x93, 0x80, 0xcb, 0xb9, 0x87, 0xae, 0x9c, 0x99, 0xfb, 0x80, 0x20, 0x9e, 0xa8, 0xc2, 0x00, 0x4e, 0x6f,
  0x82, 0x6f, 0x77, 0x6e, 0x80, 0xf8, 0x80, 0x8f, 0x89, 0x93, 0x80, 0xcb, 0xb9, 0x73, 0x00, 0xac, 0x8c, 0x80, 0x46, 0x80,
  0xa2, 0x69, 0x66, 0x20, 0x80, 0xab, 0x80, 0x56, 0xa1, 0x80, 0xa7, 0x72, 0x74, 0x75, 0xdc, 0xf2, 0x93, 0x80, 0x63, 0x2e,
  0x00, 0x42, 0x80, 0x73, 0x8a, 0x80, 0xbb, 0x80, 0x3a, 0x75, 0xed, 0xb0, 0x81, 0xc1, 0x80, 0xe6, 0x80, 0x77, 0xc3, 0x61,
  0x9c, 0xb5, 0x6b, 0x88, 0x77, 0x84, 0x66, 0x80, 0x54, 0xb2, 0x80, 0x13, 0xc2, 0x00, 0x4f, 0x70, 0x80, 0xcb, 0xb9, 0x87,
  0xcc, 0x80, 0x08, 0x80, 0x7c, 0x94, 0xc1, 0x80, 0xa5, 0x80, 0xcf, 0x87, 0x6d, 0x65, 0x8f, 0x6f, 0xa9, 0x00, 0x4e, 0x55,
  0x4c, 0x80, 0x6b, 0xfa, 0x80, 0xa4, 0x82, 0x63, 0xb9, 0x82, 0x8b, 0x80, 0x9b, 0xc1, 0x80, 0xe4, 0x2f, 0x80, 0xe6, 0x80,
  0x77, 0xcf, 0x80, 0x3a, 0x75, 0xed, 0x94, 0x80, 0xff, 0x00, 0x41, 0x84, 0x80, 0x06, 0x70, 0x6c, 0x69, 0x94, 0x8a, 0x80,
  0x03, 0x82, 0x80, 0x89, 0x80, 0x49, 0xab, 0x80, 0x5f, 0x70, 0x82, 0x4e, 0x55, 0x4c, 0x4c, 0xf7, 0x00, 0x41, 0x63, 0x80,
  0x35, 0x87, 0x6d, 0x65, 0x8f, 0x6f, 0x86, 0x80, 0x49, 0x80, 0x5e, 0x82, 0x80, 0xcb, 0x75, 0x99, 0x83, 0x94, 0x80, 0x63,
  0x2e, 0x00, 0x53, 0x74, 0x85, 0x80, 0x71, 0x80, 0xa1, 0xcc, 0xa6, 0x8a, 0x80, 0xa8, 0x89, 0x80, 0xd4, 0xa2, 0x80, 0x22,
  0xa7, 0x80, 0xcf, 0x87, 0x6d, 0x65, 0x8f, 0x6f, 0xa9, 0x00, 0x41, 0x63, 0x80, 0x35, 0x87, 0x6d, 0x65, 0x8f, 0x6f, 0x86,
  0xd6, 0x5f, 0x53, 0x50, 0x54, 0x59, 0x50, 0x45, 0x20, 0x70, 0xb0, 0x80, 0x52, 0x73, 0x81, 0x80, 0x6d, 0xcc, 0xa6, 0x8a,
  0xb1, 0x69, 0xa9, 0x00, 0x80, 0x6f, 0x80, 0xd3, 0xe2, 0xd0, 0x6d, 0x80, 0x44, 0xa7, 0x80, 0x1d, 0xc6, 0x99, 0x85, 0x80,
  0x71, 0x80, 0xa1, 0x80, 0x25, 0x00, 0x80, 0x66, 0xe2, 0x80, 0x26, 0xe4, 0x82, 0x99, 0x85, 0x80, 0x71, 0x80, 0xa1, 0x80,
  0x5b, 0x87, 0xc1, 0xa7, 0x80, 0xcf, 0x87, 0x6d, 0x65, 0x8f, 0x6f, 0xa9, 0x00, 0x56, 0x80, 0x86, 0x8e, 0x82, 0xa8, 0xa5,
  0x80, 0x7c, 0x94, 0x9a, 0x80, 0xb0, 0x80, 0xe0, 0xa8, 0x94, 0x9e, 0xd3, 0x92, 0x80, 0x12, 0xcf, 0x80, 0xef, 0x82, 0x93,
  0x80, 0x80, 0x0a, 0x80, 0x74, 0x80, 0x2e, 0x73, 0x80, 0x17, 0x00, 0x80, 0xf4, 0x80, 0x7c, 0x94, 0x9a, 0x80, 0xb0, 0x80,
  0x82, 0x69, 0x80, 0x91, 0x67, 0x95, 0x83, 0x89, 0xd2, 0x4f, 0x55, 0x54, 0x50, 0x55, 0x80, 0x32, 0x80, 0x50, 0xbc, 0xfc,
  0xa5, 0x63, 0xe1, 0x8b, 0xe0, 0xa8, 0x94, 0x9e, 0xd3, 0x92, 0x6b, 0x0a, 0xcf, 0x80, 0xef, 0x82, 0x93, 0x80, 0x34, 0xd5,
  0x80, 0x74, 0x80, 0x2e, 0x73, 0x80, 0x17, 0x00, 0x52, 0xb7, 0x6f, 0x80, 0x98, 0xa8, 0xa5, 0x80, 0x7c, 0x94, 0x9a, 0x80,
  0xb0, 0x93, 0x63, 0x9a, 0x73, 0x87, 0x80, 0xa2, 0xa8, 0xa5, 0x80, 0x7c, 0x94, 0x9a, 0x80, 0xb0, 0x63, 0xe1, 0x8b, 0x80,
  0x97, 0x0a, 0xa8, 0x94, 0x9e, 0xd3, 0x92, 0x80, 0x12, 0xcf, 0x80, 0xef, 0x82, 0x93, 0x80, 0x34, 0xd5, 0x80, 0x74, 0x80,
  0x2e, 0x73, 0x80, 0x17, 0x00, 0x43, 0xe1, 0x8b, 0xb5, 0x69, 0x64, 0xa2, 0xa1, 0x73, 0x68, 0x61, 0x8c, 0x86, 0xa8, 0xa5,
  0x80, 0x7c, 0x94, 0x9a, 0x80, 0xb0, 0x80, 0x4d, 0xe5, 0x95, 0x63, 0xc2, 0x00, 0xac, 0x80, 0x65, 0x20, 0x80, 0x16, 0x63,
  0x80, 0x1a, 0xb0, 0x81, 0x80, 0x25, 0x20, 0x49, 0x82, 0xa6, 0x80, 0x90, 0x6e, 0x74, 0x80, 0x47, 0x9e, 0x80, 0x1f, 0x62,
  0x97, 0xa1, 0x63, 0x61, 0x99, 0xc7, 0x66, 0x80, 0x7d, 0x8a, 0x0a, 0x65, 0x69, 0x8f, 0xa5, 0xd3, 0x92, 0x80, 0x12, 0xcf,
  0x80, 0xef, 0x82, 0x93, 0x80, 0x80, 0xef, 0x80, 0x74, 0x80, 0x2e, 0x73, 0x80, 0x17, 0x00, 0x80, 0xf4, 0x80, 0x7c, 0x94,
  0x66, 0x80, 0x7d, 0xcc, 0xa8, 0x94, 0x9e, 0x80, 0x34, 0xd5, 0x80, 0x74, 0x80, 0x2e, 0x80, 0x6a, 0x80, 0x49, 0x80, 0xdf,
  0x80, 0x91, 0x80, 0x22, 0x8e, 0x79, 0x0a, 0x80, 0x3a, 0x89, 0x65, 0x67, 0x97, 0x66, 0x80, 0x3d, 0xca, 0x87, 0xc6, 0x80,
  0x8f, 0x89, 0x93, 0x80, 0xcb, 0xb9, 0xf7, 0x20, 0x00, 0x44, 0x6f, 0x6d, 0x80, 0x6e, 0x87, 0x80, 0x87, 0x8b, 0x80, 0x7e,
  0xbe, 0x00, 0x44, 0x6f, 0x80, 0xbe, 0x9e, 0xcc, 0x8b, 0x80, 0xad, 0xa9, 0x00, 0x4e, 0x6f, 0x82, 0x6f, 0x77, 0x6e, 0x80,
  0xf8, 0x80, 0x09, 0x6d, 0x80, 0x6e, 0x2e, 0x00, 0x5b, 0xc8, 0x80, 0x55, 0x8d, 0x5d, 0x20, 0x80, 0x23, 0xa4, 0x74, 0x95,
  0x64, 0x94, 0x80, 0x1d, 0x74, 0xa4, 0x80, 0xb6, 0x00, 0x5b, 0xc8, 0x80, 0x55, 0x8d, 0x5d, 0x20, 0x80, 0x66, 0xa4, 0x74,
  0x95, 0x64, 0x94, 0x80, 0x1d, 0x8a, 0x80, 0x4a, 0xef, 0xc1, 0x80, 0x09, 0x6d, 0x80, 0x6e, 0x2e, 0x00, 0xac, 0x80, 0x41,
  0xea, 0x80, 0xca, 0x80, 0x89, 0xc3, 0x89, 0xc4, 0x81, 0xba, 0x80, 0xe6, 0x80, 0x77, 0x80, 0xff, 0x00, 0x4e, 0x6f, 0x82,
  0x80, 0x9b, 0xba, 0x80, 0x41, 0xea, 0x80, 0xca, 0x80, 0xe6, 0x80, 0x77, 0x80, 0x1d, 0x80, 0x8c, 0x2e, 0x00, 0x80, 0x6f,
  0x6c, 0xb4, 0x6e, 0x87, 0xc6, 0xa1, 0x80, 0xf1, 0x80, 0x1d, 0x80, 0xbe, 0x97, 0x8b, 0x80, 0x5a, 0x61, 0x9e, 0xaf, 0x80,
  0xfe, 0x64, 0x87, 0xc6, 0x80, 0x1d, 0x74, 0xa4, 0x74, 0x80, 0x0b, 0x62, 0x79, 0x74, 0x65, 0x80, 0x0b, 0x80, 0x03, 0x69,
  0x8d, 0x80, 0x0b, 0x80, 0x03, 0x69, 0x8d, 0x38, 0x0a, 0x80, 0xde, 0x62, 0x69, 0x67, 0x80, 0x03, 0x69, 0x8d, 0x2e, 0x00,
  0x4e, 0x65, 0x99, 0x94, 0x80, 0xf1, 0x80, 0x1d, 0x8b, 0x80, 0x7e, 0xbe, 0x00, 0x42, 0x79, 0x74, 0x65, 0x80, 0x0b, 0x54,
  0xa4, 0x74, 0x80, 0x0b, 0x53, 0x83, 0x69, 0x8d, 0x80, 0x0b, 0x53, 0x83, 0x69, 0x8d, 0x38, 0x80, 0xde, 0x42, 0x69, 0x67,
  0x80, 0x03, 0x69, 0xdc, 0xc3, 0x89, 0xc4, 0xd2, 0x9e, 0x80, 0xe6, 0x80, 0x77, 0x93, 0x80, 0xf1, 0x80, 0x1d, 0x88, 0x74,
  0x0a, 0x20, 0x80, 0x42, 0xbe, 0x00, 0x44, 0x65, 0x80, 0x26, 0xe4, 0x74, 0x87, 0xf4, 0x80, 0xe6, 0x80, 0x77, 0x80, 0x1d,
  0x80, 0x89, 0x8b, 0x80, 0x42, 0xbe, 0x00, 0x43, 0xdf, 0x80, 0xef, 0x74, 0x87, 0xf4, 0x80, 0xe6, 0x80, 0x77, 0x80, 0x1d,
  0x80, 0x89, 0x8b, 0x80, 0x42, 0xbe, 0x00, 0x80, 0x6f, 0x80, 0xc3, 0x80, 0x77, 0x64, 0x83, 0xf8, 0x94, 0xf2, 0x80, 0x8c,
  0x87, 0x80, 0xe0, 0x80, 0xf6, 0x95, 0x63, 0x94, 0x80, 0x3c, 0x27, 0x80, 0x82, 0x83, 0x65, 0x27, 0xfd, 0x80, 0x54, 0x80,
  0x1f, 0xbb, 0x0a, 0x80, 0x4d, 0x6c, 0xb6, 0x80, 0x0b, 0xe6, 0xc3, 0x65, 0x80, 0x0b, 0x93, 0xe2, 0x9d, 0x80, 0x98, 0x80,
  0x61, 0xcd, 0x87, 0x93, 0xa7, 0x80, 0x16, 0x6a, 0x80, 0x77, 0x6c, 0x80, 0x31, 0x82, 0xc6, 0x80, 0x4d, 0x6c, 0xb6, 0x0a,
  0x80, 0x61, 0xcd, 0xf7, 0x00, 0xac, 0x80, 0x4d, 0x82, 0xa7, 0x99, 0x90, 0x82, 0x80, 0x03, 0x69, 0xdc, 0x80, 0x6d, 0x80,
  0x82, 0x80, 0x02, 0x80, 0xb5, 0xc7, 0x80, 0xb2, 0x94, 0x80, 0xf1, 0xd4, 0x80, 0xaf, 0x00, 0x43, 0xb9, 0x82, 0x80, 0x68,
  0x80, 0x5b, 0x87, 0x9e, 0x80, 0x3e, 0xc2, 0x00, 0xac, 0x80, 0x9e, 0xa1, 0x63, 0xb9, 0x82, 0x62, 0xfc, 0x77, 0x65, 0x80,
  0x02, 0x69, 0x64, 0xcd, 0xda, 0xdc, 0xd4, 0xd2, 0x93, 0x62, 0xfc, 0x77, 0x65, 0x80, 0x02, 0x80, 0xf3, 0xfb, 0x74, 0x2d,
  0x9e, 0xd4, 0x80, 0xaf, 0x00, 0xac, 0x80, 0x78, 0x80, 0x0c, 0x73, 0x80, 0xd1, 0x80, 0x53, 0x80, 0x1d, 0x78, 0xe9, 0x28,
  0x25, 0x64, 0x29, 0x2e, 0x00, 0xac, 0x80, 0x9e, 0x63, 0xb9, 0x82, 0x62, 0xfc, 0x77, 0x65, 0x80, 0x02, 0x8a, 0x80, 0xa8,
  0x89, 0x80, 0xd4, 0xa2, 0xd4, 0x80, 0xaf, 0x00, 0x52, 0xfc, 0xb0, 0x84, 0x80, 0x1d, 0xc6, 0x80, 0xa0, 0x66, 0x80, 0x7d,
  0x80, 0x49, 0x80, 0xdf, 0x80, 0x91, 0xa7, 0x80, 0x74, 0xb6, 0x94, 0x80, 0xff, 0x00, 0x4d, 0x80, 0x3b, 0x80, 0x1f, 0xe2,
  0x80, 0x26, 0xe4, 0x82, 0x80, 0x1d, 0x80, 0x50, 0xbc, 0xfc, 0xa5, 0xc1, 0xea, 0x99, 0x8a, 0x63, 0x82, 0xc6, 0x80, 0xa0,
  0x80, 0xff, 0x00, 0xd7, 0x80, 0xf9, 0x80, 0x26, 0xfb, 0x80, 0x5c, 0x80, 0xc7, 0x80, 0xe4, 0x2d, 0x80, 0x1d, 0x93, 0x80,
  0xe6, 0x80, 0x77, 0x80, 0x8c, 0x87, 0x77, 0x83, 0x81, 0x80, 0xf6, 0x95, 0x63, 0x94, 0x8a, 0x0a, 0x4f, 0x52, 0x80, 0xdc,
  0x80, 0x62, 0x42, 0x59, 0x80, 0x0b, 0x44, 0xdd, 0x54, 0x80, 0x28, 0x43, 0x54, 0x80, 0x0b, 0x55, 0x4e, 0x49, 0x51, 0x55,
  0x45, 0x80, 0x0b, 0x80, 0x28, 0x80, 0xdc, 0x58, 0x80, 0x0b, 0x55, 0x4e, 0x49, 0x80, 0x8e, 0x80, 0x0b, 0x80, 0x28, 0x80,
  0x10, 0x52, 0x80, 0x45, 0x43, 0x54, 0x80, 0x0b, 0x93, 0x4d, 0x80, 0x28, 0x55, 0x53, 0x20, 0x80, 0x21, 0x63, 0x89, 0xca,
  0x73, 0x80, 0x0b, 0x85, 0x0a, 0x20, 0x9e, 0x70, 0x80, 0x59, 0xe7, 0x97, 0x80, 0x85, 0x79, 0x80, 0x0b, 0x80, 0x2a, 0x65,
  0x69, 0x67, 0x84, 0x80, 0x85, 0x79, 0x80, 0x0b, 0x93, 0xb5, 0x69, 0xe5, 0x81, 0xcf, 0x80, 0xef, 0x74, 0xf7, 0x00, 0xac,
  0x80, 0x1f, 0xea, 0x99, 0x8a, 0x63, 0x82, 0xc6, 0x80, 0x10, 0x58, 0x54, 0x2f, 0x42, 0x80, 0x7b, 0x42, 0x20, 0xf3, 0xa1,
  0x80, 0x50, 0xbc, 0xfc, 0xa5, 0x80, 0xff, 0x00, 0x4d, 0x80, 0x3b, 0x80, 0x4f, 0x70, 0x80, 0x47, 0xa1, 0x63, 0xb9, 0x82,
  0x66, 0x80, 0x7d, 0xc1, 0x63, 0xb9, 0x82, 0x62, 0xfc, 0x77, 0x65, 0x80, 0x02, 0x8a, 0x80, 0xa8, 0x89, 0x80, 0xd4, 0xa2,
  0xd4, 0x80, 0xaf, 0x00, 0x46, 0x61, 0xfb, 0xb0, 0x81, 0x80, 0x82, 0x80, 0xd9, 0x67, 0xfc, 0x74, 0xc7, 0xb5, 0x69, 0xe5,
  0x81, 0xcf, 0x80, 0xef, 0x74, 0x87, 0x76, 0x91, 0x6c, 0x89, 0xca, 0x87, 0x80, 0xcc, 0xf2, 0x80, 0x25, 0x00, 0x42, 0x79,
  0x74, 0x65, 0x80, 0x0b, 0x54, 0xa4, 0x74, 0x80, 0x0b, 0x53, 0x83, 0x69, 0x8d, 0x80, 0x0b, 0x53, 0x83, 0x69, 0x8d, 0x38,
  0x80, 0xde, 0x42, 0x69, 0x67, 0x80, 0x03, 0x69, 0xdc, 0xc3, 0x89, 0xc4, 0xd2, 0x9e, 0x80, 0xe6, 0x80, 0x77, 0xd4, 0xd2,
  0x88, 0x74, 0x0a, 0x80, 0x42, 0xbe, 0x00, 0x42, 0x79, 0x80, 0x98, 0x80, 0x3f, 0x54, 0xa4, 0x82, 0xc3, 0x89, 0xc4, 0xd2,
  0x9e, 0x80, 0xf1, 0x80, 0x3f, 0x80, 0xe6, 0x80, 0x77, 0xd4, 0x80, 0x40, 0x80, 0x42, 0xbe, 0x00, 0x45, 0x78, 0x80, 0xbb,
  0x44, 0x69, 0x80, 0x9d, 0xf8, 0xd2, 0x66, 0x65, 0x89, 0xb0, 0x81, 0xa6, 0x80, 0x90, 0x6e, 0x74, 0x80, 0x47, 0xea, 0x73,
  0x96, 0x9d, 0xa9, 0x00, 0x80, 0x23, 0x44, 0x69, 0x80, 0x9d, 0x80, 0xc6, 0x80, 0x21, 0x63, 0xef, 0xc1, 0xa4, 0x80, 0xbb,
  0x80, 0xe8, 0xf8, 0x80, 0xaf, 0x00, 0x4f, 0x6e, 0x80, 0x47, 0x80, 0xb4, 0x80, 0xc5, 0xa6, 0x61, 0x75, 0x8f, 0x85, 0x80,
  0x2b, 0x94, 0xba, 0x64, 0xa0, 0x80, 0xa5, 0x80, 0x8f, 0x89, 0x80, 0x17, 0x00, 0x45, 0x78, 0x80, 0xbb, 0x44, 0x69, 0x80,
  0x9d, 0xf8, 0xd2, 0x80, 0x68, 0xa4, 0x80, 0x31, 0x82, 0xc1, 0xa7, 0x80, 0x76, 0x80, 0x9c, 0x00, 0x42, 0x80, 0x73, 0xcf,
  0x80, 0x3a, 0x75, 0xed, 0x93, 0x80, 0x1d, 0x8a, 0x80, 0x4a, 0x89, 0x80, 0x17, 0x00, 0x45, 0x78, 0x70, 0xb6, 0xc7, 0x73,
  0x75, 0x62, 0x80, 0x1d, 0xc1, 0xcf, 0x80, 0x3a, 0x75, 0xed, 0x93, 0x80, 0x25, 0x00, 0x46, 0x80, 0x7d, 0xcc, 0x6e, 0x65,
  0x80, 0x1a, 0x87, 0x63, 0xb9, 0x82, 0xba, 0x6d, 0x85, 0x81, 0x80, 0x21, 0x63, 0x20, 0x80, 0xff, 0x00, 0xd7, 0x80, 0xe6,
  0x80, 0x77, 0x80, 0x4a, 0x80, 0x93, 0xa6, 0x80, 0xa4, 0x82, 0xc6, 0xc3, 0xc2, 0x20, 0x52, 0x92, 0x8c, 0x80, 0x0c, 0xa7,
  0x80, 0xe6, 0x80, 0x77, 0xc3, 0x61, 0x2e, 0x00, 0xac, 0x80, 0x4d, 0x65, 0x80, 0x12, 0x9e, 0x80, 0xb1, 0x2d, 0x73, 0x63,
  0x9a, 0x80, 0xc3, 0x80, 0x29, 0x80, 0xe6, 0xb6, 0xca, 0x00, 0xac, 0x80, 0x41, 0xea, 0x80, 0xca, 0xa1, 0x80, 0x43, 0x2d,
  0xdf, 0x80, 0x47, 0x80, 0xe6, 0xb6, 0xca, 0x00, 0xac, 0x80, 0xd5, 0x73, 0x75, 0x62, 0x80, 0x76, 0x97, 0x80, 0xe6, 0x80,
  0x77, 0x74, 0x77, 0xda, 0x65, 0x00, 0x46, 0x69, 0x80, 0xfe, 0x86, 0x80, 0xf6, 0x95, 0x63, 0xc7, 0x80, 0x08, 0x80, 0x52,
  0x73, 0x73, 0x80, 0xd4, 0xa2, 0xc1, 0x80, 0xb1, 0x2d, 0x80, 0xf1, 0x80, 0x1d, 0x80, 0x74, 0x80, 0x2e, 0x73, 0xca, 0xf7,
  0x00, 0x4f, 0x6e, 0x81, 0x80, 0xb7, 0x80, 0xb2, 0xd2, 0x9e, 0x80, 0x09, 0x74, 0x74, 0x94, 0x80, 0x4d, 0xe5, 0x95, 0x80,
  0x53, 0xa6, 0x20, 0x8b, 0x80, 0x59, 0x67, 0x68, 0x80, 0xb6, 0x00, 0x41, 0x80, 0xf5, 0x8c, 0x67, 0x80, 0x0c, 0xfa, 0x80,
  0xd6, 0x52, 0x4f, 0x57, 0x20, 0x80, 0xd6, 0x80, 0x45, 0x80, 0xed, 0x43, 0x80, 0x32, 0x80, 0x16, 0x6a, 0x80, 0x77, 0x6c,
  0x80, 0x31, 0x82, 0x80, 0x08, 0x80, 0x42, 0xbe, 0x00, 0x41, 0x84, 0xeb, 0x67, 0x8c, 0x67, 0x80, 0x0c, 0x66, 0x80, 0x7d,
  0x80, 0x08, 0x80, 0x9b, 0x9e, 0x80, 0xa5, 0x80, 0x5a, 0xa4, 0x80, 0xb6, 0x00, 0x80, 0x6f, 0x6d, 0x62, 0x8a, 0xef, 0xc6,
  0x80, 0xf0, 0x2f, 0x80, 0x63, 0x20, 0x80, 0x80, 0xef, 0x8b, 0x80, 0x9b, 0xae, 0x00, 0xac, 0x80, 0x65, 0x20, 0x8a, 0x68,
  0x83, 0xbf, 0x94, 0x6f, 0xde, 0x80, 0x8b, 0x80, 0x25, 0x00, 0x4e, 0xdf, 0x2d, 0x80, 0xe6, 0x80, 0x77, 0x80, 0xc4, 0x80,
  0xfc, 0x80, 0xb3, 0x80, 0x29, 0xf4, 0x80, 0x59, 0x67, 0x68, 0x82, 0x68, 0x80, 0x3f, 0x73, 0x69, 0x64, 0x81, 0xc6, 0x80,
  0x28, 0xfd, 0x80, 0x54, 0xa8, 0xc2, 0x00, 0xac, 0x80, 0x74, 0x80, 0x60, 0xbf, 0x80, 0x47, 0x63, 0xb9, 0x82, 0xba, 0x73,
  0x95, 0x64, 0x8c, 0x63, 0x76, 0x20, 0x80, 0xff, 0x00, 0x44, 0xe6, 0x80, 0x60, 0x80, 0x0c, 0x62, 0x80, 0xda, 0x20, 0x99,
  0x85, 0x80, 0x71, 0x80, 0x21, 0x63, 0xef, 0xc1, 0x80, 0x89, 0xae, 0x00, 0xd7, 0x80, 0xbe, 0x78, 0x80, 0x06, 0xb4, 0x20,
  0x80, 0xbf, 0x80, 0xf8, 0x80, 0x42, 0x80, 0x29, 0x73, 0x62, 0x80, 0x51, 0xd2, 0xcc, 0x80, 0x56, 0x80, 0x97, 0x80, 0x02,
  0x80, 0xea, 0x80, 0x1a, 0xbe, 0x00, 0xac, 0x80, 0x9e, 0xf2, 0x80, 0x22, 0x8c, 0x66, 0x20, 0xb5, 0x9d, 0x73, 0x87, 0xf2,
  0xa6, 0xa1, 0xd4, 0x94, 0x80, 0x57, 0x00, 0x80, 0x66, 0x70, 0x72, 0xf8, 0x80, 0x4e, 0xc5, 0xba, 0x67, 0x80, 0x04, 0x82,
  0xf4, 0x80, 0xff, 0x00, 0x52, 0x65, 0x80, 0x7f, 0x95, 0x80, 0x53, 0x80, 0xa6, 0x80, 0x1d, 0x80, 0x48, 0x80, 0xf6, 0x95,
  0x80, 0x53, 0xa1, 0x80, 0xb2, 0x94, 0x80, 0xf1, 0x80, 0x1d, 0x80, 0x25, 0x00, 0x43, 0x85, 0x72, 0xe6, 0x74, 0x94, 0x80,
  0xe6, 0x80, 0x77, 0x80, 0x1d, 0x8a, 0x80, 0x4a, 0x89, 0x80, 0x17, 0x00, 0xac, 0xe2, 0xd0, 0x6d, 0x80, 0x44, 0x80, 0xc4,
  0x80, 0xfc, 0x80, 0xb3, 0x80, 0x29, 0x80, 0x1d, 0x64, 0xb0, 0xc7, 0x62, 0x8a, 0xa9, 0x00, 0xac, 0xe2, 0xd0, 0x6d, 0x80,
  0x44, 0xa7, 0x8c, 0x74, 0xb0, 0x84, 0xd4, 0xd2, 0xc6, 0xa1, 0x80, 0x76, 0x97, 0x93, 0x8c, 0x74, 0xb0, 0x84, 0xd4, 0xd2,
  0x80, 0x87, 0x8a, 0xcf, 0x73, 0x80, 0x11, 0x80, 0xee, 0x00, 0x52, 0x4f, 0x57, 0x20, 0x54, 0xc4, 0x81, 0x80, 0x74, 0xb6,
  0xbe, 0x00, 0x80, 0xdb, 0x80, 0x0f, 0x80, 0xf3, 0x66, 0x66, 0xa5, 0xc1, 0x80, 0xe6, 0x80, 0x77, 0xc6, 0xaf, 0x78, 0x94,
  0x80, 0xae, 0x81, 0x65, 0x9d, 0x6d, 0xcd, 0x87, 0x8b, 0xc6, 0x80, 0x95, 0x8c, 0x63, 0x82, 0x80, 0xae, 0xc2, 0x00, 0xac,
  0xe2, 0x9d, 0x80, 0x98, 0x65, 0x9d, 0x6d, 0xd5, 0x80, 0xcc, 0xa1, 0x52, 0x4f, 0x57, 0x20, 0x54, 0xc4, 0xc2, 0x00, 0x54,
  0xc4, 0x81, 0xc6, 0xa1, 0xf2, 0x80, 0x88, 0xb5, 0x69, 0xe5, 0x81, 0xfa, 0x80, 0xd6, 0xf2, 0x68, 0x69, 0x83, 0x90, 0xd3,
  0x80, 0x9c, 0x00, 0x4d, 0x8e, 0x69, 0x70, 0xe4, 0xef, 0xc6, 0x4e, 0x55, 0x4c, 0x80, 0x6b, 0x80, 0xe6, 0x80, 0x77, 0xea,
  0x73, 0x80, 0x42, 0xbe, 0x00, 0xc8, 0x80, 0xbb, 0x80, 0x8a, 0x85, 0x9c, 0x68, 0xb9, 0x80, 0xe5, 0x80, 0x6d, 0x80, 0xa4,
  0x82, 0xc6, 0x80, 0x99, 0x6e, 0x63, 0x2e, 0x00, 0xc8, 0x80, 0x03, 0x74, 0x9b, 0xc6, 0x4e, 0x55, 0x4c, 0x4c, 0x87, 0x8a,
  0xba, 0xa1, 0x80, 0xe6, 0x80, 0x77, 0xea, 0x73, 0x80, 0x42, 0xbe, 0x00, 0x55, 0x70, 0xc3, 0xc7, 0xc6, 0xa1, 0x80, 0xe6,
  0x80, 0x77, 0x65, 0x9d, 0x6d, 0xd5, 0xba, 0x4e, 0x55, 0x4c, 0x80, 0x6b, 0xa6, 0xea, 0x73, 0x80, 0x42, 0xbe, 0x00, 0x4c,
  0xdd, 0x80, 0x32, 0x80, 0x74, 0xb6, 0x94, 0x80, 0x82, 0x80, 0x02, 0x8a, 0x80, 0x03, 0x74, 0xc7, 0x41, 0x80, 0x32, 0x80,
  0x52, 0x73, 0xbf, 0x80, 0x17, 0x00, 0x44, 0x65, 0x9d, 0x80, 0x98, 0xea, 0x73, 0x80, 0x9b, 0xf4, 0x80, 0xe6, 0x80, 0x77,
  0x80, 0x22, 0x6f, 0x8f, 0xa5, 0x80, 0x38, 0x73, 0x93, 0x80, 0xf6, 0x95, 0x80, 0x35, 0x2e, 0x00, 0x55, 0x70, 0xc3, 0x81,
  0xea, 0x73, 0x80, 0x9b, 0xf4, 0x80, 0xe6, 0x80, 0x77, 0x80, 0x22, 0x6f, 0x8f, 0xa5, 0x80, 0x38, 0x73, 0x93, 0x80, 0xf6,
  0x95, 0x80, 0x35, 0x2e, 0x00, 0x44, 0x65, 0x9d, 0x74, 0xc7, 0xa1, 0x80, 0xb1, 0x2d, 0x80, 0x5b, 0xc7, 0x65, 0x9d, 0x6d,
  0x80, 0xee, 0x00, 0xac, 0x66, 0x8c, 0x81, 0xa1, 0x80, 0xe6, 0x80, 0x77, 0x80, 0x22, 0x6f, 0x8f, 0xa5, 0x80, 0x38, 0x73,
  0x93, 0x80, 0xf6, 0x95, 0x80, 0x35, 0x2e, 0x00, 0xc8, 0x80, 0xbb, 0x80, 0x8a, 0x85, 0x9c, 0x8a, 0x80, 0x00, 0xd3, 0x8e,
  0xc5, 0xaa, 0x80, 0xc2, 0x00, 0xc8, 0x80, 0xbb, 0x80, 0x8a, 0x85, 0x9c, 0x80, 0x95, 0x72, 0xe6, 0x74, 0x94, 0x80, 0xe6,
  0xb6, 0x80, 0x17, 0x00, 0x43, 0xb0, 0x73, 0x93, 0x80, 0x68, 0x8c, 0x67, 0x80, 0x11, 0x83, 0xbe, 0x00, 0xac, 0x66, 0x6c,
  0x89, 0x74, 0x80, 0x02, 0xa1, 0x80, 0xe6, 0x80, 0x77, 0x80, 0x22, 0x6f, 0x8f, 0xa5, 0x80, 0x38, 0x73, 0x93, 0x80, 0xf6,
  0x95, 0x80, 0x35, 0x2e, 0x00, 0xc8, 0x80, 0x95, 0x8c, 0x63, 0x82, 0x80, 0xbf, 0x80, 0xf8, 0xaf, 0x80, 0xfe, 0x64, 0x87,
  0x80, 0x3c, 0x52, 0x4f, 0x57, 0x20, 0x54, 0xc4, 0xc2, 0x00, 0xac, 0x80, 0x65, 0x20, 0x80, 0xb2, 0x94, 0x80, 0xf1, 0x80,
  0x1d, 0xae, 0x9c, 0x99, 0xfb, 0x80, 0x20, 0x9e, 0xa8, 0xc2, 0x00, 0x4e, 0xbc, 0x94, 0x80, 0xf1, 0x80, 0x1d, 0xcc, 0x80,
  0x68, 0x80, 0x5b, 0x87, 0x9e, 0x80, 0x3e, 0xc2, 0x00, 0x4e, 0xbc, 0x94, 0x80, 0xf1, 0x80, 0x1d, 0xcc, 0x8b, 0x80, 0xad,
  0xa9, 0x00, 0x4e, 0x6f, 0x82, 0x6f, 0x77, 0x6e, 0x80, 0xf8, 0x80, 0xb2, 0x94, 0x80, 0xf1, 0x80, 0xff, 0x00, 0xac, 0x80,
  0x1f, 0x80, 0x8e, 0x4c, 0x59, 0x28, 0x54, 0x41, 0x42, 0x80, 0xed, 0x28, 0x80, 0x3a, 0x29, 0x80, 0xd8, 0x6f, 0x80, 0xb8,
  0x80, 0xe6, 0xb6, 0xca, 0x73, 0x00, 0x54, 0x80, 0x29, 0xcc, 0x80, 0x08, 0xd4, 0xbe, 0x00, 0x44, 0x80, 0x11, 0x8a, 0x63,
  0x82, 0x80, 0x1d, 0xcc, 0x80, 0x68, 0x80, 0x5b, 0x87, 0x9e, 0x80, 0x3e, 0xc2, 0x00, 0x80, 0x66, 0xa8, 0x80, 0x71, 0x70,
  0x72, 0xf8, 0x80, 0x4e, 0xc5, 0xf4, 0x80, 0xa6, 0x80, 0x1d, 0x80, 0x25, 0x00, 0x80, 0x66, 0x70, 0x72, 0xf8, 0x80, 0x4e,
  0xc5, 0xba, 0x80, 0x65, 0x20, 0xa1, 0x63, 0xb9, 0x82, 0xc6, 0x80, 0xa5, 0x44, 0xdd, 0x54, 0x80, 0x28, 0x43, 0x80, 0x32,
  0x80, 0xa6, 0x80, 0xff, 0x00, 0x80, 0xdb, 0x80, 0xb0, 0x80, 0xe6, 0x80, 0xa8, 0x61, 0x8c, 0x28, 0x80, 0xd8, 0x80, 0x08,
  0x80, 0x7e, 0xbe, 0x00, 0x41, 0x72, 0x67, 0xb4, 0xd5, 0x80, 0x88, 0xa1, 0x80, 0xb3, 0x80, 0x29, 0xba, 0xe0, 0xe1, 0x4f,
  0x55, 0x80, 0x32, 0x93, 0x80, 0x28, 0x4f, 0x55, 0x80, 0x32, 0x80, 0x50, 0xbc, 0x65, 0xd0, 0x2e, 0x00, 0x80, 0xdb, 0xa2,
  0x80, 0x46, 0x80, 0x68, 0x80, 0x5b, 0x87, 0xf3, 0xa1, 0xa8, 0xa5, 0x93, 0x9a, 0x80, 0x01, 0x00, 0x80, 0xdb, 0xa2, 0x80,
  0x46, 0x80, 0xe0, 0x80, 0xd0, 0x00, 0x4e, 0xfe, 0x80, 0x70, 0x61, 0x70, 0x70, 0x65, 0x90, 0x20, 0xf3, 0x62, 0x6f, 0x8f,
  0x20, 0xa7, 0x9a, 0xa2, 0x67, 0x80, 0x04, 0x74, 0x93, 0x80, 0x3f, 0xa7, 0x9a, 0xa2, 0x67, 0x80, 0x04, 0x74, 0x65, 0xc2,
  0x00, 0x4f, 0x6e, 0x80, 0x47, 0x9a, 0xa2, 0xd8, 0x6d, 0x8a, 0x80, 0x11, 0x72, 0x89, 0x93, 0x93, 0x80, 0xb4, 0x41, 0xfd,
  0xe1, 0x67, 0x80, 0x04, 0x74, 0x80, 0x0b, 0x8c, 0x76, 0x6f, 0x6b, 0x81, 0x93, 0x80, 0x65, 0x20, 0x9a, 0x80, 0x01, 0x00,
  0x80, 0xdb, 0xa2, 0x80, 0x49, 0x80, 0x5b, 0x2e, 0x00, 0x80, 0x66, 0x70, 0x72, 0xf8, 0x80, 0x4e, 0xc5, 0xba, 0x80, 0x4d,
  0x82, 0xba, 0xa7, 0x9a, 0x80, 0x01, 0x00, 0xac, 0x67, 0x80, 0x04, 0x82, 0x80, 0xa2, 0x70, 0x72, 0xf8, 0x80, 0x4e, 0x67,
  0xd2, 0x93, 0xe2, 0x80, 0x26, 0xe4, 0x82, 0x9a, 0xa2, 0xba, 0xa1, 0x9a, 0x80, 0x01, 0x00, 0xac, 0x67, 0x80, 0x04, 0x82,
  0x70, 0x72, 0xf8, 0x80, 0x4e, 0x67, 0xd2, 0xba, 0xa1, 0x9a, 0xa2, 0x57, 0x49, 0x54, 0x48, 0x20, 0x47, 0x52, 0x41, 0x4e,
  0x80, 0x32, 0x4f, 0x50, 0x54, 0x49, 0x80, 0x8e, 0x2e, 0x00, 0x55, 0x80, 0x03, 0x80, 0x46, 0x80, 0x68, 0x80, 0x5b, 0x87,
  0xf3, 0xa1, 0x9a, 0x6c, 0x95, 0xfe, 0x80, 0x3c, 0x80, 0x3e, 0xc2, 0x00, 0x80, 0x23, 0x70, 0xb9, 0x73, 0x80, 0xc0, 0x86,
  0xba, 0x80, 0xcf, 0x87, 0xa7, 0x80, 0x3e, 0xc2, 0x00, 0xac, 0x80, 0x4d, 0x82, 0x80, 0xa2, 0x70, 0xb9, 0x73, 0x80, 0xc0,
  0x86, 0xc1, 0xa1, 0x9a, 0x80, 0x01, 0x20, 0x00, 0x80, 0xb4, 0x70, 0xb9, 0x73, 0x80, 0xc0, 0x86, 0x73, 0x80, 0xc4, 0x80,
  0xd3, 0x80, 0xea, 0x94, 0x38, 0x20, 0xd3, 0x90, 0xab, 0xd0, 0xf7, 0x00, 0x49, 0x6c, 0x9d, 0x67, 0xdc, 0xa8, 0x80, 0x71,
  0xc6, 0x8c, 0x70, 0x80, 0x60, 0xef, 0x73, 0x68, 0xd8, 0x6f, 0x80, 0x0f, 0x80, 0x8c, 0xf7, 0x00, 0xac, 0xd8, 0x86, 0x43,
  0x52, 0x43, 0x4f, 0x4c, 0x53, 0x20, 0x80, 0x82, 0x80, 0x02, 0xf2, 0x80, 0x68, 0x80, 0x56, 0x8c, 0x70, 0x80, 0x60, 0xef,
  0x73, 0x68, 0xd8, 0x6f, 0x80, 0x0f, 0x80, 0x8c, 0xf7, 0x00, 0xac, 0x80, 0x65, 0x20, 0x43, 0x52, 0x43, 0x4f, 0x4c, 0x53,
  0x20, 0x80, 0x82, 0x80, 0x02, 0xf2, 0x80, 0x49, 0x80, 0xd7, 0x8c, 0x70, 0x80, 0x60, 0xef, 0x73, 0x68, 0xd8, 0x6f, 0x80,
  0x0f, 0x80, 0x8c, 0xf7, 0x00, 0xac, 0x80, 0x9e, 0xa1, 0x80, 0x8d, 0x70, 0x20, 0xf2, 0x80, 0x22, 0x43, 0x52, 0x43, 0x4f,
  0x4c, 0x53, 0x2e, 0x00, 0xac, 0x80, 0x67, 0x80, 0x4a, 0x20, 0x80, 0xa5, 0x80, 0xfb, 0xf4, 0xa1, 0xf2, 0x80, 0x7c, 0x94,
  0xc1, 0x8c, 0x70, 0x80, 0x60, 0x89, 0x80, 0x17, 0x00, 0x80, 0xc1, 0x81, 0xc6, 0x43, 0x52, 0x43, 0x4f, 0x4c, 0x53, 0x20,
  0x80, 0x88, 0xcf, 0x73, 0x80, 0x11, 0xd5, 0xab, 0x9a, 0x73, 0x87, 0xa7, 0xf2, 0x68, 0x69, 0x83, 0x90, 0xd3, 0x80, 0x9c,
  0x00, 0x80, 0x23, 0x80, 0x99, 0x6e, 0x74, 0x61, 0x78, 0x20, 0xc1, 0x53, 0x54, 0x4d, 0x54, 0x5f, 0x43, 0x41, 0x43, 0x48,
  0x45, 0x5f, 0x80, 0xdc, 0x42, 0x55, 0x47, 0x20, 0x95, 0x80, 0xa7, 0x9a, 0x6e, 0x6d, 0xd5, 0x80, 0xb3, 0x96, 0x80, 0x01,
  0x00, 0xac, 0x80, 0xd5, 0x80, 0x4b, 0xc1, 0x80, 0xf9, 0x63, 0xab, 0x68, 0x81, 0xe2, 0x80, 0xf3, 0x67, 0x00, 0x41, 0x84,
  0x80, 0x8e, 0xfd, 0x80, 0x54, 0x80, 0x1f, 0x80, 0x56, 0xe1, 0x8a, 0x80, 0x00, 0xf2, 0x80, 0xf6, 0x95, 0x63, 0xc2, 0x00,
  0xc8, 0x80, 0x4a, 0x69, 0x78, 0x20, 0x4f, 0x55, 0x80, 0x10, 0x80, 0x62, 0x4a, 0x4f, 0x80, 0x28, 0x20, 0x80, 0x3f, 0x41,
  0x4e, 0x53, 0x49, 0x20, 0x4a, 0x4f, 0x80, 0x28, 0x20, 0x80, 0x3c, 0x73, 0xfe, 0x80, 0x76, 0x97, 0x62, 0x80, 0x78, 0x6b,
  0x2e, 0x00, 0xac, 0x8c, 0x80, 0x46, 0xa1, 0xf2, 0xa8, 0xc7, 0xa1, 0x80, 0x99, 0x80, 0xb1, 0x79, 0x6d, 0x2e, 0x00, 0xac,
  0x8d, 0x80, 0x9f, 0x93, 0x80, 0xdd, 0xb5, 0x63, 0x80, 0x0c, 0xa1, 0xf2, 0x93, 0x80, 0x65, 0x20, 0xa1, 0xf2, 0x93, 0x80,
  0xa7, 0x80, 0xe3, 0xa8, 0xc7, 0xa1, 0x80, 0x99, 0x80, 0xb1, 0x79, 0x6d, 0x2e, 0x00, 0xac, 0x80, 0x1f, 0x45, 0x58, 0x45,
  0x43, 0x55, 0x80, 0x10, 0x20, 0x50, 0x52, 0x4f, 0x43, 0x45, 0x44, 0x55, 0x80, 0x5d, 0x20, 0x80, 0x28, 0x54, 0x4f, 0x20,
  0x80, 0x22, 0xa7, 0x80, 0x28, 0x53, 0x80, 0x10, 0x41, 0x80, 0xc9, 0x4f, 0x46, 0x20, 0x74, 0x80, 0x59, 0x80, 0xf5, 0x83,
  0x2e, 0x00, 0xac, 0x80, 0x1f, 0x42, 0x45, 0x46, 0x4f, 0x80, 0x5d, 0x80, 0xde, 0x41, 0x46, 0x80, 0x10, 0x80, 0x62, 0x80,
  0x27, 0x9b, 0x80, 0x22, 0xa7, 0x80, 0x28, 0x53, 0x80, 0x10, 0x41, 0x80, 0xc9, 0x4f, 0x46, 0x20, 0x74, 0x80, 0x59, 0x80,
  0xf5, 0x83, 0x2e, 0x00, 0xac, 0x80, 0x1f, 0x57, 0x48, 0x45, 0x4e, 0xfd, 0x80, 0x54, 0x80, 0x1f, 0x69, 0x66, 0x20, 0x80,
  0x28, 0x53, 0x80, 0x10, 0x41, 0x80, 0xc9, 0x4f, 0x46, 0x20, 0x74, 0x80, 0x59, 0x80, 0xf5, 0xa5, 0xa6, 0x80, 0x7c, 0xbe,
  0x00, 0xac, 0x80, 0x9e, 0x80, 0x28, 0x53, 0x80, 0x10, 0x41, 0x80, 0xc9, 0x4f, 0x46, 0x20, 0x74, 0x80, 0x59, 0x80, 0xf5,
  0xa5, 0xc1, 0xa1, 0x80, 0x4d, 0x6c, 0x80, 0x8b, 0x65, 0x76, 0x80, 0xee, 0x00, 0xac, 0x80, 0x9e, 0xe1, 0x80, 0x28, 0x53,
  0x80, 0x10, 0x41, 0x80, 0xc9, 0x4f, 0x46, 0x20, 0x74, 0x80, 0x59, 0x80, 0xf5, 0xa5, 0xf4, 0xa1, 0xf2, 0x80, 0x25, 0x00,
  0x4f, 0x52, 0x80, 0xdc, 0x80, 0x62, 0x42, 0x59, 0x20, 0x80, 0x89, 0x93, 0x80, 0x74, 0x80, 0x2e, 0x80, 0x6a, 0x80, 0x88,
  0x9e, 0x80, 0x45, 0x80, 0xed, 0x43, 0x80, 0x32, 0x6c, 0x80, 0x31, 0x82, 0x9e, 0x80, 0xa5, 0x80, 0x5a, 0xa4, 0x80, 0xb6,
  0x00, 0x4c, 0x56, 0x41, 0x52, 0x43, 0x48, 0x41, 0x80, 0x62, 0x80, 0x89, 0x80, 0xae, 0x81, 0x80, 0xea, 0x80, 0x1a, 0x87,
  0x33, 0x32, 0x37, 0x33, 0x39, 0x2e, 0x00, 0xce, 0xa6, 0x80, 0xfb, 0x80, 0x08, 0x80, 0x9b, 0xf4, 0xa1, 0xf2, 0x80, 0x82,
  0x83, 0x81, 0xa7, 0x80, 0x1d, 0xa6, 0x72, 0x61, 0x77, 0x2e, 0x00, 0x52, 0x65, 0x80, 0x7f, 0xcd, 0x69, 0xdc, 0xcf, 0x80,
  0xef, 0x74, 0x87, 0x80, 0x87, 0x8b, 0x80, 0x9b, 0xf4, 0x80, 0xf0, 0x87, 0xc6, 0x80, 0x1d, 0x72, 0x61, 0x77, 0x2e, 0x00,
  0xac, 0x8d, 0x80, 0x9f, 0xf2, 0x80, 0x1d, 0x9e, 0x80, 0x37, 0x62, 0x8a, 0xef, 0x80, 0x22, 0x6f, 0x8f, 0xa5, 0x8d, 0x80,
  0x9f, 0xf2, 0xe3, 0x74, 0xca, 0xf7, 0x00, 0x54, 0x80, 0x29, 0x80, 0x1d, 0x72, 0x61, 0x80, 0x0f, 0x8b, 0x80, 0x9b, 0x80,
  0x36, 0x67, 0x65, 0x8f, 0xa5, 0x80, 0x22, 0x80, 0xcf, 0x87, 0x6d, 0x65, 0x8f, 0x6f, 0xa9, 0x00, 0x80, 0xb9, 0x9e, 0xb5,
  0xaa, 0x80, 0x73, 0x64, 0x75, 0x81, 0xba, 0x8a, 0x80, 0x00, 0x80, 0xa6, 0x9c, 0x80, 0xf1, 0x80, 0xbf, 0xa5, 0x25, 0xa9,
  0x00, 0xac, 0x80, 0x9e, 0xe1, 0x89, 0x74, 0xab, 0x68, 0x94, 0x80, 0x63, 0x20, 0x80, 0x22, 0xa1, 0x80, 0xe6, 0xef, 0xea,
  0x66, 0x80, 0x7f, 0xd5, 0x80, 0xcc, 0x8f, 0x80, 0x93, 0xbb, 0x0a, 0x80, 0xb4, 0x5f, 0x80, 0x7b, 0x43, 0x41, 0x80, 0xed,
  0x00, 0x45, 0x78, 0x74, 0xd5, 0x80, 0xae, 0x81, 0xa6, 0x80, 0x75, 0x6c, 0x80, 0x96, 0xc2, 0x80, 0x72, 0x4d, 0x61, 0x78,
  0x80, 0x06, 0xb4, 0x20, 0x80, 0xae, 0x81, 0xc6, 0xe1, 0xa4, 0x74, 0xd5, 0xa6, 0xa3, 0x6b, 0x2e, 0x00, 0x80, 0x23, 0x50,
  0x44, 0x51, 0x20, 0x70, 0x80, 0x59, 0x85, 0x80, 0x79, 0x80, 0x6d, 0x80, 0x21, 0xbe, 0x00, 0x80, 0x23, 0x80, 0x50, 0x74,
  0x80, 0xe2, 0x80, 0xcf, 0x73, 0x80, 0x5c, 0x97, 0xea, 0x72, 0x74, 0x97, 0x80, 0x43, 0x83, 0x2e, 0x00, 0x80, 0x23, 0x4f,
  0x50, 0x54, 0x43, 0x4f, 0x4d, 0x50, 0x80, 0x28, 0x80, 0xc9, 0x80, 0x6d, 0x80, 0x21, 0xbe, 0x00, 0x80, 0x23, 0x73, 0xbd,
  0x80, 0x6a, 0x95, 0x80, 0xa7, 0x9a, 0x6e, 0x6d, 0xd5, 0x80, 0xb3, 0x96, 0x80, 0x01, 0x00, 0x54, 0x96, 0x9d, 0x87, 0xc6,
  0x80, 0x1d, 0x72, 0x61, 0x80, 0x0f, 0x80, 0x87, 0x8b, 0x80, 0x9b, 0x80, 0xd6, 0xaa, 0x80, 0xf5, 0x94, 0x80, 0xa2, 0xf4,
  0xe1, 0x48, 0x44, 0x80, 0x62, 0x70, 0x80, 0x59, 0xe7, 0x79, 0x0a, 0x80, 0x03, 0x80, 0x1c, 0x2e, 0x00, 0x59, 0x80, 0xa4,
  0xfd, 0x9f, 0x8d, 0x80, 0x9f, 0xa7, 0xaa, 0x80, 0xf5, 0xc7, 0x80, 0x41, 0x64, 0x81, 0xc6, 0xa1, 0xf2, 0x80, 0xd6, 0xaa,
  0x80, 0xf5, 0x94, 0x80, 0xa2, 0xf4, 0xa1, 0x70, 0x80, 0x59, 0xe7, 0x79, 0x0a, 0x80, 0x03, 0x80, 0x1c, 0x2e, 0x00, 0x59,
  0x80, 0xa4, 0xfd, 0x9f, 0x80, 0xcf, 0x87, 0xa1, 0x80, 0xb1, 0xaa, 0x80, 0xf5, 0xc7, 0xf2, 0xcc, 0x80, 0xd6, 0xaa, 0x80,
  0xf5, 0x94, 0x80, 0xa2, 0xf4, 0xa1, 0x73, 0x92, 0xdf, 0x64, 0x90, 0x79, 0x0a, 0x80, 0x03, 0x80, 0x1c, 0x2e, 0x00, 0x80,
  0xb9, 0x49, 0x84, 0x53, 0x70, 0xf1, 0x66, 0x79, 0xc7, 0x41, 0xee, 0x6f, 0x80, 0xdf, 0xda, 0x8d, 0x80, 0x47, 0x28, 0x53,
  0x83, 0x80, 0x1c, 0x80, 0xd8, 0x47, 0x95, 0x83, 0x89, 0x94, 0x4b, 0x65, 0x79, 0xf7, 0x00, 0x80, 0x23, 0x55, 0x80, 0x45,
  0x4c, 0x41, 0x53, 0x54, 0x43, 0x4f, 0x4d, 0x4d, 0x49, 0x54, 0x80, 0x10, 0x80, 0xc9, 0x80, 0x6d, 0x80, 0x21, 0xbe, 0x00,
  0x80, 0x23, 0x49, 0x46, 0x58, 0x5f, 0x41, 0x55, 0x54, 0x4f, 0x5f, 0x80, 0x5d, 0x50, 0x80, 0x5d, 0x50, 0x41, 0x80, 0x5d,
  0x20, 0x80, 0x6d, 0x80, 0x21, 0xbe, 0x00, 0xc8, 0x80, 0x95, 0x8c, 0x63, 0x82, 0x73, 0xbd, 0x80, 0x6a, 0xe3, 0x74, 0x80,
  0x06, 0x80, 0x2b, 0xef, 0x95, 0x80, 0xa7, 0x9a, 0x6e, 0x6d, 0xd5, 0x80, 0xb3, 0x96, 0x80, 0x01, 0x00, 0xc8, 0x80, 0x95,
  0x8c, 0x63, 0x82, 0x53, 0x54, 0x41, 0x52, 0x5f, 0x4a, 0x4f, 0x80, 0x28, 0x20, 0x80, 0x6d, 0x80, 0x21, 0xbe, 0x00, 0x80,
  0xb9, 0x9e, 0xb5, 0xaa, 0x80, 0x73, 0x64, 0x75, 0x81, 0xba, 0x8a, 0x80, 0x00, 0x80, 0xa6, 0x9c, 0x80, 0xf1, 0x80, 0xbf,
  0xa5, 0x80, 0xd0, 0x00, 0x80, 0x23, 0x4f, 0x50, 0x54, 0x5f, 0x80, 0x45, 0x45, 0x4b, 0x5f, 0x46, 0x41, 0x43, 0x54, 0x4f,
  0x80, 0x62, 0x80, 0x6d, 0x80, 0x21, 0xbe, 0x00, 0x80, 0x23, 0x4f, 0x50, 0x54, 0x5f, 0x43, 0x50, 0x55, 0x43, 0x4f, 0x53,
  0x54, 0x5f, 0x46, 0x41, 0x43, 0x54, 0x4f, 0x80, 0x62, 0x80, 0x6d, 0x80, 0x21, 0xbe, 0x00, 0x51, 0x55, 0x45, 0x52, 0x59,
  0x3a, 0x00, 0x53, 0x75, 0x62, 0x80, 0x76, 0x79, 0x3a, 0x00, 0x45, 0x99, 0x80, 0x06, 0x89, 0x94, 0x80, 0x6f, 0x99, 0x9c,
  0x00, 0x45, 0x99, 0x80, 0x06, 0x89, 0x94, 0x23, 0x20, 0xc6, 0x80, 0xdb, 0x77, 0x87, 0x52, 0xfc, 0xb0, 0x6e, 0x80, 0x1a,
  0x9c, 0x00, 0x80, 0xba, 0x9b, 0x51, 0x75, 0x83, 0x79, 0x00, 0x54, 0xb7, 0x80, 0x19, 0x80, 0xeb, 0x46, 0x80, 0x4e, 0x87,
  0x52, 0x65, 0xe5, 0x69, 0x8c, 0x86, 0x46, 0x85, 0x9c, 0x00, 0x80, 0x5d, 0x4d, 0x4f, 0x80, 0x10, 0x20, 0x50, 0x41, 0x54,
  0x48, 0x00, 0x80, 0x45, 0x51, 0x55, 0x45, 0x4e, 0x54, 0x49, 0x41, 0x80, 0x6b, 0x53, 0x43, 0x41, 0x4e, 0x00, 0x41, 0x55,
  0x54, 0x4f, 0x80, 0x28, 0x80, 0xdc, 0x58, 0x20, 0x50, 0x41, 0x54, 0x48, 0x00, 0x80, 0x28, 0x80, 0xdc, 0x58, 0x20, 0x50,
  0x41, 0x54, 0x48, 0x00, 0x52, 0xb7, 0x6f, 0x80, 0x98, 0x53, 0x51, 0x80, 0x6b, 0x52, 0x65, 0xe5, 0x65, 0x99, 0x9c, 0x00,
  0x46, 0xfb, 0xd0, 0x80, 0x18, 0x00, 0xc8, 0x80, 0x33, 0x20, 0x4b, 0x65, 0x79, 0x80, 0x18, 0x00, 0x80, 0x72, 0x28, 0x4b,
  0x65, 0x79, 0x2d, 0x4f, 0x6e, 0x6c, 0x79, 0x29, 0x00, 0x4c, 0x6f, 0x77, 0xa5, 0xc8, 0x80, 0x33, 0x20, 0x46, 0xfb, 0xd0,
  0x9c, 0x00, 0x55, 0x70, 0x70, 0xa5, 0xc8, 0x80, 0x33, 0x20, 0x46, 0xfb, 0xd0, 0x9c, 0x00, 0x28, 0x54, 0xb7, 0x70, 0x20,
  0x54, 0x80, 0x29, 0x46, 0x93, 0x56, 0x69, 0x65, 0x77, 0x29, 0x00, 0x50, 0x6f, 0x99, 0xc8, 0x80, 0x33, 0x20, 0x46, 0xfb,
  0xd0, 0x3a, 0x00, 0x3c, 0x73, 0x75, 0x62, 0x80, 0x76, 0x79, 0x3e, 0x20, 0x00, 0xeb, 0x67, 0x00, 0x80, 0x38, 0x73, 0x93,
  0x64, 0x92, 0x6c, 0x90, 0x89, 0xca, 0xcc, 0x68, 0x69, 0x64, 0xd2, 0x6f, 0xee, 0xa5, 0x64, 0x92, 0x6c, 0x90, 0x89, 0xca,
  0x00, 0x80, 0xb3, 0x80, 0x29, 0x64, 0x92, 0x6c, 0x90, 0x89, 0xca, 0xcc, 0x68, 0x69, 0x64, 0xd2, 0x6f, 0xee, 0xa5, 0x64,
  0x92, 0x6c, 0x90, 0x89, 0xca, 0x00, 0x69, 0x64, 0xcd, 0x69, 0xaf, 0x83, 0xcc, 0xa6, 0xa1, 0x80, 0xb3, 0x96, 0x9d, 0x80,
  0x0b, 0x8b, 0xa1, 0x80, 0x8c, 0x00, 0x53, 0x4f, 0x52, 0x80, 0x32, 0x53, 0x43, 0x41, 0x4e, 0x9c, 0x00, 0x4d, 0x45, 0x52,
  0x47, 0x45, 0x20, 0x4a, 0x4f, 0x80, 0x28, 0x00, 0x4d, 0x83, 0xc5, 0x46, 0xfb, 0xd0, 0x80, 0x18, 0x00, 0x4f, 0x8f, 0xa5,
  0x4a, 0x6f, 0x9e, 0x46, 0xfb, 0xd0, 0x80, 0x18, 0x00, 0x80, 0x74, 0x80, 0x2e, 0x73, 0xca, 0x3a, 0x00, 0xc1, 0x80, 0x61,
  0xcd, 0x00, 0xbf, 0x83, 0xef, 0xc6, 0x80, 0x38, 0x73, 0x85, 0x97, 0x80, 0x16, 0x63, 0x80, 0x1a, 0x75, 0x8c, 0x00, 0x95,
  0x86, 0x80, 0x38, 0x73, 0x85, 0x00, 0xc0, 0x93, 0x80, 0x3a, 0xc7, 0x3d, 0x20, 0x00, 0x80, 0xdd, 0xab, 0x81, 0x80, 0x74,
  0x80, 0x2e, 0x80, 0x6a, 0x3a, 0x00, 0xfb, 0x9d, 0x67, 0xdc, 0x80, 0xdd, 0xab, 0x81, 0xe3, 0x74, 0xca, 0x00, 0x99, 0x90,
  0x82, 0x80, 0x4d, 0x6c, 0x80, 0x8b, 0x80, 0x38, 0x73, 0x80, 0xfa, 0x00, 0x99, 0x90, 0x82, 0x80, 0x16, 0x63, 0x80, 0x1a,
  0xb0, 0x81, 0x80, 0x38, 0x73, 0x80, 0xfa, 0x00, 0x80, 0x4d, 0x6c, 0x80, 0x8b, 0x80, 0x38, 0x73, 0x93, 0xbf, 0x83, 0x89,
  0x80, 0x17, 0x00, 0xc1, 0xaa, 0xe3, 0x20, 0x80, 0xb3, 0x96, 0x9d, 0x00, 0x65, 0x80, 0x13, 0x89, 0xd2, 0xba, 0x00, 0x67,
  0x80, 0xda, 0xdc, 0x80, 0xb3, 0x96, 0x9d, 0x00, 0xe2, 0x80, 0x26, 0xe4, 0x82, 0x80, 0x6d, 0x00, 0x72, 0x61, 0x80, 0x31,
  0x81, 0x80, 0xea, 0x80, 0x6c, 0x9b, 0x3a, 0x00, 0x53, 0x51, 0x4c, 0xcb, 0x00, 0xe8, 0xcb, 0x00, 0x50, 0x90, 0x74, 0xda,
  0x69, 0x70, 0x8e, 0x82, 0x73, 0xbf, 0x81, 0x80, 0xa0, 0x68, 0x65, 0xb0, 0x80, 0x11, 0xda, 0x8d, 0x80, 0x47, 0x9a, 0x80,
  0xc3, 0x80, 0x5c, 0xab, 0x6b, 0x2e, 0x00, 0x50, 0x8c, 0x70, 0x61, 0x8c, 0x86, 0x80, 0x50, 0x74, 0xda, 0x69, 0x70, 0x8e,
  0x82, 0x73, 0xbf, 0x81, 0x80, 0xa0, 0x64, 0xe9, 0x8b, 0x8c, 0xc9, 0xdf, 0xa9, 0x00, 0x50, 0x8c, 0x70, 0x61, 0x8c, 0x86,
  0x80, 0x50, 0x74, 0xda, 0x69, 0x70, 0x8e, 0x82, 0x73, 0xbf, 0x81, 0x80, 0xa0, 0x8b, 0x8c, 0xc9, 0xdf, 0x64, 0x8a, 0x80,
  0xc2, 0x00, 0x4d, 0x69, 0x78, 0x94, 0x80, 0xaa, 0x9b, 0x80, 0x2e, 0xe4, 0x80, 0xb6, 0x00, 0x50, 0x6f, 0x73, 0x73, 0x80,
  0xd4, 0xa2, 0x6d, 0x69, 0x78, 0x94, 0x80, 0xaa, 0x9b, 0x80, 0x2e, 0xe4, 0x80, 0xb6, 0x00, 0x54, 0x80, 0x83, 0x9b, 0x68,
  0x65, 0xb0, 0x80, 0x11, 0xda, 0x8d, 0x80, 0x47, 0x9a, 0x80, 0xc3, 0x80, 0x5c, 0xab, 0x6b, 0x2e, 0x00, 0x4c, 0x80, 0x44,
  0x25, 0x64, 0x3a, 0x00, 0x80, 0xea, 0x80, 0x6c, 0x9b, 0x9c, 0xaa, 0x6f, 0x6b, 0xc7, 0xc1, 0x68, 0x8e, 0x64, 0x6c, 0x83,
  0x00, 0x80, 0xea, 0x80, 0x6c, 0x9b, 0x9c, 0x68, 0x8e, 0x64, 0x6c, 0xa5, 0x46, 0x4f, 0x55, 0x4e, 0x44, 0x00, 0x80, 0xea,
  0x80, 0x6c, 0x9b, 0x9c, 0x80, 0xe9, 0x61, 0x70, 0x80, 0x16, 0x70, 0x80, 0x59, 0x80, 0x0c, 0x68, 0x8e, 0x64, 0x6c, 0x83,
  0x00, 0x80, 0xb9, 0x8a, 0xbf, 0x69, 0x8d, 0x80, 0x2b, 0xc7, 0x80, 0xa6, 0x64, 0xda, 0x74, 0xca, 0x80, 0xeb, 0x68, 0xb9,
  0x80, 0xe5, 0x80, 0x57, 0x00, 0x80, 0xb9, 0x8a, 0xbf, 0x69, 0x8d, 0x80, 0x2b, 0xc7, 0x63, 0xab, 0x68, 0xc2, 0x00, 0x80,
  0xb9, 0x8a, 0xbf, 0x69, 0x8d, 0x80, 0x2b, 0xc7, 0x53, 0x50, 0x80, 0x6b, 0x9a, 0x80, 0xb0, 0x68, 0xb9, 0x80, 0xe5, 0x80,
  0x57, 0x00, 0x53, 0x63, 0xe1, 0xf0, 0x6c, 0x80, 0x20, 0x80, 0x1f, 0x80, 0x07, 0x44, 0x80, 0x31, 0x6b, 0x00, 0x80, 0x07,
  0x44, 0x80, 0x31, 0x80, 0x12, 0x8b, 0xa8, 0x80, 0x5c, 0x80, 0xbd, 0xa8, 0x65, 0x3a, 0x00, 0x73, 0x6b, 0x8a, 0x68, 0x80,
  0xd4, 0x80, 0xab, 0xa6, 0x73, 0xfc, 0x00, 0xa7, 0xf2, 0x80, 0x08, 0x80, 0xcf, 0x73, 0x80, 0xd4, 0xa2, 0xba, 0x80, 0x07,
  0x44, 0x80, 0x31, 0x6b, 0x00, 0x80, 0xe9, 0x80, 0x07, 0x44, 0x80, 0x31, 0x6b, 0xfd, 0x61, 0x70, 0x96, 0xfb, 0xbf, 0x79,
  0x00, 0xf2, 0xa6, 0x80, 0x75, 0x73, 0x6d, 0x8d, 0x6c, 0x00, 0xc6, 0x8a, 0x73, 0x75, 0x66, 0xaf, 0x63, 0x69, 0xd5, 0x6d,
  0xb7, 0x85, 0x79, 0x00, 0x80, 0xe9, 0x73, 0x75, 0x69, 0xf2, 0xaf, 0x6c, 0x80, 0x9f, 0x80, 0xc8, 0x80, 0xad, 0x64, 0x00,
  0x0a, 0x80, 0x97, 0x80, 0x2a, 0x81, 0x80, 0x27, 0xca, 0x73, 0x3a, 0x00, 0x0a, 0x95, 0x86, 0x80, 0x97, 0x80, 0x2a, 0x81,
  0x80, 0x27, 0xca, 0x73, 0x00, 0x0a, 0xc1, 0x65, 0xab, 0x80, 0xe5, 0x80, 0xf1, 0x80, 0x27, 0xca, 0x80, 0x18, 0x00, 0x0a,
  0x61, 0x66, 0x80, 0x9f, 0x80, 0x27, 0xca, 0x73, 0x3a, 0x00, 0x0a, 0x95, 0x86, 0xc1, 0x65, 0xab, 0x80, 0xe5, 0x80, 0xf1,
  0x80, 0x27, 0xca, 0x73, 0x00, 0x0a, 0x95, 0x86, 0x61, 0x66, 0x80, 0x9f, 0x80, 0x27, 0xca, 0x73, 0x00, 0x80, 0xb9, 0x8a,
  0xbf, 0x69, 0x8d, 0x80, 0x2b, 0xc7, 0x80, 0xa6, 0xea, 0x80, 0x3a, 0x80, 0xd4, 0xee, 0x9b, 0x68, 0xb9, 0x80, 0xe5, 0x80,
  0x57, 0x00, 0x28, 0x80, 0x74, 0x80, 0x2e, 0x73, 0xca, 0x29, 0x00, 0x80, 0x72, 0x28, 0x41, 0x80, 0xf5, 0x8c, 0x67, 0x89,
  0x65, 0x29, 0x00, 0x50, 0x90, 0x8d, 0x9d, 0x6c, 0x00, 0x53, 0x83, 0x69, 0x8d, 0x00, 0x41, 0x4c, 0x4c, 0x00, 0x4e, 0x80,
  0x8e, 0x45, 0x00, 0x28, 0x46, 0x41, 0x4c, 0x80, 0x45, 0x80, 0xd8, 0x00, 0x44, 0x59, 0x4e, 0xd6, 0x49, 0x43, 0x20, 0x48,
  0x41, 0x53, 0x48, 0x20, 0x4a, 0x4f, 0x80, 0x28, 0x20, 0x00, 0x28, 0x42, 0x75, 0xfb, 0x86, 0x4f, 0x75, 0xd0, 0x80, 0xd8,
  0x00, 0x44, 0x79, 0x80, 0xb2, 0xda, 0x20, 0x48, 0xb9, 0x80, 0xe5, 0x46, 0xfb, 0xd0, 0x80, 0x18, 0x00, 0x4d, 0x61, 0x78,
  0x80, 0x06, 0xb4, 0x20, 0xce, 0x80, 0x43, 0x73, 0x00, 0x28, 0x54, 0x52, 0x55, 0x45, 0x80, 0xd8, 0x00, 0x41, 0x63, 0x80,
  0x35, 0x87, 0x80, 0x41, 0x64, 0x81, 0x73, 0xfc, 0x2e, 0x00, 0x53, 0x63, 0xe1, 0xa8, 0xd2, 0x48, 0xb9, 0x80, 0xe5, 0x46,
  0xfb, 0xd0, 0x00, 0x80, 0xe1, 0xa1, 0x73, 0x80, 0xd1, 0x80, 0x53, 0x80, 0xcf, 0x73, 0x94, 0xa8, 0xc7, 0x67, 0x89, 0x65,
  0x77, 0x61, 0x97, 0xcc, 0x6d, 0x69, 0x67, 0x68, 0x82, 0xe0, 0x9e, 0xe1, 0x8a, 0xcf, 0x73, 0x80, 0x11, 0xd5, 0x99, 0x89,
  0xc2, 0x00, 0x47, 0x89, 0x65, 0x77, 0x61, 0x97, 0xea, 0xeb, 0x88, 0x99, 0xda, 0x80, 0x18, 0x25, 0x86, 0x80, 0xd0, 0x00,
  0x56, 0x54, 0x49, 0x20, 0x53, 0x43, 0x41, 0x4e, 0x00, 0x56, 0x49, 0x49, 0x20, 0xc8, 0x80, 0x33, 0x20, 0x4b, 0x65, 0x79,
  0x80, 0x18, 0x00, 0x56, 0x54, 0x49, 0x20, 0x46, 0xfb, 0xd0, 0x80, 0x18, 0x00, 0x56, 0x49, 0x49, 0x20, 0xc8, 0x80, 0x33,
  0x20, 0x46, 0xfb, 0xd0, 0x9c, 0x00, 0x28, 0x73, 0xbc, 0x70, 0x63, 0x6e, 0x74, 0x29, 0x00, 0x28, 0x6d, 0x80, 0x1a, 0x63,
  0x6e, 0x74, 0x29, 0x00, 0x80, 0x72, 0x28, 0x4b, 0x65, 0x79, 0x2d, 0x46, 0x69, 0x72, 0x99, 0x29, 0x00, 0x80, 0x72, 0x28,
  0x53, 0xb7, 0x69, 0x20, 0x4a, 0x6f, 0x8a, 0x29, 0x00, 0x80, 0x72, 0x28, 0x53, 0x6b, 0x69, 0x70, 0x20, 0x44, 0xe6, 0x80,
  0x60, 0x89, 0x65, 0x29, 0x00, 0x80, 0x72, 0x28, 0x46, 0x69, 0x72, 0x80, 0xfc, 0x80, 0xdb, 0x77, 0x29, 0x00, 0x4e, 0x45,
  0x53, 0x80, 0x10, 0x80, 0xc9, 0x80, 0x7b, 0x4f, 0x50, 0x20, 0x4a, 0x4f, 0x80, 0x28, 0x00, 0xc8, 0x80, 0x33, 0x20, 0x4b,
  0x65, 0x97, 0x46, 0xfb, 0xd0, 0x80, 0x18, 0x20, 0x00, 0x80, 0x28, 0x80, 0xdc, 0x58, 0x00, 0x41, 0x56, 0x4f, 0x49, 0x44,
  0x5f, 0x80, 0x28, 0x80, 0xdc, 0x58, 0x00, 0x46, 0x55, 0x4c, 0x4c, 0x00, 0x41, 0x56, 0x4f, 0x49, 0x44, 0x5f, 0x46, 0x55,
  0x4c, 0x4c, 0x00, 0x4f, 0x52, 0x80, 0xdc, 0x80, 0x5d, 0x44, 0x00, 0x55, 0x80, 0x45, 0x5f, 0x4e, 0x4c, 0x00, 0x41, 0x56,
  0x4f, 0x49, 0x44, 0x5f, 0x4e, 0x4c, 0x00, 0x55, 0x80, 0x45, 0x5f, 0x48, 0x41, 0x53, 0x48, 0x00, 0x41, 0x56, 0x4f, 0x49,
  0x44, 0x5f, 0x48, 0x41, 0x53, 0x48, 0x00, 0x46, 0x49, 0x52, 0x53, 0x54, 0x5f, 0x52, 0x4f, 0x57, 0x53, 0x00, 0x41, 0x4c,
  0x4c, 0x5f, 0x52, 0x4f, 0x57, 0x53, 0x00, 0x45, 0x58, 0x50, 0x4c, 0x41, 0x80, 0x28, 0x00, 0x55, 0x4e, 0x4b, 0x4e, 0x4f,
  0x57, 0x4e, 0x00, 0x80, 0x8a, 0x85, 0x00, 0x44, 0x49, 0x80, 0x5d, 0x43, 0x54, 0x49, 0x56, 0x45, 0x53, 0x20, 0x4f, 0x46,
  0x46, 0x00, 0x44, 0x49, 0x80, 0x5d, 0x43, 0x54, 0x49, 0x56, 0x45, 0x53, 0x20, 0x44, 0xdd, 0x41, 0x42, 0x80, 0xed, 0x44,
  0x00, 0x44, 0x49, 0x80, 0x5d, 0x43, 0x54, 0x49, 0x56, 0x45, 0x53, 0x20, 0x46, 0x4f, 0x4c, 0x80, 0x7b, 0x57, 0x45, 0x44,
  0x00, 0x44, 0x49, 0x80, 0x5d, 0x43, 0x54, 0x49, 0x56, 0x45, 0x53, 0x20, 0x4e, 0x4f, 0x80, 0x32, 0x46, 0x4f, 0x4c, 0x80,
  0x7b, 0x57, 0x45, 0x44, 0x00, 0x4d, 0xe4, 0x74, 0x69, 0x70, 0xa2, 0x80, 0xe8, 0xf8, 0xd2, 0xc6, 0x73, 0xfe, 0x80, 0x1d,
  0xf4, 0x73, 0xfe, 0x80, 0x57, 0x00, 0x80, 0x23, 0x54, 0x80, 0x29, 0x4e, 0xfe, 0x53, 0x70, 0xf1, 0xaf, 0xbe, 0x00, 0x80,
  0x23, 0xc8, 0x80, 0x33, 0x20, 0x4e, 0xfe, 0x53, 0x70, 0xf1, 0xaf, 0xbe, 0x00, 0xce, 0xa6, 0x80, 0xe8, 0x80, 0xc6, 0x80,
  0xe0, 0x80, 0x84, 0x9e, 0x80, 0x76, 0x97, 0x80, 0x22, 0x8c, 0x80, 0x41, 0x80, 0x98, 0x80, 0x57, 0x00, 0x44, 0x69, 0x80,
  0x9d, 0xf8, 0xd2, 0x72, 0x75, 0xa2, 0x80, 0xa4, 0x82, 0x8d, 0x80, 0x20, 0x80, 0xcf, 0x87, 0x70, 0x89, 0x68, 0x87, 0xc1,
  0x80, 0x57, 0x00, 0xac, 0x4f, 0x80, 0x97, 0x97, 0x41, 0x63, 0x80, 0x35, 0x87, 0x4d, 0x65, 0x8f, 0x6f, 0x86, 0x80, 0xe8,
  0xf8, 0xd2, 0xc1, 0x67, 0xf8, 0x80, 0x02, 0x80, 0x57, 0x00, 0xac, 0x80, 0x1f, 0x55, 0x80, 0x45, 0x5f, 0x4e, 0x80, 0x6b,
  0xc1, 0x2a, 0x8d, 0x6c, 0x2a, 0x20, 0x80, 0xf0, 0xf7, 0x00, 0xac, 0x80, 0x1f, 0x55, 0x80, 0x45, 0x5f, 0x4e, 0x80, 0x6b,
  0xc1, 0xaf, 0x72, 0x80, 0xfc, 0xf2, 0x80, 0x22, 0x4f, 0x52, 0x80, 0xdc, 0x80, 0x5d, 0x44, 0x2e, 0x00, 0x4f, 0x75, 0xd0,
  0x6a, 0x6f, 0x9e, 0x6e, 0x65, 0x99, 0xc7, 0x8b, 0x80, 0xa8, 0x89, 0x80, 0xd4, 0xa2, 0x80, 0x22, 0x4f, 0x52, 0x80, 0xdc,
  0x80, 0x5d, 0x44, 0x2e, 0x00, 0x48, 0xb9, 0x68, 0x2d, 0x4a, 0x6f, 0x9e, 0x80, 0xe0, 0x80, 0x2a, 0x63, 0x94, 0x77, 0x2f,
  0xa0, 0x65, 0xe5, 0x8d, 0x80, 0x79, 0x70, 0x8c, 0x64, 0xda, 0x80, 0x0c, 0x93, 0x80, 0x22, 0x80, 0x6f, 0x6d, 0x70, 0x9d,
  0x78, 0x20, 0x4f, 0x75, 0xd0, 0x6a, 0x6f, 0x8a, 0xf7, 0x00, 0x50, 0x9a, 0xe0, 0xe3, 0x74, 0x9b, 0xea, 0x73, 0x80, 0x9b,
  0xc1, 0x4f, 0x55, 0x80, 0x10, 0x80, 0x62, 0xf2, 0xc6, 0x4f, 0x75, 0xd0, 0x6a, 0x6f, 0x8a, 0x2e, 0x00, 0x4d, 0xe4, 0x74,
  0x69, 0x70, 0xa2, 0xe3, 0x74, 0x80, 0x06, 0x80, 0x2b, 0xef, 0x67, 0x6f, 0xdc, 0x80, 0xe8, 0xf8, 0x80, 0x40, 0x80, 0x42,
  0xbe, 0x00, 0x4f, 0x80, 0x6c, 0x80, 0x06, 0x80, 0x2b, 0xef, 0x67, 0x6f, 0xdc, 0x80, 0xe8, 0x80, 0xc6, 0xdf, 0x80, 0x47,
  0x80, 0x9b, 0x9e, 0x74, 0xe3, 0x2d, 0x9d, 0x76, 0x65, 0x80, 0x20, 0x80, 0x76, 0x80, 0x9c, 0x00, 0x4f, 0x80, 0x6c, 0x80,
  0x06, 0x80, 0x2b, 0xef, 0x67, 0x6f, 0xdc, 0x80, 0xe8, 0x80, 0xc6, 0x80, 0x9b, 0x9e, 0xaf, 0x72, 0x80, 0xfc, 0x80, 0x76,
  0x97, 0xc6, 0x55, 0x4e, 0x49, 0x80, 0x8e, 0x2e, 0x00, 0x4f, 0x80, 0x6c, 0x80, 0x06, 0x80, 0x2b, 0xef, 0x67, 0x6f, 0xdc,
  0x80, 0xe8, 0x80, 0xc6, 0x8b, 0x80, 0x9b, 0x8a, 0x73, 0x69, 0x64, 0x81, 0x56, 0x69, 0x65, 0x77, 0xf7, 0x00, 0x45, 0x78,
  0x70, 0x80, 0x54, 0x9e, 0x80, 0xe8, 0x80, 0xc6, 0xdf, 0x80, 0x47, 0x80, 0x9b, 0x9e, 0x74, 0xe3, 0x2d, 0x9d, 0x76, 0x65,
  0x80, 0x20, 0x80, 0x76, 0x80, 0x9c, 0x00, 0x45, 0x78, 0x70, 0x80, 0x54, 0x9e, 0x80, 0xe8, 0x80, 0xc6, 0xdf, 0x80, 0x47,
  0x80, 0x9b, 0x9e, 0xaf, 0x72, 0x80, 0xfc, 0x80, 0x76, 0x97, 0xc6, 0x55, 0x4e, 0x49, 0x80, 0x8e, 0x2e, 0x00, 0x45, 0x78,
  0x70, 0x80, 0x54, 0x9e, 0x80, 0xe8, 0x80, 0xc6, 0x8b, 0x80, 0x9b, 0x8a, 0x73, 0x69, 0x64, 0x81, 0x56, 0x69, 0x65, 0x77,
  0xf7, 0x00, 0x44, 0x69, 0x80, 0x9d, 0xf8, 0x80, 0x40, 0x80, 0x9b, 0x80, 0x22, 0x57, 0x48, 0x45, 0x80, 0x5d, 0x20, 0x43,
  0x55, 0x52, 0x80, 0x5d, 0x4e, 0x80, 0x32, 0x4f, 0x46, 0x20, 0x80, 0x61, 0x80, 0xee, 0x00, 0x4f, 0x52, 0x80, 0xdc, 0x80,
  0x5d, 0x80, 0xc9, 0x62, 0x6f, 0x8f, 0x20, 0x8a, 0x73, 0x69, 0x64, 0x81, 0x80, 0x3f, 0x6f, 0xee, 0x73, 0x69, 0x64, 0x81,
  0x56, 0x69, 0x80, 0xe3, 0x8b, 0x80, 0x42, 0xbe, 0x20, 0x00, 0x4a, 0x6f, 0x9e, 0x4d, 0x65, 0x8f, 0x6f, 0x86, 0x80, 0xe8,
  0x80, 0xc6, 0x80, 0xe0, 0x6f, 0x80, 0x97, 0x79, 0x94, 0x28, 0x80, 0xba, 0x80, 0x84, 0x52, 0x65, 0xb9, 0xdf, 0x29, 0x2e,
  0x20, 0x00, 0x4d, 0xe4, 0x74, 0x69, 0x70, 0xa2, 0x80, 0xe8, 0xf8, 0xd2, 0xc6, 0x73, 0xfe, 0x80, 0xff, 0x00, 0x4a, 0x6f,
  0x9e, 0x80, 0xe8, 0xf8, 0x80, 0x40, 0x80, 0xa8, 0x89, 0x80, 0xd4, 0xa2, 0x80, 0x22, 0x4f, 0x75, 0xd0, 0x6a, 0x6f, 0x9e,
  0x6e, 0x65, 0x99, 0x8a, 0x80, 0xc2, 0x00, 0x41, 0x63, 0x80, 0x35, 0x87, 0x4d, 0x65, 0x8f, 0x6f, 0x86, 0x80, 0xe8, 0xf8,
  0x80, 0x40, 0x80, 0x9b, 0xf4, 0x56, 0x69, 0x80, 0xe3, 0x93, 0x44, 0x83, 0xf8, 0x94, 0x54, 0x96, 0x80, 0x01, 0x00, 0x4a,
  0x6f, 0x9e, 0x4d, 0x65, 0x8f, 0x6f, 0x86, 0x80, 0xe8, 0xf8, 0x80, 0x40, 0x80, 0x9b, 0xf4, 0x56, 0x69, 0x80, 0xe3, 0x93,
  0x44, 0x83, 0xf8, 0x94, 0x54, 0x96, 0x80, 0x01, 0x00, 0x4a, 0x6f, 0x9e, 0x4d, 0x65, 0x8f, 0x6f, 0x86, 0x80, 0x3f, 0x4f,
  0x72, 0x64, 0x83, 0x94, 0x80, 0xe8, 0xf8, 0xd2, 0xcf, 0x66, 0x80, 0x60, 0x82, 0x93, 0x68, 0xb9, 0x80, 0xe5, 0x6a, 0x6f,
  0x9e, 0x80, 0xe0, 0x95, 0x80, 0x2a, 0x63, 0xbe, 0x00, 0x4f, 0x52, 0x80, 0xdc, 0x80, 0x5d, 0x80, 0xc9, 0x8a, 0x2f, 0x80,
  0x22, 0x56, 0x69, 0x80, 0xe3, 0x93, 0x53, 0x75, 0x62, 0x80, 0x76, 0x79, 0x00, 0x42, 0x55, 0x49, 0x4c, 0x44, 0x00, 0x50,
  0x52, 0x4f, 0x42, 0x45, 0x00, 0x53, 0xfe, 0x80, 0x63, 0x20, 0x80, 0x84, 0x6d, 0xe4, 0x74, 0x69, 0x70, 0xa2, 0x74, 0x80,
  0x06, 0xd2, 0xf4, 0x73, 0xfe, 0x80, 0x57, 0x00, 0x4f, 0x70, 0x82, 0x47, 0x6f, 0xdc, 0x80, 0xe8, 0x80, 0xc6, 0x8b, 0x80,
  0x9b, 0x9e, 0x55, 0x50, 0x44, 0x41, 0x80, 0x10, 0x2f, 0x80, 0xdc, 0x80, 0xed, 0x80, 0x10, 0x2e, 0x00, 0x44, 0x69, 0x80,
  0x9d, 0x80, 0xc6, 0x80, 0x68, 0x66, 0x6f, 0x6c, 0xaa, 0x77, 0x80, 0x5c, 0x97, 0x4f, 0x52, 0x80, 0xdc, 0x80, 0x5d, 0x80,
  0xc9, 0x9e, 0x70, 0x61, 0x8c, 0x6e, 0x82, 0x80, 0x76, 0x80, 0x9c, 0x00, 0x44, 0x69, 0x80, 0x9d, 0x80, 0xc6, 0x6f, 0x76,
  0xb3, 0x69, 0x64, 0xe2, 0x84, 0x62, 0x97, 0x73, 0x75, 0x62, 0x2d, 0x80, 0x76, 0x97, 0x66, 0x6c, 0x89, 0x74, 0x95, 0x8a,
  0x80, 0xc2, 0x00, 0x43, 0x4f, 0x4c, 0x80, 0xed, 0x43, 0x54, 0x49, 0x80, 0x8e, 0x20, 0x53, 0x43, 0x41, 0x4e, 0x00, 0x28,
  0x54, 0xb7, 0x70, 0x20, 0x54, 0x80, 0x29, 0x46, 0x93, 0x47, 0x9a, 0xe6, 0x20, 0x42, 0x79, 0x29, 0x00, 0x44, 0x69, 0x80,
  0x9d, 0x80, 0xc6, 0x80, 0x08, 0x80, 0xa8, 0x89, 0x80, 0xd4, 0xa2, 0x80, 0x22, 0x53, 0x4c, 0x56, 0x20, 0xa8, 0xeb, 0xc2,
  0x00, 0x53, 0xbf, 0x81, 0x44, 0x69, 0x80, 0x9d, 0x80, 0xc6, 0x8b, 0x80, 0xa8, 0x89, 0x80, 0xd4, 0xa2, 0x80, 0x22, 0x6f,
  0x8f, 0xa5, 0x80, 0xe8, 0xf8, 0x80, 0xaf, 0x00, 0x53, 0x49, 0x80, 0x10, 0x00, 0x41, 0x56, 0x4f, 0x49, 0x44, 0x5f, 0x53,
  0x49, 0x80, 0x10, 0x00, 0x53, 0x49, 0x80, 0x10, 0x20, 0x80, 0xe8, 0x80, 0xc6, 0x80, 0xe0, 0x73, 0x89, 0x80, 0x31, 0xaf,
  0x94, 0xf4, 0x52, 0xb7, 0x6f, 0x80, 0x98, 0x6f, 0xee, 0xa5, 0x80, 0x57, 0x00, 0x53, 0xbf, 0x81, 0x80, 0xe8, 0x80, 0xc6,
  0x8b, 0x80, 0xa8, 0x89, 0x80, 0xd4, 0xa2, 0x80, 0x22, 0x6f, 0x8f, 0xa5, 0x53, 0xbf, 0x81, 0x80, 0xe8, 0x80, 0xc6, 0x93,
  0x4c, 0x80, 0xa3, 0xdc, 0x80, 0x57, 0x00, 0x53, 0xbf, 0x81, 0x80, 0xe8, 0x80, 0xc6, 0x8b, 0x80, 0xa8, 0x89, 0x80, 0xd4,
  0xa2, 0x80, 0x22, 0x4a, 0x6f, 0x9e, 0x4d, 0x65, 0x8f, 0x6f, 0x86, 0x80, 0xe8, 0xf8, 0x65, 0x28, 0x73, 0x29, 0x2e, 0x00,
  0x55, 0x80, 0x45, 0x5f, 0x53, 0x55, 0x42, 0x51, 0x46, 0x00, 0x41, 0x56, 0x4f, 0x49, 0x44, 0x5f, 0x53, 0x55, 0x42, 0x51,
  0x46, 0x00, 0x43, 0xdf, 0x66, 0x80, 0x60, 0x74, 0xc7, 0x6d, 0xe4, 0x74, 0x69, 0x70, 0xa2, 0x73, 0x75, 0x62, 0x80, 0x76,
  0x97, 0x66, 0x6c, 0x89, 0x74, 0x95, 0xc7, 0x80, 0xe8, 0xf8, 0xd2, 0x80, 0x21, 0x80, 0x1a, 0x00, 0x53, 0x75, 0x80, 0xf3,
  0x83, 0x97, 0x66, 0x6c, 0x89, 0x74, 0x95, 0xc7, 0x80, 0xe8, 0xf8, 0xd2, 0x63, 0xe1, 0xe0, 0x80, 0x84, 0xdf, 0x80, 0x47,
  0xc1, 0x73, 0x75, 0x62, 0x80, 0x76, 0x69, 0xbd, 0x00, 0x80, 0x72, 0x28, 0x80, 0xba, 0x69, 0xe5, 0x65, 0x29, 0x00, 0x41,
  0x56, 0x4f, 0x49, 0x44, 0x5f, 0x45, 0x58, 0x45, 0x43, 0x55, 0x80, 0x10, 0x00, 0x45, 0x58, 0x50, 0x4c, 0x41, 0x80, 0x28,
  0x5f, 0x41, 0x4c, 0x4c, 0x00, 0xce, 0xa6, 0x80, 0xe8, 0x80, 0xc6, 0x80, 0xe0, 0x80, 0x84, 0x9e, 0x80, 0x76, 0x97, 0x80,
  0x22, 0x8e, 0x73, 0x69, 0x20, 0x6a, 0x6f, 0x8a, 0x2e, 0x00, 0x28, 0x41, 0x6c, 0x80, 0x20, 0x80, 0x80, 0x87, 0x80, 0xbe,
  0x97, 0xe0, 0x8c, 0x2d, 0xcf, 0x73, 0x69, 0x64, 0x83, 0x94, 0xc1, 0x66, 0xb0, 0x8f, 0xa5, 0xa4, 0x92, 0xee, 0x9b, 0xc6,
  0x73, 0xfe, 0x80, 0x76, 0x79, 0x80, 0x0b, 0x0a, 0x62, 0xb9, 0x94, 0xf4, 0x80, 0x13, 0xd2, 0xc6, 0x80, 0xc4, 0x80, 0xfc,
  0x80, 0xb3, 0x96, 0x9d, 0xf7, 0x29, 0x00, 0x28, 0x54, 0xb7, 0x70, 0x20, 0x54, 0x80, 0x29, 0x46, 0x93, 0x80, 0x6f, 0x80,
  0xc3, 0x80, 0x77, 0x53, 0x75, 0x62, 0x80, 0x76, 0x79, 0x29, 0x00, 0x45, 0x78, 0x80, 0xbb, 0x44, 0x69, 0x80, 0x9d, 0xf8,
  0xd2, 0x9e, 0x65, 0x66, 0x66, 0xb6, 0x2e, 0x00, 0x80, 0x5d, 0x4d, 0x4f, 0x56, 0x45, 0x20, 0x44, 0x55, 0x50, 0x4c, 0x49,
  0x43, 0x41, 0x80, 0x10, 0x53, 0x00, 0x52, 0xb7, 0x6f, 0x76, 0x81, 0x44, 0xe6, 0x80, 0x60, 0x89, 0xd2, 0x4b, 0x65, 0x79,
  0x80, 0x18, 0x00, 0xc8, 0x80, 0x33, 0x20, 0x53, 0x80, 0xfe, 0x66, 0x20, 0x4a, 0x6f, 0x9e, 0x4b, 0x65, 0x79, 0x73, 0x00,
  0x80, 0x72, 0x4c, 0x6f, 0x77, 0xa5, 0x62, 0x80, 0x81, 0x64, 0x9c, 0x00, 0x80, 0x72, 0x55, 0x70, 0x70, 0xa5, 0x62, 0x80,
  0x81, 0x64, 0x9c, 0x00, 0x80, 0x28, 0x80, 0xdc, 0x58, 0x5f, 0x53, 0x4a, 0x00, 0x41, 0x56, 0x4f, 0x49, 0x44, 0x5f, 0x80,
  0x28, 0x80, 0xdc, 0x58, 0x5f, 0x53, 0x4a, 0x00, 0x80, 0x23, 0x80, 0x63, 0x20, 0x80, 0x84, 0x9e, 0x80, 0x28, 0x80, 0xdc,
  0x58, 0x5f, 0x53, 0x4a, 0x80, 0xde, 0x41, 0x56, 0x4f, 0x49, 0x44, 0x5f, 0x80, 0x28, 0x80, 0xdc, 0x58, 0x5f, 0x53, 0x4a,
  0x20, 0x80, 0xe8, 0xf8, 0xc2, 0x00, 0x28, 0x46, 0x55, 0x4c, 0x80, 0x6b, 0x4f, 0x55, 0x80, 0x10, 0x80, 0x62, 0x4a, 0x4f,
  0x80, 0x28, 0x20, 0x50, 0x48, 0x41, 0x80, 0x45, 0x20, 0x31, 0x29, 0x00, 0x28, 0x46, 0x55, 0x4c, 0x80, 0x6b, 0x4f, 0x55,
  0x80, 0x10, 0x80, 0x62, 0x4a, 0x4f, 0x80, 0x28, 0x20, 0x50, 0x48, 0x41, 0x80, 0x45, 0x20, 0x32, 0x80, 0xd8, 0x00, 0x28,
  0x80, 0x80, 0x87, 0x6d, 0x69, 0x67, 0x68, 0x82, 0xe0, 0x80, 0xfe, 0x80, 0x06, 0x8a, 0x89, 0x94, 0x80, 0x93, 0x72, 0xb5,
  0x74, 0x80, 0x06, 0x81, 0x62, 0x80, 0xc7, 0xaf, 0x6c, 0x80, 0x9f, 0x80, 0x5a, 0x80, 0x6e, 0x87, 0x0a, 0x72, 0xb5, 0x74,
  0x80, 0x06, 0x81, 0xcf, 0x99, 0x8e, 0x74, 0x73, 0x29, 0x00, 0x80, 0x8e, 0x2d, 0x46, 0xfb, 0xd0, 0x73, 0x3a, 0x00, 0x50,
  0x6f, 0x99, 0x4a, 0x6f, 0x8a, 0x2d, 0x46, 0xfb, 0xd0, 0x73, 0x3a, 0x00, 0x28, 0x80, 0xed, 0x46, 0x80, 0x32, 0x4f, 0x55,
  0x80, 0x10, 0x80, 0x62, 0x4a, 0x4f, 0x80, 0x28, 0x29, 0x00, 0x80, 0x72, 0x28, 0x4b, 0x65, 0x79, 0x2d, 0x53, 0x74, 0x90,
  0x74, 0x29, 0x00, 0x53, 0x83, 0x80, 0xb8, 0x8c, 0x80, 0x5f, 0xf8, 0x94, 0xe1, 0x8a, 0x80, 0x00, 0xe9, 0x80, 0xbf, 0xa5,
  0xc1, 0x80, 0x78, 0x89, 0xc7, 0xa1, 0x8c, 0x80, 0x41, 0x80, 0x98, 0x80, 0x03, 0x80, 0xb8, 0x95, 0x64, 0x80, 0x52, 0x8a,
  0x80, 0xb6, 0x00, 0x49, 0x80, 0x10, 0x52, 0x41, 0x54, 0x4f, 0x80, 0x62, 0x53, 0x43, 0x41, 0x4e, 0x00, 0x28, 0x46, 0x55,
  0x4c, 0x80, 0x6b, 0x4f, 0x55, 0x80, 0x10, 0x80, 0x62, 0x4a, 0x4f, 0x80, 0x28, 0x29, 0x00, 0x53, 0x54, 0x41, 0x54, 0xdd,
  0x54, 0x49, 0x43, 0x53, 0x00, 0x80, 0x5d, 0x4d, 0x4f, 0x80, 0x10, 0x20, 0x80, 0x45, 0x53, 0x53, 0x49, 0x80, 0x8e, 0x20,
  0x49, 0x80, 0xc9, 0x46, 0x4f, 0x80, 0x62, 0xa3, 0x00, 0x51, 0x55, 0x45, 0x52, 0x59, 0x9c, 0x28, 0x4f, 0x50, 0x54, 0x49,
  0x4d, 0x49, 0x5a, 0x41, 0x54, 0x49, 0x80, 0x8e, 0x20, 0x54, 0x49, 0x4d, 0x45, 0x53, 0x54, 0xd6, 0x50, 0x9c, 0xad, 0x00,
  0x28, 0x54, 0xb7, 0x70, 0x20, 0x54, 0x80, 0x29, 0x46, 0x93, 0x53, 0x75, 0x62, 0x80, 0x76, 0x79, 0x29, 0x00, 0x43, 0xdf,
  0x6e, 0x80, 0x8b, 0x62, 0x97, 0x51, 0x75, 0x83, 0x97, 0x52, 0x65, 0x77, 0x72, 0xbf, 0x65, 0x3a, 0x00, 0xc8, 0x80, 0x33,
  0x20, 0x4e, 0xbc, 0x65, 0x9c, 0x00, 0x46, 0x72, 0x80, 0x30, 0xcd, 0x87, 0x53, 0x63, 0x8e, 0x6e, 0x80, 0x1a, 0x9c, 0x00,
  0x4d, 0x55, 0x4c, 0x54, 0x49, 0x20, 0x80, 0x28, 0x80, 0xdc, 0x58, 0x20, 0x50, 0x41, 0x54, 0x48, 0x20, 0x28, 0x53, 0x4b,
  0x49, 0x50, 0x20, 0x53, 0x43, 0x41, 0x4e, 0x29, 0x00, 0x80, 0x28, 0x80, 0xdc, 0x58, 0x20, 0x50, 0x41, 0x54, 0x48, 0x20,
  0x28, 0x53, 0x4b, 0x49, 0x50, 0x20, 0x53, 0x43, 0x41, 0x4e, 0x29, 0x00, 0x80, 0x28, 0x80, 0xdc, 0x58, 0x5f, 0x41, 0x4c,
  0x4c, 0x00, 0x4d, 0x55, 0x4c, 0x54, 0x49, 0x5f, 0x80, 0x28, 0x80, 0xdc, 0x58, 0x00, 0x41, 0x56, 0x4f, 0x49, 0x44, 0x5f,
  0x4d, 0x55, 0x4c, 0x54, 0x49, 0x5f, 0x80, 0x28, 0x80, 0xdc, 0x58, 0x00, 0x80, 0x23, 0x80, 0x63, 0x20, 0x80, 0x84, 0x9e,
  0x80, 0x28, 0x80, 0xdc, 0x58, 0x5f, 0x41, 0x4c, 0x80, 0x6b, 0x93, 0x4d, 0x55, 0x4c, 0x54, 0x49, 0x5f, 0x80, 0x28, 0x80,
  0xdc, 0x58, 0x80, 0xde, 0x41, 0x56, 0x4f, 0x49, 0x44, 0x5f, 0x4d, 0x55, 0x4c, 0x54, 0x49, 0x5f, 0x80, 0x28, 0x80, 0xdc,
  0x58, 0x0a, 0x80, 0xe8, 0xf8, 0xc2, 0x00, 0x49, 0x84, 0xa1, 0x4d, 0x45, 0x52, 0x47, 0x45, 0x20, 0x80, 0x61, 0xcd, 0x80,
  0x0b, 0xa7, 0x74, 0x80, 0x96, 0x65, 0x82, 0xf2, 0x80, 0xe0, 0xa7, 0x8a, 0x6e, 0xa5, 0xf2, 0xc6, 0xa1, 0x6e, 0x65, 0x99,
  0x80, 0x1a, 0x0a, 0xaa, 0xe3, 0x20, 0x6a, 0x6f, 0x8a, 0x2e, 0x00, 0xc8, 0x80, 0x33, 0x20, 0x4b, 0x65, 0x79, 0x87, 0x28,
  0x44, 0xfc, 0xab, 0x68, 0x80, 0x1a, 0x29, 0x9c, 0x00, 0x50, 0x80, 0x5d, 0x44, 0x5f, 0x4f, 0x52, 0x80, 0xdc, 0x80, 0x5d,
  0x44, 0x00, 0xc8, 0x80, 0x33, 0x20, 0x50, 0xa8, 0x80, 0xe5, 0x44, 0x6f, 0x77, 0x84, 0x4b, 0x65, 0x79, 0x9c, 0x00, 0x42,
  0x80, 0xab, 0x56, 0xb6, 0x93, 0x50, 0xa8, 0x80, 0xe5, 0x44, 0x6f, 0x77, 0x84, 0x4b, 0x65, 0x79, 0x9c, 0x00, 0x42, 0x80,
  0xab, 0x56, 0xb6, 0x93, 0x46, 0xfb, 0xd0, 0x9c, 0x00, 0x99, 0x8c, 0xbc, 0x20, 0x80, 0xcc, 0x00, 0x53, 0x54, 0x41, 0x52,
  0x5f, 0x4a, 0x4f, 0x80, 0x28, 0x00, 0x41, 0x56, 0x4f, 0x49, 0x44, 0x5f, 0x53, 0x54, 0x41, 0x52, 0x5f, 0x4a, 0x4f, 0x80,
  0x28, 0x00, 0x4d, 0xe4, 0x74, 0x69, 0x70, 0xa2, 0x99, 0x90, 0x20, 0x6a, 0x6f, 0x9e, 0x80, 0xe8, 0xf8, 0xd2, 0x80, 0x7c,
  0xbe, 0x00, 0x4a, 0x6f, 0x9e, 0x6d, 0x65, 0x8f, 0x6f, 0x86, 0x93, 0x6a, 0x6f, 0x9e, 0x85, 0x64, 0xa5, 0x80, 0xe8, 0x80,
  0xc6, 0xcf, 0x66, 0x80, 0x60, 0x74, 0x87, 0x80, 0x22, 0x99, 0x90, 0x20, 0x6a, 0x6f, 0x9e, 0x80, 0xe8, 0xf8, 0xc2, 0x00,
  0x46, 0x41, 0x43, 0x54, 0x00, 0x41, 0x56, 0x4f, 0x49, 0x44, 0x5f, 0x46, 0x41, 0x43, 0x54, 0x00, 0xd7, 0x80, 0x2f, 0xdc,
  0x98, 0x80, 0xfc, 0x80, 0xb7, 0x70, 0x6c, 0xe1, 0xa6, 0x8c, 0x64, 0x75, 0x63, 0x80, 0x5c, 0x80, 0xc7, 0x80, 0xb7, 0x46,
  0x49, 0x52, 0x53, 0x80, 0x32, 0x84, 0x80, 0x21, 0x63, 0xef, 0x8a, 0x0a, 0xa7, 0x80, 0x76, 0x80, 0x9c, 0x00, 0x55, 0x80,
  0x45, 0x5f, 0x50, 0x41, 0x52, 0x54, 0x49, 0x54, 0x49, 0x80, 0x8e, 0x00, 0x41, 0x56, 0x4f, 0x49, 0x44, 0x5f, 0x50, 0x41,
  0x52, 0x54, 0x49, 0x54, 0x49, 0x80, 0x8e, 0x00, 0x80, 0x23, 0x54, 0x80, 0x29, 0x50, 0x90, 0x74, 0x6e, 0xb4, 0x20, 0x53,
  0x70, 0xf1, 0xaf, 0xbe, 0x00, 0x80, 0x72, 0x28, 0x41, 0x6e, 0x74, 0x69, 0x20, 0x53, 0xb7, 0x69, 0x20, 0x4a, 0x6f, 0x8a,
  0x29, 0x00, 0x41, 0x56, 0x4f, 0x49, 0x44, 0x5f, 0x53, 0x54, 0x4d, 0x54, 0x5f, 0x43, 0x41, 0x43, 0x48, 0x45, 0x00, 0x45,
  0x6e, 0xd0, 0x70, 0x72, 0x80, 0x31, 0x81, 0x52, 0x65, 0x70, 0x80, 0x60, 0xef, 0x80, 0x08, 0x9e, 0x80, 0x27, 0x80, 0xc6,
  0x99, 0x89, 0x65, 0x00, 0x54, 0x80, 0x29, 0x80, 0x08, 0x9e, 0x45, 0x6e, 0xd0, 0x70, 0x72, 0x80, 0x31, 0x81, 0x52, 0x65,
  0x70, 0x80, 0x60, 0xef, 0x8d, 0x80, 0x9f, 0x80, 0x41, 0xe2, 0x00, 0xac, 0x80, 0x67, 0x80, 0x4a, 0x20, 0x8a, 0x80, 0x03,
  0x74, 0x2f, 0xe2, 0x9d, 0x74, 0x65, 0x2f, 0xe6, 0xc3, 0x81, 0x80, 0x8f, 0x89, 0xca, 0x87, 0xf4, 0xa1, 0x8c, 0x70, 0x80,
  0x60, 0x89, 0x94, 0xf2, 0x80, 0x82, 0x80, 0xd9, 0x8f, 0x65, 0x0a, 0xf2, 0xa6, 0x9e, 0x8d, 0x80, 0x9f, 0x80, 0x41, 0xe2,
  0x00, 0xac, 0x80, 0x41, 0xea, 0x80, 0xca, 0xa1, 0x8c, 0x70, 0x80, 0x60, 0x89, 0x94, 0x80, 0x8c, 0x00, 0xac, 0x80, 0x65,
  0x20, 0xa1, 0x8c, 0x70, 0x80, 0x60, 0x89, 0x94, 0x80, 0x89, 0x80, 0x82, 0x80, 0xd9, 0xa7, 0x80, 0x89, 0xa6, 0x80, 0x50,
  0x82, 0xc6, 0x8c, 0x70, 0x80, 0x60, 0x80, 0x0c, 0x80, 0x7c, 0xbf, 0xca, 0x00, 0x45, 0x6e, 0xd0, 0x70, 0x72, 0x80, 0x31,
  0x81, 0x52, 0x65, 0x70, 0x80, 0x60, 0xef, 0xb3, 0x93, 0x95, 0x98, 0xb5, 0xd0, 0x94, 0x80, 0x82, 0x80, 0xd9, 0x73, 0xfc,
  0x74, 0xc7, 0x8d, 0x80, 0x9f, 0x80, 0x41, 0x64, 0xc2, 0x20, 0x53, 0x65, 0x81, 0x6d, 0xbd, 0x73, 0xeb, 0x65, 0x0a, 0xaa,
  0xb2, 0x80, 0x4b, 0xba, 0x67, 0x65, 0x82, 0xa7, 0x45, 0x6e, 0xd0, 0x70, 0x72, 0x80, 0x31, 0x81, 0x52, 0x65, 0x70, 0x80,
  0x60, 0xef, 0xb3, 0x93, 0x98, 0xe2, 0x00, 0x45, 0x6e, 0xd0, 0x70, 0x72, 0x80, 0x31, 0x81, 0x52, 0x65, 0x70, 0x80, 0x60,
  0xef, 0xb3, 0x93, 0x95, 0x98, 0xb5, 0xd0, 0x94, 0x80, 0x82, 0x80, 0xd9, 0xb5, 0x73, 0xfc, 0x74, 0xc7, 0x8d, 0x80, 0x9f,
  0x80, 0x41, 0x64, 0xc2, 0x20, 0x53, 0x65, 0x81, 0x6d, 0xbd, 0x73, 0xeb, 0x65, 0x0a, 0x20, 0xaa, 0xb2, 0x80, 0x4b, 0xba,
  0x67, 0x65, 0x82, 0xa7, 0x45, 0x6e, 0xd0, 0x70, 0x72, 0x80, 0x31, 0x81, 0x52, 0x65, 0x70, 0x80, 0x60, 0xef, 0xb3, 0x93,
  0x98, 0xe2, 0x00, 0xac, 0x8d, 0x80, 0x9f, 0xf2, 0x80, 0x1d, 0xba, 0x53, 0x54, 0x41, 0x4e, 0x44, 0x41, 0x52, 0x44, 0x80,
  0x0b, 0x80, 0x26, 0xfb, 0x94, 0xba, 0x77, 0x72, 0xbf, 0x81, 0xa1, 0xaa, 0xb2, 0x8c, 0x80, 0x95, 0xa9, 0x00, 0x57, 0x90,
  0x6e, 0x8a, 0x67, 0x3a, 0x50, 0x72, 0xf8, 0x80, 0x4e, 0xc5, 0x8b, 0x8c, 0x76, 0x6f, 0x6b, 0xbe, 0x00, 0x57, 0x90, 0x6e,
  0x8a, 0x67, 0x3a, 0x80, 0xe1, 0xa1, 0x80, 0x6f, 0x6d, 0x6d, 0x80, 0xab, 0xa6, 0xa1, 0x80, 0x2e, 0xe4, 0x82, 0xc6, 0xe1,
  0xb5, 0x68, 0x8e, 0x64, 0x6c, 0x94, 0x80, 0xea, 0x80, 0x6c, 0x9b, 0x9e, 0x54, 0x58, 0x4e, 0x20, 0x50, 0x52, 0x4f, 0x43,
  0x2f, 0x46, 0x55, 0x4e, 0x43, 0x2f, 0x54, 0x52, 0x49, 0x00, 0x55, 0x55, 0x49, 0x80, 0xc9, 0x43, 0xab, 0x68, 0x81, 0x80,
  0x95, 0x72, 0xe6, 0x74, 0x80, 0x1a, 0x2f, 0x8b, 0x8a, 0xbf, 0x69, 0x8d, 0x80, 0x2b, 0xbe, 0x00, 0xd7, 0x80, 0x84, 0x80,
  0x03, 0x80, 0x1c, 0x80, 0x46, 0xcc, 0x80, 0x08, 0x9e, 0x53, 0x59, 0x53, 0x80, 0x45, 0x52, 0x56, 0x45, 0x52, 0x53, 0x2e,
  0x00, 0x80, 0xb9, 0x8c, 0x80, 0x5f, 0xf8, 0xc7, 0xa7, 0x55, 0x55, 0x49, 0x80, 0xc9, 0x80, 0xcc, 0x8c, 0x80, 0x41, 0x80,
  0x98, 0x80, 0x03, 0x80, 0xb8, 0x80, 0x25, 0x00, 0x55, 0x55, 0x49, 0x44, 0xfd, 0xab, 0x68, 0x81, 0x8b, 0x8a, 0xbf, 0x69,
  0x8d, 0x80, 0x2b, 0xbe, 0x00, 0x41, 0x74, 0x80, 0x8d, 0x70, 0x82, 0xba, 0x8a, 0x80, 0x1b, 0x6d, 0xcd, 0x2f, 0x64, 0x92,
  0x8c, 0x6d, 0xd5, 0xa7, 0x80, 0xf6, 0x95, 0x80, 0x53, 0x98, 0xb5, 0x82, 0xf4, 0xa1, 0x8c, 0x80, 0x41, 0x80, 0x98, 0x73,
  0xe7, 0x74, 0x62, 0x80, 0xda, 0x2e, 0x00, 0x80, 0x23, 0x55, 0x55, 0x49, 0x44, 0x2e, 0x20, 0x53, 0x83, 0x80, 0xb8, 0x80,
  0x46, 0x80, 0x95, 0x8c, 0xc9, 0xdf, 0x64, 0xc7, 0xba, 0xa7, 0x55, 0x55, 0x49, 0x44, 0xfd, 0x9f, 0xe0, 0x80, 0x78, 0x89,
  0xbe, 0x00, 0x41, 0x74, 0x80, 0x8d, 0x70, 0x82, 0xba, 0xe2, 0x9d, 0x80, 0x98, 0x53, 0x83, 0x80, 0x1c, 0x55, 0x75, 0xe9,
  0xcd, 0x72, 0x97, 0xc1, 0xa7, 0x80, 0x78, 0xdc, 0x80, 0x03, 0x80, 0x1c, 0x2e, 0x00, 0x41, 0x74, 0x80, 0x8d, 0x70, 0x82,
  0xba, 0x8d, 0x80, 0x9f, 0x53, 0x83, 0x80, 0x1c, 0x55, 0x75, 0xe9, 0xcd, 0x72, 0x97, 0xc1, 0x80, 0x78, 0xdc, 0x80, 0x03,
  0x80, 0x1c, 0x2e, 0x00, 0x80, 0xba, 0x80, 0x29, 0xba, 0x80, 0x2f, 0x86, 0x80, 0x03, 0x80, 0x1c, 0x80, 0x46, 0x80, 0xcc,
  0x55, 0x55, 0x49, 0x44, 0x2e, 0x00, 0x53, 0x83, 0x80, 0xb8, 0x8c, 0x80, 0x5f, 0xf8, 0x94, 0xe1, 0x8a, 0x80, 0x00, 0xe9,
  0x80, 0xbf, 0xa5, 0xc1, 0x80, 0x78, 0x89, 0xc7, 0xa1, 0x8c, 0x80, 0x41, 0x80, 0x98, 0x80, 0x03, 0x80, 0xb8, 0x95, 0x64,
  0x80, 0x52, 0x8a, 0x80, 0xb6, 0x00, 0x80, 0x23, 0x9a, 0x80, 0xb0, 0x80, 0x3a, 0x75, 0xed, 0xb0, 0x81, 0x9e, 0x80, 0x03,
  0x80, 0xb8, 0xba, 0x80, 0x03, 0x80, 0xb8, 0x80, 0x26, 0x99, 0x70, 0x89, 0x68, 0xfd, 0x8d, 0x6c, 0x2e, 0x00, 0x80, 0x66,
  0x6d, 0x85, 0x81, 0x8f, 0xe1, 0x33, 0x20, 0x80, 0xf2, 0xb6, 0xca, 0x87, 0x63, 0xe1, 0xe0, 0x8a, 0x76, 0x6f, 0x6c, 0x76,
  0x94, 0x80, 0xd6, 0x73, 0x8a, 0x67, 0xa2, 0x80, 0x26, 0x99, 0x70, 0x89, 0x68, 0xfd, 0x8d, 0x6c, 0x2e, 0x20, 0x00, 0x80,
  0xdb, 0x80, 0xb0, 0xcc, 0x80, 0xe0, 0x63, 0x8d, 0x6c, 0x94, 0x80, 0xcc, 0xa1, 0x8c, 0x80, 0x41, 0x80, 0x98, 0x80, 0x03,
  0x80, 0x1c, 0x2e, 0x20, 0x00, 0x41, 0x74, 0x80, 0x8d, 0x80, 0x6c, 0xc7, 0xba, 0x72, 0x75, 0x84, 0xa1, 0x63, 0x9a, 0x73,
  0x87, 0x80, 0x03, 0x80, 0xb8, 0x9a, 0x80, 0xb0, 0xcc, 0x9e, 0x80, 0x50, 0x8d, 0x9d, 0x6c, 0x2e, 0x00, 0xac, 0x8a, 0x80,
  0x03, 0x82, 0x93, 0xe6, 0xc3, 0x81, 0x80, 0xcc, 0xa1, 0x88, 0x84, 0xaa, 0x80, 0xf5, 0xc7, 0x80, 0xa2, 0xba, 0xa1, 0xaa,
  0x80, 0xf5, 0xc7, 0x80, 0x3e, 0xc2, 0x00, 0x80, 0x23, 0x80, 0x37, 0x62, 0x8a, 0xef, 0xc6, 0x80, 0x41, 0xea, 0xaf, 0x83,
  0x87, 0x44, 0xdd, 0x54, 0x52, 0x49, 0x42, 0x55, 0x80, 0x10, 0x42, 0x80, 0x28, 0x41, 0x52, 0x59, 0x20, 0x80, 0x3f, 0x80,
  0x25, 0x00, 0x80, 0x23, 0x80, 0x37, 0x62, 0x8a, 0xef, 0xc6, 0x80, 0x41, 0xea, 0xaf, 0x83, 0x87, 0xdd, 0x43, 0x41, 0x4e,
  0x80, 0x8e, 0x49, 0x43, 0x41, 0x80, 0x6b, 0x80, 0x3f, 0x44, 0x80, 0x8e, 0x4f, 0x54, 0x44, 0xdd, 0x54, 0x52, 0x49, 0x42,
  0x55, 0x80, 0x10, 0x2e, 0x00, 0x80, 0x23, 0x80, 0x37, 0x62, 0x8a, 0xef, 0xc6, 0x80, 0x41, 0xea, 0xaf, 0x83, 0x87, 0x44,
  0x80, 0x8e, 0x4f, 0x54, 0x44, 0xdd, 0x54, 0x52, 0x49, 0x42, 0x55, 0x80, 0x10, 0x20, 0x80, 0x3f, 0x44, 0xdd, 0x54, 0x52,
  0x49, 0x42, 0x55, 0x80, 0x10, 0x53, 0x80, 0x5d, 0x46, 0x45, 0x80, 0x5d, 0x4e, 0x43, 0x45, 0x53, 0x2e, 0x00, 0x80, 0xc5,
  0x80, 0x41, 0xea, 0xaf, 0xa5, 0x80, 0xbe, 0x97, 0x8b, 0x61, 0x70, 0x70, 0x65, 0x90, 0x20, 0x6d, 0x85, 0x81, 0x8f, 0xe1,
  0xdf, 0x80, 0x53, 0x9e, 0xe1, 0x41, 0x4c, 0x80, 0x10, 0x80, 0x62, 0x80, 0x61, 0x80, 0xee, 0x00, 0x4d, 0x61, 0x97, 0x8b,
  0x80, 0x41, 0xea, 0x80, 0xca, 0x80, 0xf3, 0xfb, 0x82, 0x9e, 0x80, 0x1d, 0x80, 0x25, 0x00, 0x41, 0x74, 0x80, 0x8d, 0x70,
  0x82, 0xba, 0xd8, 0x86, 0x64, 0xe6, 0x80, 0x60, 0x80, 0x0c, 0x80, 0x41, 0xea, 0xaf, 0xa5, 0x80, 0x25, 0x00, 0x41, 0x74,
  0x80, 0x8d, 0x70, 0x82, 0xba, 0x80, 0x65, 0x20, 0x80, 0xb1, 0x2d, 0x80, 0x5b, 0xd5, 0x80, 0x41, 0xea, 0xaf, 0xa5, 0x80,
  0x25, 0x00, 0x4d, 0x6f, 0xea, 0xaf, 0xa5, 0xcc, 0xa6, 0x8a, 0x80, 0xa8, 0x89, 0x80, 0xd4, 0xa2, 0x80, 0x22, 0x53, 0x52,
  0x56, 0x80, 0x45, 0x4e, 0x44, 0x80, 0x5d, 0x43, 0x56, 0x2f, 0x80, 0xb4, 0x80, 0x45, 0x4e, 0x44, 0x80, 0x5d, 0x43, 0x56,
  0xfd, 0x61, 0x99, 0x2e, 0x00, 0x54, 0xc4, 0x81, 0xcc, 0x80, 0x08, 0xa7, 0x73, 0xfe, 0x80, 0x3c, 0x80, 0x78, 0xdc, 0x80,
  0x3f, 0x8c, 0x80, 0x41, 0x80, 0x98, 0x80, 0x3e, 0xc2, 0x00, 0x54, 0xc4, 0x81, 0xcc, 0x80, 0xbe, 0x97, 0x8b, 0xe0, 0xa8,
  0x94, 0x80, 0xd6, 0xea, 0x80, 0x3a, 0x80, 0xd4, 0xee, 0x94, 0x80, 0x76, 0x97, 0x28, 0x44, 0x80, 0x8e, 0x4f, 0x54, 0x44,
  0xdd, 0x54, 0x52, 0x49, 0x42, 0x55, 0x80, 0x10, 0x29, 0x2e, 0x00, 0x80, 0xb9, 0xe3, 0x95, 0xc7, 0xa7, 0x8c, 0x80, 0x41,
  0x80, 0x98, 0xaf, 0x9d, 0x9c, 0x80, 0xd0, 0x00, 0x80, 0xb9, 0x63, 0xaa, 0x73, 0xc7, 0xa7, 0x8c, 0x80, 0x41, 0x80, 0x98,
  0xaf, 0x80, 0x01, 0x00, 0x80, 0xb9, 0x80, 0x43, 0xc7, 0x80, 0xcc, 0xa7, 0x8c, 0x80, 0x41, 0x80, 0x98, 0xaf, 0x80, 0x01,
  0x00, 0x46, 0x80, 0xd9, 0x64, 0xbd, 0x63, 0x80, 0x59, 0x80, 0x6c, 0x93, 0xa6, 0x8a, 0xb1, 0x69, 0xa9, 0x00, 0x80, 0xb9,
  0x77, 0x72, 0xbf, 0xc7, 0xba, 0xa7, 0x8c, 0x80, 0x41, 0x80, 0x98, 0xaf, 0x80, 0x01, 0x00, 0xd7, 0xa4, 0x74, 0x95, 0x64,
  0x94, 0x80, 0x1d, 0xcc, 0x80, 0x56, 0x8b, 0x80, 0x97, 0x80, 0x02, 0x80, 0x7c, 0x94, 0x80, 0x3c, 0x80, 0x78, 0xdc, 0x80,
  0x3e, 0xc2, 0x00, 0xd7, 0x80, 0x89, 0x80, 0x7c, 0x80, 0xe2, 0xc1, 0xcc, 0x80, 0x49, 0x80, 0xdf, 0x80, 0x91, 0xa7, 0x80,
  0x78, 0xdc, 0x80, 0x7c, 0xbf, 0x80, 0x17, 0x00, 0x41, 0x63, 0x80, 0x35, 0x87, 0xba, 0x8c, 0x80, 0x41, 0x80, 0x98, 0x80,
  0xf4, 0x44, 0x65, 0x80, 0x2f, 0x94, 0x54, 0xc4, 0xd2, 0x9e, 0x80, 0xa5, 0x80, 0x1c, 0x80, 0x6a, 0x80, 0x08, 0x80, 0x42,
  0xbe, 0x00, 0xd7, 0x80, 0x89, 0x80, 0x1d, 0xc1, 0xcc, 0x80, 0x49, 0x80, 0xdf, 0x80, 0x91, 0x80, 0x22, 0xa7, 0x80, 0x78,
  0xdc, 0x80, 0x7c, 0xbf, 0x80, 0x17, 0x00, 0x55, 0x55, 0x49, 0x80, 0xc9, 0x80, 0x68, 0x80, 0x5b, 0x87, 0xc1, 0x80, 0x25,
  0x00, 0x55, 0x55, 0x49, 0x80, 0xc9, 0x80, 0x49, 0xa4, 0x80, 0x31, 0x82, 0xc1, 0x80, 0x25, 0x00, 0x44, 0xa0, 0x8b, 0x80,
  0xd7, 0x80, 0x67, 0x6d, 0x80, 0x31, 0x73, 0xca, 0x87, 0xba, 0xa4, 0x92, 0xee, 0x81, 0xa7, 0x80, 0x65, 0x20, 0x80, 0x03,
  0x80, 0x1c, 0x75, 0x75, 0xe9, 0x80, 0x61, 0x80, 0xee, 0x00, 0xc8, 0x80, 0x95, 0x8c, 0x63, 0x82, 0x80, 0x03, 0x80, 0xb8,
  0x93, 0x80, 0x38, 0x73, 0x93, 0x80, 0x46, 0x80, 0x4a, 0x89, 0x2e, 0x00, 0x43, 0x6c, 0x75, 0x99, 0xa5, 0xc8, 0x80, 0x33,
  0xd2, 0x80, 0xe0, 0x80, 0xb5, 0x94, 0x9e, 0xe1, 0xdf, 0x6c, 0x80, 0x44, 0x95, 0x80, 0xa7, 0x9a, 0x6e, 0x6d, 0x80, 0xee,
  0x00, 0xc8, 0x80, 0x33, 0xfd, 0xe1, 0xe0, 0x80, 0xb5, 0x94, 0xdf, 0x6c, 0x80, 0x44, 0xdf, 0x80, 0x47, 0xc1, 0x62, 0x74,
  0x8c, 0x81, 0x73, 0x92, 0xdf, 0x64, 0x80, 0xeb, 0x80, 0xcf, 0x87, 0x6d, 0x65, 0x8f, 0x6f, 0xa9, 0x00, 0xac, 0x80, 0x9e,
  0xa4, 0x80, 0xbb, 0x9a, 0x80, 0xb0, 0xcc, 0xfa, 0x80, 0xa4, 0x82, 0xa7, 0x45, 0x58, 0x80, 0x10, 0x4e, 0x80, 0xc9, 0x9a,
  0x80, 0x01, 0x00, 0x4f, 0x6e, 0x80, 0x47, 0x80, 0xb4, 0x53, 0x41, 0xfd, 0xe1, 0x67, 0x80, 0x04, 0x74, 0x2f, 0x8c, 0x76,
  0x6f, 0x6b, 0x81, 0x80, 0x67, 0x6d, 0x80, 0x31, 0x73, 0xca, 0x87, 0xc1, 0xa7, 0x45, 0x58, 0x80, 0x10, 0x4e, 0x80, 0xc9,
  0x9a, 0x80, 0x01, 0x00, 0x44, 0x80, 0x58, 0x20, 0x45, 0x58, 0x80, 0x10, 0x4e, 0x80, 0xc9, 0x9a, 0xa2, 0x80, 0x82, 0x80,
  0xd9, 0xcf, 0x80, 0x1c, 0x74, 0xc7, 0xba, 0x31, 0x30, 0x2e, 0x30, 0x30, 0x2e, 0x00, 0xac, 0xb5, 0xaa, 0x80, 0x73, 0x93,
  0x8c, 0xaa, 0x80, 0x73, 0x80, 0x41, 0x64, 0x75, 0xa2, 0xfa, 0x80, 0xa4, 0x82, 0xa7, 0x45, 0x58, 0x80, 0x10, 0x4e, 0x80,
  0xc9, 0x9a, 0x80, 0x01, 0x00, 0xd7, 0x80, 0x4b, 0x80, 0x46, 0x9e, 0x80, 0x45, 0x80, 0x32, 0x45, 0x58, 0x50, 0x4c, 0x41,
  0x80, 0x28, 0x20, 0x46, 0x49, 0x80, 0xed, 0x80, 0xde, 0x80, 0x45, 0x80, 0x32, 0x80, 0xdc, 0x42, 0x55, 0x47, 0x20, 0x46,
  0x49, 0x80, 0xed, 0x20, 0x80, 0x88, 0xa1, 0x80, 0xb1, 0x2d, 0x6e, 0xe4, 0x80, 0x20, 0x80, 0x3a, 0x8a, 0x80, 0xc2, 0x00,
  0x46, 0x80, 0xd9, 0x80, 0x46, 0x9e, 0x80, 0x45, 0x80, 0x32, 0x45, 0x58, 0x50, 0x4c, 0x41, 0x80, 0x28, 0x20, 0x46, 0x49,
  0x80, 0xed, 0x80, 0xde, 0x80, 0x45, 0x80, 0x32, 0x80, 0xdc, 0x42, 0x55, 0x47, 0x20, 0x46, 0x49, 0x80, 0xed, 0x20, 0x80,
  0xf9, 0xa6, 0x80, 0x75, 0xaa, 0x6e, 0x80, 0xc2, 0x00, 0xac, 0xa4, 0x92, 0xee, 0x81, 0x70, 0x72, 0xf8, 0x80, 0x4e, 0x67,
  0x80, 0x5c, 0x75, 0xfb, 0x74, 0x2d, 0x9e, 0x4a, 0x80, 0x05, 0xa1, 0x9a, 0x80, 0xb0, 0xcc, 0xfa, 0x80, 0xa4, 0x82, 0xa7,
  0x45, 0x58, 0x80, 0x10, 0x4e, 0x80, 0xc9, 0x9a, 0xa2, 0x85, 0x0a, 0x80, 0xb4, 0x53, 0x80, 0xc5, 0x61, 0x75, 0x8f, 0x85,
  0xbf, 0x80, 0x9c, 0x00, 0xac, 0xff, 0x80, 0xca, 0x6f, 0x80, 0x1c, 0x80, 0x54, 0x70, 0x70, 0xc7, 0x80, 0x34, 0xd5, 0x80,
  0x74, 0x80, 0x2e, 0x73, 0xca, 0x87, 0xc1, 0x8a, 0xd0, 0xb1, 0x80, 0xde, 0x6c, 0x80, 0x11, 0x0a, 0x80, 0x80, 0x89, 0x80,
  0x17, 0x00, 0xac, 0xff, 0x80, 0xca, 0xa1, 0x64, 0x62, 0x80, 0xa1, 0x6d, 0x85, 0x81, 0x8f, 0xe1, 0xdf, 0x80, 0x53, 0x80,
  0x3c, 0x53, 0x54, 0x4f, 0x80, 0x5d, 0x20, 0x80, 0x28, 0xfd, 0x80, 0x54, 0xa8, 0xc2, 0x00, 0xd7, 0x50, 0x41, 0x52, 0x54,
  0x49, 0x54, 0x49, 0x80, 0x8e, 0xfd, 0x80, 0x54, 0x80, 0x1f, 0xa6, 0x6d, 0x8e, 0xc3, 0x85, 0x97, 0xc1, 0x8a, 0xd0, 0xb1,
  0x20, 0x80, 0x3f, 0x6c, 0x80, 0x31, 0x82, 0x80, 0x80, 0x89, 0x80, 0x17, 0x00, 0xc8, 0xd0, 0xb1, 0x80, 0xde, 0x6c, 0x80,
  0x31, 0x82, 0x80, 0x80, 0xef, 0x80, 0x48, 0x80, 0xd7, 0x80, 0x93, 0x9d, 0xb9, 0x82, 0xdf, 0x81, 0x80, 0xb1, 0x2d, 0x6e,
  0xe4, 0x6c, 0x80, 0x0b, 0x80, 0xb1, 0x2d, 0x8c, 0x6d, 0x80, 0x6e, 0x64, 0x83, 0x0a, 0x80, 0x80, 0x2e, 0x00, 0xd7, 0x8a,
  0xd0, 0xb1, 0x20, 0x80, 0x6d, 0x80, 0x88, 0xa1, 0x80, 0xb1, 0x2d, 0x7a, 0x83, 0xa0, 0x80, 0x52, 0x73, 0xbf, 0x80, 0xc6,
  0xcf, 0x99, 0x8e, 0x80, 0xb6, 0x00, 0xd7, 0x8a, 0xd0, 0xb1, 0x20, 0x80, 0x6d, 0x80, 0x88, 0xa1, 0x6e, 0xb4, 0x83, 0xda,
  0x80, 0xde, 0x80, 0x28, 0x80, 0x10, 0x52, 0x56, 0x41, 0x80, 0x6b, 0x80, 0xa6, 0x80, 0xff, 0x00, 0xd7, 0x80, 0x34, 0xd5,
  0x80, 0x85, 0x97, 0xc1, 0x8a, 0xd0, 0xb1, 0x20, 0x80, 0x80, 0xef, 0x80, 0x88, 0xa1, 0x6e, 0xb4, 0x83, 0xda, 0x80, 0x0b,
  0x44, 0x41, 0x80, 0x10, 0x80, 0x0b, 0x93, 0x44, 0x41, 0x80, 0x10, 0x54, 0x49, 0x4d, 0x45, 0x0a, 0x20, 0x80, 0xff, 0x00,
  0xd7, 0x80, 0x34, 0xd5, 0x80, 0x85, 0x97, 0xc1, 0x8a, 0xd0, 0xb1, 0x20, 0x80, 0x80, 0xef, 0x80, 0x88, 0xa1, 0x73, 0x8a,
  0x67, 0xa2, 0x80, 0x89, 0x80, 0x74, 0x80, 0x2e, 0x73, 0x80, 0x17, 0x00, 0xd7, 0x80, 0x74, 0x80, 0x2e, 0x80, 0x6a, 0x80,
  0x7c, 0xc7, 0xa7, 0xe6, 0x70, 0xa5, 0x6c, 0x80, 0x06, 0x80, 0xab, 0xc6, 0x65, 0xab, 0x80, 0xe5, 0x80, 0x34, 0xd5, 0x80,
  0x88, 0xa1, 0xcf, 0x99, 0x8e, 0x80, 0xb6, 0x00, 0x4f, 0x6e, 0x81, 0x93, 0x6d, 0x85, 0x81, 0x64, 0x62, 0x80, 0x51, 0xd2,
  0x80, 0x84, 0x80, 0x3c, 0x53, 0x54, 0x4f, 0x80, 0x5d, 0x20, 0x80, 0x28, 0xfd, 0x80, 0x54, 0x80, 0x1f, 0x80, 0x49, 0x80,
  0x5b, 0x2e, 0x00, 0xd7, 0x80, 0x34, 0xd5, 0x80, 0x85, 0x79, 0x80, 0x0b, 0x8a, 0xd0, 0xb1, 0x20, 0x80, 0x13, 0x65, 0x80,
  0x0b, 0x80, 0x3f, 0xe6, 0x70, 0xa5, 0x6c, 0x80, 0x06, 0x80, 0xab, 0x80, 0xb7, 0x80, 0x80, 0x87, 0x80, 0x87, 0x88, 0x74,
  0x0a, 0x80, 0xa8, 0x89, 0x80, 0xd4, 0x80, 0x01, 0x00, 0xd7, 0x74, 0x80, 0x69, 0x80, 0xe2, 0x80, 0x6d, 0xc1, 0x8a, 0xd0,
  0xb1, 0x20, 0x80, 0x80, 0x87, 0x80, 0x88, 0x8d, 0x69, 0x67, 0x6e, 0x94, 0xba, 0xa7, 0x62, 0x80, 0x81, 0x64, 0x80, 0xeb,
  0xbb, 0x0a, 0xa7, 0x8a, 0xd0, 0xb1, 0x20, 0x80, 0x6d, 0x80, 0xff, 0x00, 0xd7, 0xea, 0x66, 0x80, 0x7f, 0x95, 0x80, 0x53,
  0x62, 0xfc, 0x77, 0x65, 0x80, 0x02, 0xa7, 0x6f, 0x6c, 0x86, 0x80, 0x3f, 0x6e, 0x80, 0xe3, 0x74, 0x80, 0x69, 0x80, 0xe2,
  0x80, 0x13, 0xd2, 0x80, 0x88, 0xa1, 0x6d, 0xe4, 0x74, 0x69, 0x70, 0xa2, 0xbb, 0x0a, 0xa7, 0x8a, 0xd0, 0xb1, 0x20, 0x80,
  0x13, 0xc2, 0x00, 0xd7, 0x80, 0x50, 0x74, 0x80, 0xe2, 0x80, 0x46, 0xa8, 0x94, 0x80, 0x3c, 0x80, 0x80, 0xef, 0x73, 0xd3,
  0xb7, 0x81, 0x80, 0x08, 0x80, 0x42, 0xbe, 0x00, 0xc8, 0x80, 0x95, 0x8c, 0x63, 0x82, 0x80, 0x96, 0xb4, 0xd5, 0x70, 0xb9,
  0x73, 0x94, 0xba, 0x66, 0x80, 0x7d, 0x4e, 0x55, 0x4d, 0x54, 0x4f, 0x59, 0x4d, 0x80, 0x28, 0x80, 0x10, 0x52, 0x56, 0x41,
  0x4c, 0x28, 0x29, 0x80, 0x0b, 0x4e, 0x55, 0x4d, 0x54, 0x4f, 0x44, 0x53, 0x80, 0x28, 0x80, 0x10, 0x52, 0x56, 0x41, 0x4c,
  0x28, 0x29, 0x2c, 0x0a, 0x54, 0x4f, 0x5f, 0x59, 0x4d, 0x80, 0x28, 0x80, 0x10, 0x52, 0x56, 0x41, 0x4c, 0x28, 0x29, 0x80,
  0x0b, 0x93, 0x54, 0x4f, 0x5f, 0x44, 0x53, 0x80, 0x28, 0x80, 0x10, 0x52, 0x56, 0x41, 0x4c, 0x28, 0x29, 0x2e, 0x00, 0xd7,
  0x80, 0x74, 0x80, 0x2e, 0x80, 0x6a, 0x80, 0x7c, 0xc7, 0xa7, 0x6c, 0x80, 0x31, 0x82, 0xc6, 0x80, 0x13, 0xd2, 0xc1, 0xa1,
  0x80, 0x34, 0xd5, 0x9e, 0x6c, 0x80, 0x31, 0x82, 0x80, 0x80, 0x89, 0xca, 0x0a, 0x80, 0x88, 0xa1, 0xcf, 0x99, 0x8e, 0x80,
  0xb6, 0x00, 0xd7, 0x64, 0x62, 0x80, 0xa1, 0xcc, 0x80, 0x49, 0xa4, 0x80, 0x31, 0x82, 0x9e, 0x6c, 0x80, 0x31, 0x82, 0xc6,
  0x64, 0x62, 0x80, 0x51, 0xd2, 0xc1, 0x8a, 0xd0, 0xb1, 0x20, 0x80, 0x80, 0xf7, 0x00, 0xac, 0x80, 0x65, 0x80, 0xde, 0xe2,
  0x74, 0xab, 0x80, 0xe5, 0xa7, 0xdf, 0x80, 0x47, 0x8c, 0x6d, 0x80, 0x6e, 0xc7, 0x80, 0xb1, 0x2d, 0x6e, 0xe4, 0x6c, 0x80,
  0x0b, 0x80, 0xb1, 0x2d, 0x8c, 0x6d, 0x80, 0x6e, 0x64, 0xa5, 0x80, 0x80, 0x2e, 0x00, 0xd7, 0x80, 0x84, 0x80, 0xfb, 0x93,
  0x80, 0x99, 0x6e, 0x74, 0x61, 0x78, 0x20, 0x80, 0x08, 0x80, 0x7e, 0xbe, 0x00, 0xd7, 0x80, 0x28, 0x80, 0x10, 0x52, 0x56,
  0x41, 0x4c, 0xfd, 0x80, 0x54, 0x80, 0x1f, 0xa6, 0x80, 0x9b, 0x80, 0x22, 0x8a, 0xd0, 0xb1, 0x20, 0x80, 0x80, 0xef, 0x73,
  0xd3, 0xb7, 0x81, 0xdf, 0x6c, 0x80, 0x9c, 0x00, 0xac, 0x89, 0x74, 0xab, 0x80, 0xe5, 0x74, 0x77, 0xa0, 0x80, 0xb1, 0x2d,
  0x80, 0x80, 0x94, 0x80, 0xf0, 0x87, 0xba, 0x80, 0x9e, 0xe1, 0x8a, 0xd0, 0xb1, 0x80, 0xde, 0x6c, 0x80, 0x31, 0x82, 0x80,
  0x80, 0x80, 0x1a, 0x0a, 0x20, 0x80, 0x57, 0x00, 0xc8, 0x80, 0x55, 0x8d, 0xd1, 0xd7, 0x8a, 0xd0, 0xb1, 0x80, 0xde, 0x6c,
  0x80, 0x31, 0x82, 0x80, 0x80, 0x94, 0x80, 0xf0, 0x2f, 0x80, 0x63, 0x20, 0x80, 0x56, 0x7a, 0x83, 0xa0, 0x80, 0x80, 0xf7,
  0x00, 0x80, 0xba, 0x80, 0x29, 0xba, 0xe2, 0xd0, 0x6d, 0x80, 0x44, 0x80, 0x34, 0xd5, 0x80, 0x52, 0x73, 0x80, 0xe2, 0xc1,
  0x80, 0x80, 0x87, 0x80, 0x82, 0x80, 0xd9, 0x80, 0x41, 0x76, 0xc7, 0xba, 0x6e, 0x65, 0x77, 0x0a, 0x80, 0x80, 0xef, 0x73,
  0xd3, 0xb7, 0xc2, 0x00, 0xac, 0xff, 0x80, 0xca, 0x42, 0x45, 0x46, 0x4f, 0x80, 0x5d, 0x80, 0xde, 0x41, 0x46, 0x80, 0x10,
  0x52, 0xfd, 0x80, 0x54, 0x80, 0x1f, 0x80, 0x82, 0x80, 0xd9, 0xd8, 0x64, 0xc7, 0x93, 0x89, 0x74, 0xab, 0x68, 0xc7, 0xa1,
  0x80, 0x80, 0x2e, 0x00, 0xd7, 0xe6, 0x70, 0xa5, 0x6c, 0x80, 0x06, 0x80, 0xab, 0x80, 0xb7, 0x80, 0x34, 0xd5, 0x80, 0x88,
  0x8d, 0x69, 0x67, 0x6e, 0x94, 0xba, 0xe1, 0x8a, 0xd0, 0xb1, 0x20, 0x80, 0x80, 0x0a, 0x62, 0x80, 0x81, 0x64, 0x90, 0x80,
  0x9c, 0x00, 0xac, 0xff, 0x80, 0xca, 0x8c, 0x6d, 0x80, 0x6e, 0x64, 0xa5, 0x80, 0x34, 0xd5, 0xc1, 0x8a, 0xd0, 0xb1, 0x20,
  0x80, 0x80, 0x89, 0x80, 0x17, 0x00, 0xac, 0xff, 0x80, 0xca, 0x6d, 0x85, 0x81, 0x8f, 0xe1, 0xdf, 0x81, 0x6e, 0xe4, 0x80,
  0x20, 0x80, 0x34, 0xd5, 0xc1, 0x8a, 0xd0, 0xb1, 0x80, 0xde, 0x6c, 0x80, 0x31, 0x82, 0x80, 0x80, 0x89, 0x80, 0x17, 0x00,
  0xac, 0xd8, 0x86, 0x93, 0x89, 0x74, 0xab, 0x80, 0xe5, 0xa1, 0x80, 0x34, 0xd5, 0x80, 0x74, 0x80, 0x2e, 0x73, 0xca, 0x87,
  0x8f, 0x80, 0x93, 0x80, 0xdf, 0xd3, 0xd2, 0xe1, 0xa4, 0x80, 0x31, 0xbf, 0x6e, 0xb2, 0x80, 0x80, 0x0a, 0x80, 0x74, 0x80,
  0x2e, 0x73, 0x80, 0x17, 0x00, 0x41, 0x84, 0xb3, 0x93, 0x80, 0xa3, 0x80, 0x90, 0x86, 0x80, 0x82, 0x80, 0xd9, 0xd8, 0x64,
  0xc7, 0x93, 0x89, 0x74, 0xab, 0x68, 0xc7, 0xa1, 0x80, 0x34, 0xd5, 0xba, 0xa7, 0x8a, 0xbf, 0x69, 0xdc, 0x80, 0x04, 0x67,
  0x65, 0x0a, 0x80, 0x80, 0xf7, 0x00, 0xac, 0x80, 0x41, 0xea, 0x80, 0xca, 0xa7, 0x80, 0x34, 0xd5, 0x80, 0x74, 0x80, 0x2e,
  0x80, 0x6a, 0xc1, 0xe1, 0x8a, 0xd0, 0xb1, 0x20, 0x80, 0x80, 0x2e, 0x00, 0xd7, 0x6e, 0x80, 0xe3, 0x80, 0x34, 0xd5, 0x80,
  0x74, 0x80, 0x2e, 0x80, 0x6a, 0x80, 0x70, 0x63, 0x9a, 0x73, 0x87, 0xd8, 0x6a, 0xab, 0xd5, 0x80, 0x34, 0xd5, 0x62, 0x80,
  0x81, 0x64, 0x80, 0x86, 0x80, 0xaf, 0x00, 0xac, 0x80, 0x41, 0xea, 0x80, 0xca, 0x80, 0x34, 0xd5, 0x80, 0x74, 0x80, 0x2e,
  0x80, 0x6a, 0xc1, 0x74, 0x80, 0x69, 0x80, 0xe2, 0x80, 0x80, 0x2e, 0x00, 0xc8, 0x80, 0x55, 0x8d, 0xd1, 0x80, 0x6f, 0x80,
  0xd3, 0x80, 0x41, 0xea, 0x80, 0xca, 0xa7, 0x74, 0x80, 0x69, 0x80, 0xe2, 0x80, 0x13, 0xc2, 0x00, 0xc8, 0x80, 0x55, 0x8d,
  0xd1, 0xd7, 0x80, 0xa8, 0xab, 0x82, 0x8c, 0x70, 0x80, 0x2e, 0xcd, 0xef, 0xc6, 0x80, 0x34, 0xd5, 0x80, 0x50, 0x74, 0xbf,
  0xca, 0xc7, 0x98, 0x80, 0xd3, 0x80, 0x97, 0x0a, 0x20, 0xcf, 0x80, 0x3a, 0x75, 0xed, 0xbe, 0x00, 0xd7, 0x80, 0x84, 0x8d,
  0x80, 0x9f, 0x80, 0x34, 0xd5, 0x80, 0xfb, 0x80, 0xe0, 0x80, 0x67, 0x80, 0x4a, 0x94, 0xdf, 0x6c, 0x8a, 0xc2, 0x00, 0xd7,
  0x74, 0x80, 0x69, 0x80, 0xe2, 0x80, 0x6d, 0x80, 0x84, 0x80, 0x08, 0xb1, 0x69, 0xa9, 0x00, 0xd7, 0x74, 0x80, 0x69, 0x80,
  0xe2, 0x80, 0x6d, 0x80, 0x88, 0xa1, 0x80, 0xb1, 0x2d, 0x6e, 0xe4, 0x80, 0x20, 0xcf, 0x99, 0x8e, 0x80, 0xb6, 0x00, 0xac,
  0x80, 0xdd, 0xb5, 0x63, 0x80, 0x0c, 0xe1, 0x80, 0x63, 0x20, 0x80, 0x80, 0x2e, 0x00, 0x44, 0xe6, 0x80, 0x60, 0x80, 0x0c,
  0x80, 0x50, 0x74, 0x80, 0xe2, 0x80, 0x46, 0x80, 0x3c, 0x6c, 0x80, 0x31, 0x82, 0xc6, 0x80, 0x80, 0x87, 0xc1, 0x80, 0xdd,
  0xb5, 0x63, 0x89, 0x80, 0x17, 0x00, 0xc8, 0x80, 0x55, 0x8d, 0xd1, 0x80, 0x6f, 0x80, 0xd3, 0x80, 0x2f, 0x86, 0xa7, 0x74,
  0x80, 0x69, 0x80, 0xe2, 0x80, 0x80, 0x2e, 0x00, 0x41, 0x84, 0xb3, 0x93, 0x80, 0xa3, 0x80, 0x90, 0x86, 0x64, 0xb0, 0xc7,
  0xdf, 0x6c, 0x80, 0x44, 0x89, 0x74, 0xab, 0x80, 0xe5, 0xc6, 0x80, 0x80, 0x2e, 0x00, 0x41, 0x84, 0xb3, 0x93, 0x80, 0xa3,
  0x80, 0x90, 0x86, 0x64, 0xb0, 0xc7, 0xdf, 0x6c, 0x80, 0x44, 0xe2, 0x74, 0xab, 0x80, 0xe5, 0xc6, 0x80, 0x80, 0x2e, 0x00,
  0x41, 0x84, 0xdf, 0x6c, 0x80, 0x44, 0x8d, 0x80, 0x9f, 0x80, 0x34, 0xd5, 0x80, 0xfb, 0x80, 0xe0, 0x80, 0x67, 0x80, 0x4a,
  0x94, 0x80, 0xd6, 0x80, 0xaa, 0x9b, 0x8f, 0x80, 0x93, 0x68, 0xb9, 0x0a, 0x20, 0x80, 0x41, 0xea, 0xaf, 0x94, 0x6f, 0xf6,
  0x87, 0x80, 0xd6, 0x80, 0x3e, 0xc2, 0x00, 0x41, 0x84, 0xdf, 0x6c, 0x80, 0x44, 0x8d, 0x80, 0x9f, 0x80, 0x34, 0xd5, 0x80,
  0xfb, 0x80, 0xe0, 0x80, 0x67, 0x80, 0x4a, 0x94, 0x80, 0xd6, 0x80, 0xaa, 0x9b, 0x8f, 0x80, 0x93, 0x68, 0xb9, 0x0a, 0x20,
  0x80, 0x74, 0x80, 0x60, 0xbf, 0x80, 0x47, 0x80, 0x78, 0x6b, 0x94, 0xa7, 0xf2, 0x8f, 0x80, 0x93, 0xa6, 0x80, 0x97, 0xc7,
  0x8d, 0xd0, 0xbe, 0x00, 0xac, 0x80, 0x9e, 0xe1, 0x8a, 0xd0, 0xb1, 0x20, 0x80, 0x80, 0x94, 0x80, 0x8d, 0x80, 0x19, 0x80,
  0xeb, 0xf2, 0x93, 0x80, 0x63, 0x2e, 0x00, 0x41, 0x84, 0xdf, 0x6c, 0x80, 0x44, 0x80, 0xfb, 0xa6, 0x80, 0x68, 0x9e, 0x80,
  0x16, 0x67, 0x80, 0x2e, 0x87, 0xf4, 0x80, 0xa5, 0x80, 0x57, 0x00, 0xac, 0x8d, 0x80, 0x9f, 0xa7, 0x80, 0x80, 0xef, 0x73,
  0xd3, 0xb7, 0x81, 0xdf, 0x6c, 0x80, 0x44, 0x69, 0x66, 0x20, 0x8c, 0x70, 0x80, 0x60, 0xef, 0xa6, 0x80, 0x7c, 0x94, 0xf4,
  0x8f, 0x65, 0x0a, 0x80, 0x57, 0x00, 0xd7, 0x80, 0x80, 0x87, 0x80, 0xb7, 0xf2, 0x93, 0x80, 0x63, 0x20, 0x80, 0xd7, 0xd3,
  0x8e, 0x67, 0xbe, 0x00, 0xd7, 0x66, 0x80, 0x3d, 0xca, 0xdc, 0x80, 0x85, 0x97, 0x80, 0x96, 0xb4, 0xd5, 0xa6, 0x8a, 0xb1,
  0x69, 0xa9, 0x00, 0xd7, 0x80, 0x63, 0x80, 0x85, 0x97, 0x80, 0xae, 0x81, 0x80, 0xea, 0x80, 0x1a, 0x87, 0xa7, 0x63, 0x89,
  0x8d, 0x6f, 0xb2, 0x80, 0x89, 0x80, 0xae, 0xc2, 0x00, 0xd7, 0x77, 0x8a, 0x80, 0x09, 0x80, 0x0f, 0x80, 0x2d, 0xfe, 0xa4,
  0x74, 0xd5, 0x80, 0x21, 0x63, 0xef, 0x8c, 0xe5, 0x69, 0x8c, 0x87, 0x77, 0x8a, 0x80, 0x09, 0x80, 0x0f, 0x85, 0x64, 0xa5,
  0x63, 0x80, 0x54, 0xa8, 0xc2, 0x00, 0xd7, 0x77, 0x8a, 0x80, 0x09, 0x80, 0x0f, 0x80, 0x2d, 0xfe, 0xa4, 0x74, 0xd5, 0x80,
  0x6d, 0x80, 0x21, 0x63, 0xef, 0x80, 0x87, 0x8b, 0x80, 0x95, 0x80, 0x9d, 0x2e, 0x00, 0xd7, 0x77, 0x8a, 0x80, 0x09, 0x80,
  0x0f, 0x80, 0x2d, 0xfe, 0xa4, 0x74, 0xd5, 0x42, 0x45, 0x54, 0x57, 0x45, 0x45, 0x4e, 0x20, 0xe3, 0x74, 0xca, 0x87, 0x80,
  0x87, 0x8b, 0xb1, 0x69, 0xa9, 0x00, 0xd7, 0x6e, 0x74, 0x80, 0x4e, 0x80, 0x0b, 0x9d, 0xd8, 0x80, 0x0b, 0x80, 0x54, 0xb2,
  0x80, 0x3f, 0x80, 0x04, 0x6b, 0xc7, 0x77, 0x8a, 0x80, 0x09, 0x80, 0x0f, 0x66, 0x80, 0x3d, 0xca, 0x87, 0x8c, 0xe5, 0x69,
  0x72, 0x81, 0x77, 0x8a, 0x80, 0x09, 0x80, 0x0f, 0x85, 0x64, 0x83, 0x2e, 0x00, 0xd7, 0x6e, 0x74, 0x80, 0x4e, 0x80, 0x0b,
  0x9d, 0xd8, 0x80, 0x0b, 0x6c, 0xeb, 0x80, 0x0b, 0x80, 0x04, 0x6b, 0xc7, 0x80, 0x3f, 0x80, 0xe4, 0x5f, 0x80, 0xbf, 0xa5,
  0x77, 0x8a, 0x80, 0x09, 0x80, 0x0f, 0x66, 0x80, 0x3d, 0xca, 0x87, 0x63, 0xe1, 0x8b, 0x80, 0xcd, 0x65, 0x0a, 0x77, 0x8a,
  0x80, 0x09, 0x80, 0x0f, 0x80, 0x2d, 0xfe, 0xa4, 0x74, 0x80, 0xee, 0x00, 0xd7, 0xe3, 0x74, 0x9b, 0x80, 0x84, 0x80, 0x08,
  0x80, 0x7e, 0x94, 0x80, 0x22, 0x77, 0x8a, 0x80, 0x09, 0x80, 0x0f, 0xeb, 0x67, 0x8c, 0x67, 0x89, 0x80, 0xaf, 0x00, 0x80,
  0x23, 0xa8, 0x80, 0x71, 0xc6, 0x77, 0x8a, 0x80, 0x09, 0x80, 0x0f, 0xeb, 0x67, 0x8c, 0x67, 0x80, 0x0c, 0x9e, 0x80, 0xa5,
  0x80, 0x5a, 0xa4, 0x80, 0xb6, 0x00, 0x80, 0x23, 0xa8, 0x80, 0x71, 0xc6, 0x44, 0xdd, 0x54, 0x80, 0x28, 0x43, 0x80, 0x32,
  0xeb, 0x67, 0x8c, 0x67, 0x80, 0x0c, 0x9e, 0x80, 0xa5, 0x80, 0x5a, 0xa4, 0x80, 0xb6, 0x00, 0x44, 0xdd, 0x54, 0x80, 0x28,
  0x43, 0x80, 0x32, 0xeb, 0x67, 0x8c, 0x67, 0x80, 0x0c, 0x63, 0xe1, 0x8b, 0x80, 0xd7, 0x4f, 0x52, 0x80, 0xdc, 0x80, 0x62,
  0x42, 0x59, 0xfd, 0x80, 0x54, 0x80, 0x1f, 0x93, 0x77, 0x8a, 0x80, 0x09, 0x80, 0x0f, 0x80, 0x2d, 0xfe, 0xa4, 0x74, 0x80,
  0xee, 0x00, 0xd7, 0x80, 0x96, 0xb4, 0xd5, 0xba, 0x4e, 0x54, 0x49, 0x80, 0xed, 0x20, 0x77, 0x8a, 0x80, 0x09, 0x80, 0x0f,
  0x66, 0x80, 0x7d, 0xa6, 0x8a, 0xb1, 0x69, 0xa9, 0x00, 0xd7, 0xbb, 0x66, 0x80, 0x4d, 0x82, 0x80, 0xb7, 0x80, 0xed, 0x41,
  0x44, 0x80, 0x0b, 0x4c, 0x41, 0x47, 0x20, 0x77, 0x8a, 0x80, 0x09, 0x80, 0x0f, 0x66, 0x80, 0x7d, 0xa6, 0x8a, 0xb1, 0x69,
  0xa9, 0x00, 0xd7, 0xd4, 0xd2, 0xc6, 0xe2, 0x80, 0x26, 0xe4, 0x82, 0x80, 0x74, 0x80, 0x2e, 0x80, 0x6a, 0x80, 0x3f, 0x80,
  0x74, 0x80, 0x2e, 0x80, 0x6a, 0xc6, 0x80, 0xed, 0x41, 0x44, 0x80, 0x0b, 0x4c, 0x41, 0x47, 0x20, 0x80, 0x87, 0x8b, 0x80,
  0xa8, 0x89, 0x80, 0xd4, 0x80, 0x01, 0x00, 0xd7, 0x80, 0x96, 0xb4, 0xd5, 0xba, 0x52, 0x41, 0x54, 0x49, 0x4f, 0x5f, 0x54,
  0x4f, 0x5f, 0x80, 0x5d, 0x50, 0x4f, 0x52, 0x80, 0x32, 0x77, 0x8a, 0x80, 0x09, 0x80, 0x0f, 0x66, 0x80, 0x7d, 0xa6, 0x8a,
  0xb1, 0x69, 0xa9, 0x00, 0xd7, 0x80, 0x36, 0x74, 0xdc, 0x80, 0xae, 0x81, 0x80, 0xb7, 0x80, 0x63, 0x20, 0x80, 0xea, 0x80,
  0x1a, 0x87, 0x33, 0x32, 0x37, 0x36, 0x37, 0x20, 0x62, 0x79, 0x74, 0x80, 0xaf, 0x00, 0x53, 0xfe, 0x80, 0x63, 0x20, 0x80,
  0x68, 0x80, 0x5b, 0x87, 0xf4, 0x67, 0xf8, 0x80, 0x02, 0x42, 0x53, 0x80, 0x8e, 0x20, 0x80, 0x8c, 0xf7, 0x00, 0x80, 0xa0,
  0x80, 0xe0, 0x6c, 0x80, 0x06, 0xbf, 0x94, 0xc1, 0xa1, 0xa8, 0xa5, 0x80, 0x82, 0xa0, 0x80, 0x56, 0xd8, 0x6d, 0x8a, 0x80,
  0x11, 0x72, 0x89, 0x80, 0xc6, 0x70, 0x72, 0xf8, 0x80, 0x4e, 0x67, 0x80, 0xaf, 0x00, 0xd7, 0x95, 0x63, 0x72, 0xc4, 0x74,
  0xca, 0x2f, 0x64, 0x92, 0x72, 0xc4, 0x74, 0x9b, 0x70, 0xb9, 0x73, 0x80, 0xc0, 0x86, 0x80, 0x08, 0x73, 0xfc, 0x2e, 0x00,
  0xd7, 0x95, 0x63, 0x72, 0xc4, 0x74, 0x9b, 0x70, 0xb9, 0x73, 0x80, 0xc0, 0x86, 0xa6, 0x8a, 0x80, 0x00, 0x62, 0x80, 0xc7,
  0xa7, 0x80, 0x84, 0x70, 0xb9, 0x73, 0x80, 0xc0, 0x86, 0x80, 0xa6, 0xd4, 0x65, 0x0a, 0x80, 0x08, 0x80, 0x7e, 0xbe, 0x00,
  0xd7, 0x95, 0x63, 0x72, 0xc4, 0x74, 0x9b, 0x70, 0xb9, 0x73, 0x80, 0xc0, 0x86, 0xa6, 0x8a, 0x80, 0x00, 0x62, 0x80, 0xc7,
  0xa7, 0x6c, 0x95, 0x67, 0x8f, 0x20, 0x80, 0xb7, 0x80, 0x21, 0x80, 0x1a, 0x0a, 0x70, 0xb9, 0x73, 0x80, 0xc0, 0x86, 0x80,
  0xc8, 0x9d, 0x73, 0x87, 0x8f, 0xe1, 0x36, 0x20, 0x62, 0x79, 0x74, 0xd2, 0x93, 0x67, 0x8c, 0x89, 0xa5, 0x8f, 0xe1, 0x31,
  0x32, 0x38, 0x20, 0x62, 0x79, 0x74, 0x80, 0xaf, 0x00, 0xd7, 0x95, 0x63, 0x72, 0xc4, 0x74, 0x9b, 0x68, 0x8a, 0x82, 0xa6,
  0x8a, 0x80, 0x00, 0x62, 0x80, 0xc7, 0xa7, 0x80, 0x84, 0x68, 0x8a, 0x82, 0x80, 0xa6, 0x80, 0x1d, 0xa6, 0x0a, 0x8b, 0x80,
  0x7e, 0xbe, 0x00, 0xd7, 0x95, 0x63, 0x72, 0xc4, 0x74, 0x94, 0x80, 0xa6, 0xa6, 0x77, 0x9a, 0x6e, 0xb2, 0x93, 0x80, 0x95,
  0x72, 0xe6, 0x74, 0xbe, 0x00, 0xd7, 0x80, 0xa6, 0x80, 0x1d, 0x80, 0x08, 0x80, 0x7e, 0x94, 0xc1, 0x95, 0x63, 0x72, 0xc4,
  0x74, 0x9b, 0x66, 0x80, 0x3d, 0xca, 0xf7, 0x00, 0xd7, 0x8a, 0x80, 0xbb, 0x95, 0x63, 0x72, 0xc4, 0x74, 0x9b, 0x66, 0x80,
  0x7d, 0x80, 0xec, 0x00, 0xd7, 0x8a, 0x80, 0xbb, 0x64, 0x92, 0x72, 0xc4, 0x74, 0x9b, 0x66, 0x80, 0x7d, 0x80, 0xec, 0x00,
  0x4b, 0x65, 0x97, 0x67, 0x95, 0x83, 0xef, 0x80, 0xec, 0x00, 0x52, 0x8e, 0x80, 0x09, 0x80, 0x94, 0x49, 0x56, 0x20, 0x67,
  0x95, 0x83, 0xef, 0x80, 0xec, 0x00, 0xd7, 0x8a, 0x80, 0xbb, 0x62, 0xb9, 0x65, 0x36, 0x34, 0x20, 0x95, 0x98, 0x64, 0xc7,
  0x66, 0x80, 0x7d, 0x80, 0xec, 0x00, 0xd7, 0x8a, 0x80, 0xbb, 0x62, 0xb9, 0x65, 0x36, 0x34, 0x20, 0x64, 0x92, 0x6f, 0x64,
  0xc7, 0x66, 0x80, 0x7d, 0x80, 0xec, 0x00, 0x45, 0x6e, 0x63, 0x72, 0xc4, 0x82, 0x56, 0x50, 0x20, 0x80, 0xbe, 0xfb, 0x62,
  0x6f, 0x78, 0x20, 0x80, 0xfb, 0x80, 0xec, 0x00, 0x41, 0x6c, 0x80, 0x9f, 0x80, 0x34, 0xd5, 0xf4, 0xd4, 0x94, 0xf2, 0x80,
  0x08, 0x80, 0x42, 0xbe, 0x00, 0x41, 0x6c, 0x80, 0x20, 0x80, 0x80, 0x87, 0x80, 0xb7, 0xf2, 0x93, 0x80, 0x63, 0x20, 0x6e,
  0x65, 0x94, 0xba, 0xe0, 0xc6, 0x73, 0xfe, 0x70, 0xeb, 0xbd, 0x80, 0x2b, 0xc2, 0x00, 0x49, 0x6c, 0x9d, 0x67, 0xdc, 0x9d,
  0xd8, 0xc7, 0x62, 0x79, 0x80, 0x98, 0x30, 0x78, 0x32, 0x30, 0x20, 0x9e, 0xc8, 0x80, 0x33, 0x20, 0x80, 0x46, 0x80, 0x25,
  0x00, 0x45, 0x78, 0x80, 0xbb, 0x8a, 0x64, 0xda, 0xd2, 0x80, 0x87, 0x8b, 0x80, 0x7e, 0x94, 0x80, 0x22, 0x80, 0xb1, 0x2d,
  0xe2, 0x80, 0x26, 0xe4, 0x82, 0x70, 0xeb, 0xbd, 0x80, 0x2b, 0x80, 0xaf, 0x00, 0x54, 0x80, 0x29, 0x80, 0xa0, 0x80, 0x56,
  0xa1, 0x80, 0xf6, 0xcd, 0x69, 0xdc, 0x80, 0x85, 0x97, 0xcf, 0x80, 0xef, 0x82, 0x80, 0x3f, 0x80, 0x08, 0xb7, 0x80, 0x6c,
  0x80, 0x9c, 0x00, 0x50, 0xb0, 0x80, 0x52, 0x73, 0x81, 0x66, 0x80, 0x7d, 0xbc, 0x5f, 0x80, 0xdd, 0xb5, 0x63, 0x80, 0x0c,
  0x8b, 0x80, 0x7c, 0x94, 0xc1, 0xf2, 0x93, 0x80, 0x63, 0x2e, 0x00, 0x54, 0x72, 0xb5, 0x63, 0x89, 0xc7, 0xa1, 0xf2, 0x80,
  0x22, 0xe2, 0x9d, 0x80, 0x98, 0x74, 0x80, 0x59, 0x80, 0xf5, 0xa5, 0x8c, 0xe5, 0x69, 0x8c, 0x87, 0x41, 0x4c, 0x80, 0x10,
  0x80, 0x62, 0x70, 0x72, 0xf8, 0x80, 0x4e, 0x67, 0xc2, 0x00, 0x80, 0x66, 0x80, 0x8f, 0x89, 0xca, 0x87, 0x80, 0x9b, 0x61,
  0x66, 0x80, 0x9f, 0x80, 0xdd, 0xb5, 0x63, 0x80, 0x0c, 0x93, 0xdf, 0x6c, 0x80, 0x44, 0x8d, 0x80, 0x9f, 0x80, 0x34, 0xd5,
  0x80, 0xd6, 0x80, 0xaa, 0x80, 0x17, 0x00, 0x45, 0x58, 0x80, 0x10, 0x52, 0x4e, 0x41, 0x80, 0x6b, 0x4e, 0xd6, 0x45, 0x20,
  0x80, 0x75, 0xaa, 0x6e, 0x80, 0xc2, 0x00, 0xac, 0x80, 0x67, 0x80, 0x4a, 0x20, 0x8c, 0x80, 0x46, 0x80, 0xfb, 0x80, 0x82,
  0x80, 0xd9, 0x80, 0xb1, 0x2d, 0x80, 0xbe, 0x99, 0x83, 0x94, 0x93, 0x80, 0x3a, 0xda, 0x82, 0x80, 0xbe, 0x99, 0x83, 0x94,
  0xd9, 0x20, 0x80, 0x8c, 0x0a, 0x80, 0x3f, 0xf2, 0x80, 0xb2, 0xd2, 0x80, 0x48, 0x80, 0xdf, 0x80, 0x91, 0x8d, 0xdf, 0xb2,
  0x80, 0x22, 0x80, 0xa6, 0xd4, 0xd2, 0xab, 0x9a, 0x73, 0x87, 0x8d, 0x80, 0x20, 0x8c, 0x70, 0x80, 0x60, 0x89, 0x65, 0x0a,
  0x80, 0x50, 0x74, 0xda, 0x69, 0x70, 0x8e, 0x74, 0x87, 0xd9, 0x20, 0x8c, 0x70, 0x80, 0x60, 0x89, 0xd2, 0x80, 0x87, 0x80,
  0x7c, 0x94, 0xc1, 0xbf, 0x00, 0xd7, 0x80, 0x99, 0x73, 0x64, 0x62, 0x80, 0xd5, 0x80, 0x3f, 0x80, 0x99, 0x73, 0x64, 0x62,
  0x63, 0xaa, 0x73, 0x81, 0x9a, 0xee, 0x8a, 0xd2, 0x80, 0x70, 0x80, 0xd7, 0x80, 0x96, 0xb4, 0xcd, 0x87, 0x93, 0x8c, 0x74,
  0xb0, 0x84, 0x80, 0x13, 0x80, 0xaf, 0x00, 0x80, 0x45, 0x80, 0xed, 0x43, 0x80, 0x32, 0x46, 0x52, 0x4f, 0x4d, 0x20, 0x80,
  0x28, 0x80, 0x45, 0x52, 0x80, 0x32, 0x80, 0x99, 0x6e, 0x74, 0x61, 0x78, 0x20, 0xa6, 0xea, 0x73, 0x80, 0x9b, 0x9e, 0x80,
  0xa5, 0x80, 0x5a, 0xa4, 0x80, 0xb6, 0x00, 0x52, 0xb7, 0x6f, 0x80, 0x98, 0xf2, 0x80, 0xf6, 0x95, 0x80, 0x53, 0x9e, 0x80,
  0x28, 0x80, 0x45, 0x52, 0x80, 0x32, 0x80, 0xf9, 0xea, 0x73, 0x80, 0x9b, 0x9e, 0x80, 0x45, 0x80, 0xed, 0x43, 0x80, 0x32,
  0x46, 0x52, 0x4f, 0x4d, 0x20, 0x80, 0x28, 0x80, 0x45, 0x52, 0x54, 0x0a, 0x80, 0x99, 0x6e, 0x74, 0x61, 0x78, 0x2e, 0x00,
  0x4c, 0x96, 0x65, 0x80, 0x20, 0xcc, 0x80, 0x84, 0xf4, 0xa1, 0x47, 0x4f, 0x54, 0x4f, 0x20, 0x80, 0xf9, 0x80, 0x08, 0xb1,
  0x69, 0xa9, 0x00, 0x4c, 0x96, 0x65, 0x80, 0x20, 0xcc, 0x80, 0x88, 0xb5, 0x69, 0xe5, 0x81, 0xfa, 0x9e, 0xe1, 0x53, 0x50,
  0x80, 0x6b, 0x80, 0x16, 0x63, 0x80, 0x1a, 0x75, 0x8c, 0x2e, 0x00, 0x47, 0x4f, 0x54, 0x4f, 0xfd, 0x9f, 0xe0, 0xa8, 0x94,
  0x80, 0x3f, 0x6c, 0x96, 0x80, 0xfe, 0x87, 0x80, 0xe0, 0x80, 0x7c, 0x94, 0xfa, 0x9e, 0xe1, 0x80, 0xea, 0x80, 0x6c, 0x9b,
  0x68, 0x8e, 0x64, 0x6c, 0x83, 0x2e, 0x00, 0x80, 0x23, 0xa8, 0x80, 0x71, 0xc6, 0x45, 0x58, 0x49, 0x80, 0x32, 0x93, 0x43,
  0x80, 0x8e, 0x54, 0x80, 0x28, 0x55, 0x45, 0x20, 0x80, 0x61, 0xcd, 0x80, 0x0b, 0x80, 0x82, 0x69, 0x80, 0x91, 0x73, 0x80,
  0xc4, 0x80, 0x92, 0xe0, 0xfa, 0x80, 0xd6, 0x80, 0x7b, 0x4f, 0x50, 0x0a, 0x80, 0x61, 0x80, 0xee, 0x00, 0x45, 0x4e, 0x80,
  0xc9, 0x80, 0x7b, 0x4f, 0x50, 0x20, 0x6c, 0x96, 0x65, 0x80, 0x20, 0xcc, 0x80, 0x49, 0x80, 0xdf, 0x80, 0x91, 0xa7, 0x80,
  0x7b, 0x4f, 0x50, 0x20, 0x6c, 0x96, 0x65, 0x80, 0x20, 0x6c, 0x96, 0x80, 0xfe, 0x2d, 0x80, 0xb2, 0xc2, 0x00, 0x80, 0x23,
  0x6c, 0x96, 0x65, 0x80, 0x20, 0xcc, 0xa8, 0x94, 0x80, 0x22, 0x45, 0x58, 0x49, 0x80, 0x32, 0x57, 0x48, 0x45, 0x4e, 0xfd,
  0x80, 0x54, 0xa8, 0xc2, 0x00, 0xac, 0x80, 0x9e, 0x80, 0x8d, 0x70, 0x20, 0xf2, 0x80, 0x22, 0x56, 0x45, 0x52, 0x43, 0x4f,
  0x4c, 0x53, 0x00, 0xac, 0x80, 0x9e, 0x80, 0x8d, 0x70, 0x20, 0xf2, 0x80, 0x22, 0x56, 0x45, 0x52, 0x43, 0x4f, 0x4c, 0x53,
  0x00, 0x49, 0x6c, 0x9d, 0x67, 0xdc, 0xa8, 0x80, 0x71, 0xc6, 0x80, 0x1c, 0x80, 0x6a, 0x80, 0x8c, 0xf7, 0x00, 0xac, 0xd8,
  0x86, 0x56, 0x45, 0x52, 0x43, 0x4f, 0x4c, 0x53, 0x20, 0x80, 0x82, 0x80, 0x02, 0xf2, 0x80, 0x68, 0x80, 0x56, 0x80, 0x1c,
  0x80, 0x6a, 0x80, 0x8c, 0xf7, 0x00, 0xac, 0x80, 0x65, 0x20, 0x56, 0x45, 0x52, 0x43, 0x4f, 0x4c, 0x53, 0x20, 0x80, 0x82,
  0x80, 0x02, 0xf2, 0x80, 0x49, 0x80, 0xd7, 0x80, 0x1c, 0x80, 0x6a, 0x80, 0x8c, 0xf7, 0x00, 0xac, 0x80, 0x67, 0x80, 0x4a,
  0x20, 0x80, 0xa5, 0x80, 0xfb, 0xf4, 0xa1, 0xf2, 0x80, 0x22, 0x80, 0x1c, 0x80, 0x6a, 0x80, 0x8c, 0xf7, 0x00, 0x80, 0xc1,
  0x81, 0xc6, 0x56, 0x45, 0x52, 0x43, 0x4f, 0x4c, 0x53, 0x20, 0x80, 0x88, 0xcf, 0x73, 0x80, 0x11, 0xd5, 0xab, 0x9a, 0x73,
  0x87, 0xa7, 0xf2, 0x68, 0x69, 0x83, 0x90, 0xd3, 0x80, 0x9c, 0x00, 0x45, 0x6e, 0x63, 0x72, 0xc4, 0x82, 0x56, 0x50, 0x20,
  0x8a, 0xbf, 0x69, 0x8d, 0x80, 0x2b, 0xef, 0x80, 0xec, 0x00, 0x80, 0x23, 0x80, 0x13, 0xd2, 0x80, 0x84, 0xc1, 0xa7, 0x80,
  0xa0, 0x95, 0x80, 0xa7, 0x9a, 0x6e, 0x6d, 0xd5, 0x80, 0xb3, 0x96, 0x80, 0x01, 0x00, 0x46, 0x80, 0x7d, 0x28, 0x80, 0x74,
  0x80, 0x54, 0x8a, 0x5f, 0x73, 0x71, 0x6c, 0x80, 0xd8, 0x80, 0x26, 0xfb, 0x94, 0x9e, 0x80, 0xd0, 0x00, 0x46, 0x80, 0x7d,
  0x28, 0x80, 0x74, 0x80, 0x54, 0x8a, 0x5f, 0x73, 0x71, 0x6c, 0x29, 0x9c, 0xd7, 0x8c, 0xe5, 0x69, 0x8c, 0x86, 0x80, 0x50,
  0xbc, 0xfc, 0xa5, 0x80, 0xa0, 0xa6, 0x4e, 0x55, 0x4c, 0x4c, 0x2e, 0x00, 0x46, 0x80, 0x7d, 0x28, 0x80, 0x74, 0x80, 0x54,
  0x8a, 0x5f, 0x73, 0x71, 0x6c, 0x29, 0x9c, 0x41, 0x84, 0xb3, 0x93, 0x80, 0xa3, 0x80, 0x90, 0x86, 0x64, 0xb0, 0xc7, 0xa7,
  0x80, 0x43, 0xc7, 0xc6, 0x80, 0x50, 0xbc, 0xfc, 0xa5, 0x80, 0xd0, 0x00, 0x57, 0x90, 0x6e, 0x8a, 0x67, 0x9c, 0x46, 0x80,
  0x7d, 0x28, 0x80, 0x74, 0x80, 0x54, 0x8a, 0x5f, 0x73, 0x71, 0x6c, 0x80, 0xd8, 0x80, 0xa0, 0x80, 0x3f, 0xa7, 0x80, 0x90,
  0x6e, 0x82, 0x80, 0x5e, 0x82, 0x80, 0x1c, 0x80, 0x6a, 0x64, 0xa0, 0x8b, 0x80, 0xdf, 0xd3, 0x2e, 0x00, 0x57, 0x90, 0x6e,
  0x8a, 0x67, 0x9c, 0x46, 0x80, 0x7d, 0x28, 0x80, 0x74, 0x80, 0x54, 0x8a, 0x5f, 0x73, 0x71, 0x6c, 0x29, 0x9c, 0xd7, 0x8c,
  0xe5, 0x65, 0x99, 0x94, 0x80, 0x78, 0x8d, 0x81, 0x80, 0xc8, 0x8b, 0x80, 0x16, 0x80, 0xa7, 0x64, 0xbe, 0x20, 0xce, 0x65,
  0x0a, 0xe2, 0x80, 0x26, 0xe4, 0x82, 0x80, 0x78, 0x8d, 0x81, 0x80, 0xa0, 0xf0, 0x6c, 0x80, 0x20, 0xe0, 0xa8, 0xbe, 0x20,
  0x00, 0x46, 0x80, 0x7d, 0x28, 0x80, 0x74, 0x80, 0x54, 0x8a, 0x5f, 0x73, 0x71, 0x6c, 0x80, 0xd8, 0x80, 0x49, 0x80, 0x5e,
  0x82, 0xa7, 0x80, 0x76, 0x97, 0x80, 0x16, 0x80, 0xa7, 0x64, 0x94, 0x9e, 0x80, 0x25, 0x20, 0x4f, 0x6e, 0x80, 0x47, 0x61,
  0x0a, 0x73, 0x8a, 0x67, 0xa2, 0x80, 0x4d, 0x6c, 0x80, 0x8b, 0x80, 0xf9, 0xa6, 0x80, 0x7e, 0xbe, 0x00, 0x46, 0x80, 0x7d,
  0x28, 0x80, 0x74, 0x80, 0x54, 0x8a, 0x5f, 0x73, 0x71, 0x6c, 0x80, 0xd8, 0x80, 0x56, 0xe1, 0x8a, 0x80, 0x00, 0x80, 0xa0,
  0x80, 0x50, 0xbc, 0x65, 0xd0, 0x2e, 0x00, 0x46, 0x80, 0x7d, 0x28, 0x80, 0x74, 0x80, 0x54, 0x8a, 0x5f, 0x73, 0x71, 0x6c,
  0x80, 0xd8, 0x80, 0x56, 0x8a, 0x80, 0x00, 0x95, 0x98, 0x64, 0xc7, 0xcc, 0xc1, 0x78, 0x6d, 0x6c, 0x5f, 0x8a, 0x70, 0xee,
  0x2e, 0x00, 0x46, 0x80, 0x7d, 0x28, 0x80, 0x74, 0x80, 0x54, 0x8a, 0x5f, 0x73, 0x71, 0x6c, 0x80, 0xd8, 0x80, 0x49, 0x80,
  0x5e, 0x82, 0x80, 0x76, 0x97, 0x80, 0x22, 0x80, 0xc4, 0x80, 0xfc, 0x80, 0xb3, 0x96, 0x9d, 0xf7, 0x00, 0x45, 0x58, 0x45,
  0x43, 0x55, 0x80, 0x10, 0x20, 0x49, 0x4d, 0x4d, 0x45, 0x44, 0x49, 0x41, 0x80, 0x10, 0x20, 0x80, 0x3f, 0x50, 0x80, 0x5d,
  0x50, 0x41, 0x80, 0x5d, 0xfd, 0x9f, 0x74, 0x61, 0x6b, 0x81, 0x4e, 0x55, 0x4c, 0x80, 0x6b, 0x80, 0x61, 0xcd, 0x00, 0x4f,
  0x50, 0x45, 0x4e, 0x20, 0x89, 0x80, 0x8d, 0x80, 0x6c, 0x94, 0xf4, 0x80, 0x68, 0xe3, 0x95, 0x94, 0x80, 0x38, 0x73, 0x93,
  0xae, 0x00, 0x46, 0x45, 0x54, 0x43, 0x48, 0x80, 0xde, 0x43, 0x80, 0x7b, 0x80, 0x45, 0xfd, 0x9f, 0x80, 0xf6, 0x95, 0x80,
  0x53, 0x80, 0x38, 0x73, 0x93, 0xcc, 0x8f, 0x80, 0x93, 0x80, 0x08, 0xe3, 0x95, 0x80, 0x1a, 0x00, 0xac, 0x46, 0x80, 0x5d,
  0x45, 0x20, 0xa1, 0x80, 0x38, 0x73, 0x93, 0xcc, 0x8f, 0x80, 0x93, 0xa6, 0x9e, 0xa8, 0x65, 0x00, 0x45, 0x69, 0x8f, 0xa5,
  0x80, 0x61, 0xcd, 0x2d, 0xe9, 0x93, 0x80, 0x38, 0x73, 0x93, 0x80, 0x46, 0xcc, 0x80, 0x08, 0x80, 0x7c, 0x80, 0x1a, 0x00,
  0x46, 0x80, 0x7d, 0x80, 0x38, 0x73, 0x93, 0xcc, 0x9e, 0x53, 0x50, 0x4c, 0xfd, 0x9f, 0x80, 0xd7, 0x57, 0x49, 0x54, 0x48,
  0x20, 0x48, 0x4f, 0x4c, 0x80, 0xc9, 0xe3, 0x74, 0xca, 0x00, 0x45, 0x69, 0x8f, 0xa5, 0x80, 0x61, 0xcd, 0x2d, 0xe9, 0x93,
  0x80, 0x38, 0x73, 0x93, 0xcc, 0xa6, 0x80, 0x68, 0x9e, 0xa8, 0x65, 0x00, 0x45, 0x58, 0x45, 0x43, 0x55, 0x80, 0x10, 0x20,
  0x49, 0x4d, 0x4d, 0x45, 0x44, 0x49, 0x41, 0x80, 0x10, 0x20, 0x80, 0x3f, 0x50, 0x80, 0x5d, 0x50, 0x41, 0x80, 0x5d, 0x20,
  0x9e, 0x53, 0x50, 0x4c, 0xfd, 0x9f, 0x80, 0x2c, 0x80, 0x0f, 0x6d, 0xe4, 0x74, 0x69, 0x70, 0xa2, 0x53, 0x51, 0x80, 0x6b,
  0x80, 0x61, 0xcd, 0x73, 0x00, 0x80, 0xba, 0x80, 0x7e, 0x94, 0x80, 0xa6, 0x80, 0x1d, 0x9e, 0x45, 0x58, 0x45, 0x43, 0x55,
  0x80, 0x10, 0x20, 0x49, 0x4d, 0x4d, 0x45, 0x44, 0x49, 0x41, 0x80, 0x10, 0x80, 0xde, 0x50, 0x80, 0x5d, 0x50, 0x41, 0x80,
  0x5d, 0x20, 0x80, 0x61, 0xcd, 0x00, 0x50, 0x9a, 0x63, 0x80, 0x1a, 0xb0, 0x81, 0x80, 0xc8, 0x80, 0xb5, 0x94, 0x80, 0x22,
  0xe1, 0x6f, 0x6c, 0x64, 0xa5, 0x80, 0x1c, 0x80, 0x6a, 0x80, 0xb7, 0x95, 0x67, 0x80, 0x44, 0x80, 0x3f, 0x6d, 0x75, 0x99,
  0x0a, 0xe0, 0x80, 0x65, 0x70, 0x94, 0x80, 0x3f, 0x80, 0xb5, 0x94, 0xeb, 0x61, 0x9e, 0x9e, 0x85, 0x64, 0xa5, 0xba, 0x80,
  0xc0, 0x80, 0x12, 0x80, 0x16, 0x80, 0x67, 0x6c, 0x79, 0x00, 0x50, 0x9a, 0x63, 0x80, 0x1a, 0xb0, 0x81, 0xcc, 0x80, 0xc8,
  0x80, 0xb5, 0x94, 0x80, 0x22, 0xe1, 0x6f, 0x6c, 0x64, 0xa5, 0x80, 0x1c, 0x80, 0x6a, 0x80, 0xb7, 0x80, 0x03, 0x80, 0xb8,
  0x80, 0x3f, 0x6d, 0x75, 0x99, 0x0a, 0xe0, 0x80, 0x65, 0x70, 0x94, 0x80, 0x3f, 0x8c, 0x80, 0xb5, 0x94, 0xeb, 0x61, 0x9e,
  0x9e, 0x85, 0x64, 0xa5, 0xba, 0x80, 0xc0, 0x80, 0x12, 0x80, 0x16, 0x80, 0x67, 0x6c, 0x79, 0x00, 0xd7, 0x80, 0x84, 0x63,
  0xb9, 0x81, 0x80, 0x08, 0x80, 0x7c, 0x94, 0x80, 0x3c, 0x43, 0x41, 0x80, 0x45, 0x20, 0x80, 0x61, 0xcd, 0x00, 0x80, 0xe1,
  0xa1, 0x80, 0x1d, 0x8b, 0x80, 0x7e, 0x94, 0x80, 0x22, 0x43, 0x41, 0x80, 0x45, 0x20, 0x80, 0xf9, 0xc6, 0x53, 0x50, 0x4c,
  0x00, 0xd7, 0x99, 0x85, 0x94, 0x80, 0x16, 0x63, 0x80, 0x1a, 0xb0, 0x81, 0xa4, 0x92, 0xee, 0x9b, 0x80, 0x26, 0xfb, 0x80,
  0x5c, 0x80, 0xc7, 0xa1, 0x80, 0xf9, 0x80, 0xe0, 0x70, 0x8c, 0x70, 0x61, 0x8c, 0x64, 0x0a, 0x80, 0x25, 0x00, 0x55, 0x70,
  0xc3, 0x81, 0x99, 0x89, 0x80, 0x11, 0xda, 0x87, 0x80, 0x08, 0x80, 0x9b, 0xf4, 0x63, 0x9a, 0x73, 0x87, 0x80, 0xa2, 0x93,
  0x63, 0x9a, 0x73, 0x87, 0x80, 0x03, 0x80, 0xb8, 0x6f, 0xf6, 0xf7, 0x00, 0xd7, 0xcc, 0x80, 0x8f, 0x89, 0x93, 0x80, 0xe0,
  0xa8, 0x94, 0x9e, 0x80, 0xa5, 0x80, 0x5a, 0xa4, 0x80, 0xb6, 0x00, 0x53, 0x80, 0x05, 0x65, 0x80, 0x52, 0x8a, 0x82, 0x80,
  0x46, 0xa6, 0xb5, 0x80, 0x21, 0xbe, 0x00, 0x80, 0xba, 0x80, 0x29, 0xba, 0x80, 0x4d, 0x82, 0x73, 0x80, 0x05, 0x65, 0x80,
  0x52, 0x8a, 0x82, 0x80, 0xd0, 0x00, 0x80, 0xba, 0x80, 0x29, 0xba, 0x8c, 0x9d, 0xb9, 0x81, 0x73, 0x80, 0x05, 0x65, 0x80,
  0x52, 0x8a, 0x82, 0x80, 0xd0, 0x00, 0x80, 0xba, 0x80, 0x29, 0xba, 0x9a, 0x80, 0xc3, 0x62, 0xab, 0x80, 0x12, 0xba, 0x73,
  0x80, 0x05, 0x65, 0x80, 0x52, 0x8a, 0x82, 0x80, 0xd0, 0x00, 0x53, 0x80, 0x05, 0x65, 0x80, 0x52, 0x8a, 0x82, 0x80, 0x61,
  0xcd, 0x87, 0x80, 0x87, 0xea, 0x73, 0x80, 0x9b, 0x8a, 0x73, 0x69, 0x64, 0x81, 0x74, 0x80, 0x59, 0x80, 0xf5, 0x83, 0xf7,
  0x00, 0x80, 0xdb, 0x80, 0xc3, 0x62, 0xab, 0x80, 0x12, 0xba, 0x73, 0x80, 0x05, 0x65, 0x80, 0x52, 0x8a, 0x82, 0xea, 0x73,
  0x80, 0x9b, 0xf4, 0xe6, 0xc3, 0xc7, 0xe1, 0x6f, 0x6c, 0x86, 0x80, 0x03, 0x80, 0xb8, 0x9e, 0x73, 0xfe, 0x80, 0xaa, 0xca,
  0x00, 0x43, 0x80, 0x8e, 0x4e, 0x45, 0x43, 0x80, 0x32, 0x42, 0x59, 0x20, 0x80, 0x76, 0x97, 0x80, 0x2e, 0xe4, 0x74, 0x94,
  0x80, 0xd6, 0xaa, 0xe3, 0x2f, 0x63, 0x79, 0x63, 0x80, 0x01, 0x00, 0x47, 0x95, 0x83, 0xda, 0xc0, 0x93, 0x9e, 0x43, 0x80,
  0x8e, 0x4e, 0x45, 0x43, 0x80, 0x32, 0x42, 0x59, 0x80, 0xde, 0x52, 0x80, 0xbc, 0x73, 0x80, 0xc6, 0x80, 0x76, 0x97, 0x80,
  0x16, 0x80, 0x35, 0x73, 0x8a, 0x80, 0xc2, 0x00, 0xc8, 0x80, 0x95, 0x8c, 0x63, 0x82, 0x80, 0x1f, 0x80, 0xb7, 0x43, 0x80,
  0x8e, 0x4e, 0x45, 0x43, 0x80, 0x32, 0x42, 0x59, 0x20, 0x80, 0x85, 0x79, 0x80, 0xc0, 0x64, 0x87, 0x9e, 0x80, 0xa5, 0x80,
  0x5a, 0xa4, 0x80, 0xb6, 0x00, 0x43, 0x80, 0x8e, 0x4e, 0x45, 0x43, 0x54, 0x5f, 0x42, 0x59, 0x5f, 0xdd, 0x43, 0x59, 0x43,
  0x80, 0xed, 0x20, 0xa6, 0xa8, 0x94, 0xfa, 0x80, 0xa4, 0x82, 0xa7, 0x4e, 0x4f, 0x43, 0x59, 0x43, 0x80, 0xed, 0x20, 0x80,
  0x85, 0x79, 0x80, 0xc0, 0xa9, 0x00, 0x59, 0x80, 0xa4, 0xfd, 0x9f, 0x80, 0x1f, 0xa1, 0x6a, 0x6f, 0x8a, 0x2d, 0x6d, 0x65,
  0x8f, 0x6f, 0x86, 0x80, 0xe8, 0x80, 0xc6, 0x93, 0xa7, 0x4f, 0x52, 0x80, 0xdc, 0x80, 0x5d, 0x80, 0xc9, 0x80, 0xe8, 0x80,
  0xc6, 0x80, 0xd6, 0x43, 0x80, 0x8e, 0x4e, 0x45, 0x43, 0x80, 0x32, 0x42, 0x59, 0x0a, 0x51, 0x75, 0x83, 0x80, 0x9c, 0x00,
  0x43, 0x9a, 0x73, 0x87, 0x80, 0x03, 0x80, 0xb8, 0x6f, 0xf6, 0x87, 0x80, 0xe0, 0x80, 0xf6, 0x95, 0x63, 0x94, 0x9e, 0x43,
  0x80, 0x8e, 0x4e, 0x45, 0x43, 0x80, 0x32, 0x42, 0x59, 0x20, 0x80, 0x76, 0x69, 0x80, 0xaf, 0x00, 0x59, 0x80, 0xa4, 0xfd,
  0x9f, 0x80, 0xd7, 0xa1, 0x43, 0x80, 0x8e, 0x4e, 0x45, 0x43, 0x80, 0x32, 0x42, 0x59, 0x20, 0x80, 0x76, 0x97, 0xf4, 0xa1,
  0x6a, 0x6f, 0x9e, 0xc6, 0x74, 0x77, 0xa0, 0x93, 0x6d, 0x85, 0x81, 0x80, 0xf0, 0xf7, 0x00, 0xd7, 0x80, 0x6d, 0xc6, 0x80,
  0xa5, 0x73, 0xbd, 0x80, 0x6a, 0x95, 0x80, 0xa7, 0x9a, 0x6e, 0x6d, 0xd5, 0x80, 0xb3, 0x80, 0x29, 0x80, 0x88, 0x62, 0xfc,
  0x77, 0x65, 0x80, 0x02, 0x30, 0x20, 0x80, 0x3f, 0x33, 0x32, 0x2e, 0x00, 0xc8, 0x80, 0x95, 0x8c, 0x63, 0x82, 0x80, 0x1f,
  0x80, 0xb7, 0x62, 0x73, 0xf4, 0xb5, 0x77, 0x8a, 0x86, 0x9e, 0x80, 0xa5, 0x80, 0x5a, 0xa4, 0x80, 0xb6, 0x00, 0x80, 0xc5,
  0x43, 0x80, 0x10, 0x20, 0x80, 0x48, 0x80, 0xd7, 0xa1, 0x80, 0xb1, 0x2d, 0x8c, 0x80, 0x38, 0x73, 0x80, 0xc6, 0x73, 0x75,
  0x62, 0x2d, 0x80, 0x76, 0x97, 0x80, 0x3f, 0x80, 0x93, 0x80, 0x41, 0x80, 0xfc, 0xdf, 0x81, 0x8c, 0x80, 0x38, 0x73, 0x80,
  0xc6, 0x73, 0x75, 0x62, 0x2d, 0x80, 0x76, 0x80, 0x9c, 0x00, 0x80, 0x6f, 0x6c, 0xb4, 0x84, 0xcc, 0x8b, 0x80, 0xad, 0x86,
  0x80, 0x3c, 0x74, 0x80, 0x96, 0x65, 0x82, 0x80, 0x57, 0x00, 0x54, 0x80, 0x29, 0xcc, 0x80, 0x08, 0xa7, 0x74, 0x80, 0x96,
  0x65, 0x82, 0x80, 0x57, 0x00, 0x80, 0x6f, 0x6c, 0xb4, 0x84, 0xcc, 0x80, 0x08, 0x80, 0xad, 0x86, 0x80, 0x3c, 0x73, 0x80,
  0xd1, 0x80, 0x53, 0x80, 0x57, 0x00, 0x54, 0x80, 0x29, 0xcc, 0x80, 0x08, 0xa7, 0x73, 0x80, 0xd1, 0x80, 0x53, 0x80, 0x57,
  0x00, 0x80, 0xc5, 0x4d, 0x45, 0x52, 0x47, 0x45, 0x20, 0x80, 0xfb, 0x80, 0x08, 0x80, 0x9b, 0xf4, 0x80, 0xa5, 0x74, 0x80,
  0x96, 0x65, 0x82, 0xf2, 0x80, 0x25, 0x00, 0xac, 0xe6, 0xc3, 0x81, 0x93, 0xe2, 0x9d, 0x80, 0x98, 0xa1, 0x80, 0xf1, 0x74,
  0x77, 0xda, 0x81, 0x80, 0xd6, 0x4d, 0x45, 0x52, 0x47, 0x45, 0x20, 0x80, 0x61, 0x80, 0xee, 0x00, 0xac, 0x80, 0x7c, 0x81,
  0xe1, 0x80, 0x28, 0x53, 0x80, 0x10, 0x41, 0x80, 0xc9, 0x4f, 0x46, 0x20, 0x74, 0x80, 0x59, 0x80, 0xf5, 0xa5, 0xf4, 0xa1,
  0x80, 0xa7, 0x80, 0xe3, 0x80, 0x82, 0x80, 0x02, 0xa7, 0x80, 0xa7, 0x80, 0xe3, 0xa6, 0x80, 0x84, 0xf3, 0x8f, 0x65, 0x0a,
  0x74, 0x80, 0x96, 0x65, 0x82, 0x80, 0x3c, 0x4d, 0x45, 0x52, 0x47, 0x45, 0x20, 0x80, 0x61, 0x80, 0xee, 0x00, 0x4f, 0x80,
  0x67, 0xef, 0x80, 0x08, 0x80, 0x00, 0xf4, 0xa1, 0x73, 0x92, 0xdf, 0x64, 0x80, 0xeb, 0x80, 0x03, 0x80, 0x1c, 0x2e, 0x00,
  0x49, 0x84, 0xa1, 0x4d, 0x45, 0x52, 0x47, 0x45, 0x20, 0x80, 0x61, 0xcd, 0x80, 0x0b, 0xa7, 0x73, 0x80, 0xd2, 0x80, 0x52,
  0x80, 0x60, 0x69, 0xd2, 0x80, 0xb7, 0x74, 0x80, 0x96, 0x65, 0x82, 0xf2, 0x80, 0x3f, 0x73, 0x80, 0xd1, 0x80, 0x53, 0x0a,
  0xf2, 0xcc, 0x64, 0xa0, 0x8b, 0x80, 0xdf, 0xd3, 0x2e, 0x00, 0xd7, 0xe3, 0x74, 0x80, 0x06, 0x80, 0x2b, 0xa5, 0x80, 0x70,
  0xd3, 0x6f, 0x6f, 0x73, 0x81, 0xa1, 0x80, 0xa7, 0x80, 0x29, 0x70, 0x6c, 0xe1, 0x62, 0xb9, 0x94, 0xf4, 0xa7, 0x80, 0x8e,
  0xfd, 0x80, 0x54, 0x80, 0x1f, 0xaf, 0x6c, 0xd0, 0x0a, 0x80, 0x84, 0x80, 0x3c, 0x4d, 0x45, 0x52, 0x47, 0x45, 0x20, 0x80,
  0x61, 0x80, 0xee, 0x00, 0x59, 0x80, 0xa4, 0xfd, 0x9f, 0x80, 0x4d, 0x82, 0xa7, 0x47, 0x52, 0x41, 0x4e, 0x80, 0x32, 0x41,
  0x43, 0x43, 0x45, 0x53, 0x53, 0x80, 0xde, 0x80, 0x5d, 0x56, 0x4f, 0x4b, 0x45, 0x20, 0x41, 0x43, 0x43, 0x45, 0x53, 0x53,
  0x20, 0x80, 0x16, 0x80, 0x67, 0x74, 0x69, 0xd2, 0x80, 0x82, 0x80, 0x02, 0x8f, 0x65, 0x0a, 0x55, 0x80, 0x45, 0x52, 0x4d,
  0x41, 0x50, 0x50, 0x80, 0x28, 0x47, 0x20, 0xdf, 0xcf, 0xaf, 0xb2, 0x80, 0x50, 0xbc, 0xfc, 0xa5, 0xa6, 0x4f, 0x46, 0x46,
  0x00, 0xd7, 0x80, 0x84, 0x67, 0x9a, 0xe6, 0x20, 0x80, 0x46, 0xcc, 0x80, 0x49, 0x80, 0x5b, 0x2e, 0x00, 0xd7, 0x80, 0x84,
  0xa8, 0xa5, 0x80, 0x46, 0xcc, 0x80, 0x49, 0x80, 0x5b, 0x2e, 0x00, 0x59, 0x80, 0xa4, 0xfd, 0x9f, 0x80, 0x41, 0xea, 0x80,
  0xca, 0x80, 0x5b, 0xc7, 0x80, 0xcf, 0x87, 0xc1, 0xa8, 0xa5, 0x80, 0xa0, 0x88, 0x77, 0x2e, 0x20, 0x59, 0x80, 0xa4, 0x20,
  0x80, 0x48, 0x8c, 0x76, 0x6f, 0x6b, 0x81, 0x80, 0xcf, 0x73, 0x0a, 0xaf, 0x72, 0x80, 0xfc, 0x8f, 0x80, 0x02, 0x67, 0x80,
  0x04, 0x82, 0x80, 0xcf, 0xf7, 0x00, 0x59, 0x80, 0xa4, 0x20, 0x73, 0x80, 0xc4, 0x80, 0x92, 0xff, 0x80, 0xca, 0xa1, 0x67,
  0x9a, 0xe6, 0x20, 0xc1, 0xa7, 0xa8, 0x83, 0x2e, 0x00, 0x59, 0x80, 0xa4, 0x20, 0x80, 0x84, 0x6d, 0x85, 0x81, 0x8f, 0xe1,
  0x25, 0x86, 0x67, 0x9a, 0xe6, 0x20, 0x80, 0xbf, 0x83, 0x87, 0x93, 0x80, 0xb2, 0x80, 0xaf, 0x00, 0x80, 0xf4, 0x80, 0x46,
  0xcc, 0x80, 0x56, 0x80, 0x68, 0x80, 0x97, 0x80, 0x02, 0x67, 0x80, 0x04, 0x74, 0x94, 0x80, 0xcf, 0xf7, 0x00, 0x59, 0x80,
  0xa4, 0xfd, 0x9f, 0x67, 0x80, 0x04, 0x82, 0x9a, 0x6f, 0x82, 0x93, 0x8a, 0x80, 0x4a, 0x69, 0x78, 0x20, 0xa8, 0xa5, 0x70,
  0x72, 0xf8, 0x80, 0x4e, 0xc5, 0xba, 0xa7, 0xa8, 0x83, 0x2e, 0x00, 0x59, 0x80, 0xa4, 0xfd, 0x9f, 0x67, 0x80, 0x04, 0x82,
  0x80, 0xcf, 0x87, 0xba, 0xa8, 0xa5, 0x8a, 0x80, 0x4a, 0x69, 0x78, 0x80, 0xde, 0x9a, 0x6f, 0x80, 0xb6, 0x00, 0xd7, 0x80,
  0x84, 0x67, 0x9a, 0xe6, 0x20, 0x80, 0x56, 0xd8, 0x6d, 0x8a, 0x80, 0x11, 0x72, 0x89, 0x80, 0xc6, 0x70, 0x72, 0xf8, 0x80,
  0x4e, 0x67, 0x80, 0xaf, 0x20, 0x59, 0x80, 0xa4, 0x20, 0x80, 0x48, 0x65, 0x69, 0x8f, 0xa5, 0xff, 0x66, 0x79, 0x0a, 0xa8,
  0x83, 0x61, 0x75, 0x8f, 0x20, 0x80, 0x16, 0x80, 0x67, 0x74, 0x69, 0xd2, 0x93, 0x8b, 0x8a, 0x80, 0xcb, 0x75, 0x64, 0x81,
  0xa7, 0x67, 0x9a, 0xe6, 0x20, 0x80, 0x3c, 0x47, 0x52, 0x41, 0x4e, 0x80, 0x32, 0x41, 0x43, 0x43, 0x45, 0x53, 0x53, 0x20,
  0x80, 0x61, 0x80, 0xee, 0x00, 0xd7, 0x80, 0x84, 0xa8, 0x83, 0x61, 0x75, 0x8f, 0x20, 0xcc, 0x80, 0x16, 0x80, 0x67, 0x74,
  0x97, 0x80, 0x49, 0x80, 0x5b, 0x2e, 0x80, 0x72, 0xd7, 0x80, 0x00, 0x80, 0x13, 0xd2, 0x61, 0x8c, 0x0a, 0x64, 0x62, 0x73,
  0x61, 0x80, 0x0b, 0x64, 0x62, 0x73, 0x73, 0x6f, 0x80, 0x0b, 0x64, 0x62, 0x61, 0x61, 0xa0, 0x93, 0x62, 0x80, 0x96, 0x9a,
  0xe6, 0x2e, 0x00, 0xd7, 0x80, 0xc4, 0x6d, 0x81, 0x80, 0xe8, 0x85, 0x97, 0xa6, 0x80, 0x68, 0x80, 0x21, 0xbe, 0x00, 0xd7,
  0x67, 0x9a, 0xe6, 0x20, 0x80, 0x46, 0xa6, 0x80, 0x68, 0x80, 0x21, 0xbe, 0x00, 0xd7, 0xa8, 0x83, 0x61, 0x75, 0x8f, 0x20,
  0x80, 0x16, 0x80, 0x67, 0x74, 0x97, 0xa6, 0x80, 0x68, 0x80, 0x21, 0xbe, 0x00, 0x80, 0x6f, 0x80, 0xd3, 0x77, 0x72, 0xbf,
  0x81, 0xba, 0xa4, 0x80, 0xbb, 0xf2, 0xaf, 0x9d, 0x9c, 0x80, 0xd0, 0x00, 0x80, 0x6f, 0x80, 0xd3, 0xa4, 0x80, 0xcb, 0xa8,
  0xf8, 0x65, 0x80, 0x47, 0x80, 0x78, 0x80, 0x12, 0xa4, 0x80, 0xbb, 0x80, 0x57, 0x00, 0x80, 0x6f, 0x80, 0xd3, 0x63, 0xaa,
  0x73, 0x81, 0xa4, 0x80, 0xbb, 0x80, 0x57, 0x00, 0x80, 0x6f, 0x80, 0xd3, 0x80, 0xd5, 0xaf, 0x9d, 0x9c, 0x28, 0xaf, 0x9d,
  0x2c, 0xc0, 0x88, 0x29, 0x3d, 0x80, 0x25, 0x00, 0x80, 0x6f, 0x80, 0xd3, 0x63, 0xaa, 0x73, 0x81, 0xa4, 0x80, 0xbb, 0xf2,
  0xaf, 0x9d, 0x9c, 0x80, 0xd0, 0x20, 0x00, 0x46, 0x61, 0xfb, 0x94, 0xba, 0x8c, 0x80, 0x73, 0x80, 0xcc, 0xaf, 0x9d, 0x9c,
  0x28, 0xaf, 0x9d, 0x2c, 0xc0, 0x88, 0x29, 0x3d, 0x80, 0x25, 0x00, 0x46, 0x80, 0xd9, 0xa6, 0x8a, 0x80, 0x95, 0x80, 0x9d,
  0x80, 0x47, 0x80, 0x84, 0xf3, 0xa1, 0x44, 0xdd, 0x4b, 0x20, 0xd4, 0x65, 0x9c, 0x28, 0xaf, 0x9d, 0x29, 0x3d, 0x80, 0x25,
  0x00, 0x46, 0x80, 0xd9, 0xa6, 0x8a, 0x80, 0x95, 0x80, 0x9d, 0x80, 0x47, 0x80, 0x84, 0xf3, 0xa1, 0x50, 0x49, 0x50, 0x45,
  0x20, 0xd4, 0x65, 0x9c, 0x28, 0xaf, 0x9d, 0x29, 0x3d, 0x80, 0x25, 0x00, 0x80, 0xb9, 0x80, 0xcf, 0x73, 0xc7, 0x41, 0x49,
  0x4f, 0x20, 0x80, 0xf3, 0x66, 0x66, 0xa5, 0x28, 0x46, 0x49, 0x80, 0xed, 0x2c, 0x4c, 0x80, 0x28, 0x45, 0x2c, 0x80, 0xf3,
  0xaf, 0x64, 0x2c, 0x99, 0x89, 0xa8, 0x29, 0x3d, 0x80, 0x25, 0x00, 0x80, 0x6f, 0x80, 0xd3, 0x8c, 0x80, 0x41, 0x76, 0x81,
  0xa7, 0xa4, 0x80, 0xbb, 0xf2, 0xaf, 0x9d, 0x9c, 0x80, 0xd0, 0x00, 0x45, 0x78, 0x80, 0xbb, 0xf2, 0x8a, 0x80, 0x55, 0x8d,
  0xd1, 0x80, 0xd0, 0x00, 0x46, 0x61, 0xfb, 0x94, 0xba, 0x99, 0x90, 0x82, 0xe1, 0x41, 0x49, 0x4f, 0x20, 0x80, 0xfb, 0xb3,
  0x88, 0x3d, 0x80, 0xd0, 0x00, 0x54, 0x80, 0x96, 0x65, 0x82, 0xf2, 0x80, 0x70, 0x80, 0xd7, 0x42, 0x80, 0x7b, 0x42, 0x20,
  0x80, 0x8c, 0xf7, 0x00, 0x45, 0x78, 0x80, 0xbb, 0xf2, 0x80, 0xa6, 0xcf, 0x80, 0x1c, 0x80, 0x6a, 0x80, 0x26, 0xfb, 0xb0,
  0x81, 0x28, 0xb5, 0xaa, 0xd8, 0x29, 0x2e, 0x00, 0x80, 0xe1, 0x61, 0x80, 0x4b, 0x66, 0xe4, 0x80, 0x20, 0x28, 0xb5, 0xaa,
  0xd8, 0x29, 0x2e, 0x00, 0x80, 0xe1, 0x61, 0x80, 0x4b, 0x41, 0x49, 0x4f, 0x20, 0x77, 0x72, 0xbf, 0x81, 0xb3, 0x93, 0x28,
  0xb5, 0xaa, 0xd8, 0x29, 0x9c, 0x80, 0xd0, 0x00, 0x41, 0x6c, 0x80, 0x20, 0x80, 0xa6, 0xaf, 0x9d, 0x87, 0x80, 0x87, 0x65,
  0x69, 0x8f, 0xa5, 0x66, 0xe4, 0x80, 0x20, 0x93, 0x80, 0x95, 0x72, 0xe6, 0x74, 0x94, 0x28, 0xb5, 0xaa, 0xd8, 0x29, 0x2e,
  0x00, 0x43, 0xdf, 0x80, 0x1c, 0x80, 0x6a, 0xb3, 0x3a, 0x28, 0xaf, 0x9d, 0x2c, 0xbb, 0x66, 0x73, 0xfc, 0x2c, 0x8c, 0xb9,
  0xdf, 0x2c, 0xdb, 0x29, 0x3d, 0x80, 0x25, 0x00, 0x46, 0x61, 0xfb, 0x94, 0xba, 0x80, 0xcf, 0x87, 0xaf, 0x9d, 0x3a, 0x28,
  0xaf, 0x9d, 0x2c, 0xc0, 0x88, 0x29, 0x3d, 0x80, 0x25, 0x00, 0x80, 0x6f, 0x80, 0xd3, 0x80, 0x2f, 0x86, 0x8c, 0x80, 0x95,
  0x86, 0x95, 0x64, 0x9c, 0x80, 0x48, 0x99, 0xe3, 0x20, 0xaa, 0xd8, 0x8a, 0x80, 0xc2, 0x00, 0xac, 0xb5, 0x64, 0xa0, 0x80,
  0x50, 0x74, 0x69, 0xdc, 0x77, 0x72, 0xbf, 0x81, 0xba, 0x80, 0xa0, 0x80, 0x82, 0x80, 0x02, 0xe2, 0x74, 0xb6, 0xc7, 0xa1,
  0x66, 0xe4, 0x80, 0x20, 0xea, 0x73, 0x6b, 0x2e, 0x00, 0xce, 0x83, 0x81, 0x80, 0x87, 0x80, 0x75, 0x6d, 0x80, 0xf7, 0x80,
  0xa0, 0x80, 0x85, 0x79, 0x80, 0xc0, 0x64, 0x87, 0x80, 0x3c, 0x55, 0x53, 0x80, 0x28, 0x47, 0xfd, 0x80, 0x54, 0xa8, 0xc2,
  0x00, 0xc8, 0x80, 0x95, 0x8c, 0x63, 0x82, 0x80, 0x6d, 0xc1, 0xa1, 0x80, 0x85, 0x79, 0x80, 0xc0, 0x86, 0x80, 0xd0, 0x00,
  0xc8, 0x80, 0x95, 0x8c, 0x63, 0x82, 0x44, 0x41, 0x54, 0x41, 0x46, 0x49, 0x80, 0xed, 0x20, 0xcd, 0x72, 0x97, 0x80, 0xd0,
  0x00, 0x44, 0x41, 0x54, 0x41, 0x46, 0x49, 0x80, 0xed, 0x20, 0xcd, 0x80, 0x59, 0xd2, 0x80, 0x87, 0x6d, 0x80, 0x31, 0x73,
  0x8a, 0x80, 0xc2, 0x00, 0xac, 0x80, 0x1f, 0x53, 0xd6, 0x45, 0x41, 0x53, 0x20, 0xc1, 0x46, 0x49, 0x58, 0x45, 0x80, 0xc9,
  0x80, 0x4a, 0x80, 0x93, 0x80, 0xf0, 0xf7, 0x00, 0xc8, 0x80, 0x95, 0x8c, 0x63, 0x82, 0xa4, 0x80, 0xbb, 0x80, 0x89, 0x80,
  0x1d, 0x80, 0xd0, 0x00, 0x46, 0x49, 0x58, 0x45, 0x80, 0xc9, 0x93, 0x80, 0xdc, 0x4c, 0x49, 0x4d, 0x49, 0x80, 0x10, 0x80,
  0xc9, 0x80, 0x8c, 0x87, 0x80, 0x88, 0xa4, 0x80, 0xbb, 0x43, 0x48, 0x41, 0x80, 0x62, 0x80, 0x1d, 0x80, 0xd0, 0x00, 0x4d,
  0x80, 0x31, 0x73, 0xc7, 0xa4, 0x80, 0xbb, 0x80, 0x89, 0x80, 0x1d, 0x80, 0xd0, 0x00, 0x4f, 0x6e, 0x80, 0x47, 0x46, 0x49,
  0x58, 0x45, 0x80, 0xc9, 0x80, 0x4a, 0x80, 0x93, 0x80, 0x8c, 0x87, 0x63, 0xe1, 0x64, 0x92, 0x6c, 0x80, 0x87, 0xa1, 0x4e,
  0x55, 0x4c, 0x80, 0x6b, 0x80, 0xd0, 0x00, 0xc8, 0x80, 0x95, 0x8c, 0x63, 0x82, 0x80, 0x4b, 0x80, 0x1d, 0x9e, 0x44, 0x41,
  0x54, 0x41, 0x46, 0x49, 0x80, 0xed, 0x53, 0x20, 0x80, 0x3a, 0xc7, 0x80, 0xd0, 0x00, 0x80, 0x6f, 0x80, 0xd3, 0x8c, 0x70,
  0x6c, 0xab, 0x81, 0x72, 0x20, 0x6d, 0xab, 0x9a, 0x20, 0x9e, 0xaf, 0x6c, 0x95, 0xfe, 0x80, 0xd0, 0x00, 0x80, 0x6f, 0x80,
  0xd3, 0x80, 0x50, 0x73, 0x81, 0x72, 0x20, 0x6d, 0xab, 0x9a, 0x20, 0x9e, 0xaf, 0x6c, 0x95, 0xfe, 0x80, 0xd0, 0x00, 0x4e,
  0xdf, 0x81, 0x80, 0xb7, 0x44, 0x41, 0x54, 0x41, 0x46, 0x49, 0x80, 0xed, 0x53, 0x20, 0x80, 0x3a, 0x8a, 0x67, 0x87, 0x80,
  0x46, 0x80, 0x00, 0x80, 0xa6, 0xaf, 0x9d, 0xf7, 0x00, 0x46, 0x80, 0xd9, 0x80, 0x46, 0xa6, 0x80, 0x75, 0xaa, 0x6e, 0x67,
  0x9c, 0x80, 0xd0, 0x00, 0xac, 0x80, 0x4d, 0x6c, 0x80, 0x8b, 0x80, 0xcc, 0x6d, 0xe4, 0x74, 0x69, 0x70, 0xa2, 0xa4, 0x80,
  0xbb, 0x80, 0xf0, 0xf7, 0x00, 0x4e, 0xe4, 0x80, 0x20, 0x80, 0x3a, 0xc7, 0xa6, 0x80, 0x75, 0xaa, 0x6e, 0xb2, 0x93, 0x80,
  0x56, 0xe1, 0x8a, 0x80, 0x95, 0x8c, 0x63, 0x82, 0x80, 0x4a, 0x80, 0x93, 0x80, 0xd0, 0x00, 0xac, 0x80, 0x1f, 0xa1, 0x80,
  0xa0, 0x63, 0x80, 0x54, 0x80, 0x1f, 0x80, 0x22, 0xa1, 0x80, 0x45, 0x80, 0xed, 0x43, 0x80, 0x32, 0x80, 0xf9, 0x8a, 0xba,
  0xe1, 0xa4, 0x80, 0xbb, 0x80, 0x57, 0x00, 0xc8, 0x80, 0x03, 0x82, 0x8a, 0xba, 0xe1, 0xa4, 0x80, 0xbb, 0xf2, 0x80, 0x48,
  0x80, 0x16, 0x80, 0xa7, 0x64, 0x81, 0x80, 0x13, 0xd2, 0xc1, 0x8d, 0x80, 0x20, 0x80, 0x8c, 0x87, 0x80, 0x3c, 0x80, 0x57,
  0x00, 0xc8, 0x80, 0x95, 0x8c, 0x63, 0x82, 0x80, 0x1f, 0xc6, 0xe1, 0xa4, 0x80, 0xbb, 0xf2, 0x80, 0xa0, 0x9e, 0x80, 0x76,
  0x80, 0x9c, 0x00, 0x80, 0x6f, 0x6c, 0xb4, 0x84, 0x80, 0x75, 0xaa, 0x6e, 0xb2, 0xc1, 0xaf, 0x78, 0x94, 0xaf, 0x80, 0xfe,
  0x86, 0x80, 0xd0, 0x00, 0x41, 0x84, 0xa4, 0x80, 0xbb, 0xf2, 0x80, 0x88, 0xa1, 0xaf, 0x78, 0x94, 0x80, 0x4a, 0x80, 0x93,
  0x80, 0x4b, 0x69, 0x66, 0x20, 0x80, 0xab, 0x80, 0x56, 0xe1, 0xa4, 0x80, 0xbb, 0x80, 0x89, 0xd4, 0x65, 0x0a, 0x80, 0xd0,
  0x00, 0x80, 0xba, 0x6b, 0x88, 0x77, 0x84, 0xa4, 0x80, 0xbb, 0x80, 0x89, 0x80, 0x1d, 0x80, 0xd0, 0x00, 0x80, 0x66, 0xcf,
  0x80, 0xef, 0x74, 0x87, 0x63, 0xe1, 0xe0, 0x80, 0x7c, 0x94, 0xc1, 0xa4, 0x80, 0xbb, 0x80, 0xf0, 0xf7, 0x00, 0xc8, 0x80,
  0xbb, 0x80, 0x1d, 0x80, 0x88, 0xa1, 0x6e, 0xb4, 0x83, 0xda, 0x20, 0x80, 0x1d, 0x80, 0xd0, 0x00, 0x52, 0x65, 0xab, 0x68,
  0x94, 0x80, 0xbe, 0x78, 0x80, 0x06, 0xb4, 0xc0, 0x93, 0x6c, 0x80, 0x06, 0x80, 0xab, 0x64, 0xb0, 0xc7, 0xaa, 0xd8, 0x9c,
  0x80, 0x25, 0x00, 0xac, 0x80, 0x41, 0xea, 0x80, 0xca, 0xe1, 0xa4, 0x80, 0xbb, 0xf2, 0x8f, 0x80, 0x93, 0xa6, 0x8d, 0x73,
  0xa0, 0xa8, 0x94, 0x80, 0x3c, 0x73, 0x75, 0x62, 0x80, 0x76, 0x80, 0x9c, 0x00, 0xd7, 0x80, 0x5d, 0x54, 0x41, 0x80, 0x28,
  0x55, 0x50, 0x44, 0x41, 0x80, 0x10, 0x80, 0x7b, 0x43, 0x4b, 0x53, 0x20, 0x73, 0xbd, 0x80, 0x6a, 0x95, 0x80, 0xa7, 0x9a,
  0x6e, 0x6d, 0xd5, 0x80, 0xe0, 0x80, 0x4d, 0x82, 0x80, 0xd6, 0x80, 0xb1, 0xaa, 0x80, 0xf5, 0x8a, 0x67, 0x0a, 0x80, 0x3e,
  0xc2, 0x20, 0x00, 0xd7, 0x80, 0x5d, 0x54, 0x41, 0x80, 0x28, 0x55, 0x50, 0x44, 0x41, 0x80, 0x10, 0x80, 0x7b, 0x43, 0x4b,
  0x53, 0x20, 0x73, 0xbd, 0x80, 0x6a, 0x95, 0x80, 0xa7, 0x9a, 0x6e, 0x6d, 0xd5, 0x80, 0xe0, 0x80, 0x4d, 0x82, 0xf4, 0x73,
  0x92, 0xdf, 0x64, 0x80, 0xeb, 0x80, 0x03, 0x80, 0xb8, 0x9e, 0x61, 0x0a, 0x20, 0x68, 0x69, 0x67, 0x68, 0x2d, 0x80, 0x05,
  0x61, 0xfb, 0x96, 0xfb, 0x80, 0x79, 0x80, 0xcb, 0x75, 0x99, 0x83, 0x2e, 0x00, 0x53, 0x74, 0x90, 0x20, 0x4a, 0x6f, 0x9e,
  0x80, 0xe8, 0x80, 0xc6, 0x80, 0xe0, 0x6f, 0x80, 0x97, 0x79, 0x80, 0x1a, 0x00, 0x53, 0x74, 0x90, 0x20, 0x4a, 0x6f, 0x9e,
  0x8c, 0xe5, 0x69, 0x8c, 0x87, 0x50, 0x44, 0x51, 0x20, 0x70, 0x80, 0x59, 0x85, 0x80, 0x79, 0x73, 0xfc, 0x00, 0x53, 0x74,
  0x90, 0x20, 0x4a, 0x6f, 0x9e, 0x8c, 0xe5, 0x69, 0x8c, 0x87, 0x55, 0x50, 0x44, 0x41, 0x80, 0x10, 0x20, 0x53, 0x54, 0x41,
  0x54, 0xdd, 0x54, 0x49, 0x43, 0x53, 0x20, 0xc1, 0x8d, 0x80, 0x20, 0x80, 0xf0, 0x87, 0x9e, 0x80, 0x76, 0x79, 0x00, 0x20,
  0x28, 0x52, 0x65, 0x80, 0x1c, 0x80, 0x4d, 0x29, 0x00, 0x28, 0x54, 0xb7, 0x70, 0x20, 0x54, 0x80, 0x29, 0x46, 0x93, 0x57,
  0x8a, 0x80, 0x09, 0x80, 0x0f, 0x46, 0x80, 0x3d, 0xca, 0x73, 0x29, 0x00, 0x80, 0x23, 0x80, 0xf3, 0x63, 0x80, 0x85, 0x82,
  0x80, 0xae, 0x81, 0x80, 0x84, 0xc1, 0x46, 0x4f, 0x80, 0x32, 0x80, 0x63, 0x2e, 0x00, 0x80, 0x23, 0x27, 0x68, 0xb9, 0x80,
  0xe5, 0xdf, 0x27, 0x20, 0x6c, 0x80, 0x31, 0x82, 0x80, 0x84, 0xc1, 0x46, 0x4f, 0x80, 0x32, 0x80, 0x63, 0x2e, 0x00, 0x80,
  0x23, 0x80, 0xa6, 0x80, 0x1d, 0xc1, 0x27, 0x68, 0xb9, 0x80, 0xe5, 0xdf, 0x27, 0x20, 0x80, 0x8c, 0x87, 0x80, 0x84, 0xc1,
  0x46, 0x4f, 0x80, 0x32, 0x80, 0x63, 0x2e, 0x00, 0x46, 0x4f, 0x80, 0x32, 0x80, 0x63, 0xd2, 0x80, 0xe0, 0x66, 0x80, 0x3d,
  0xca, 0xdc, 0x80, 0x63, 0x80, 0xaf, 0x00, 0x46, 0x4f, 0x80, 0x32, 0x80, 0x63, 0xd2, 0x80, 0xe0, 0x89, 0x74, 0xab, 0x68,
  0x94, 0x80, 0x63, 0x80, 0xaf, 0x00, 0x46, 0x4f, 0x80, 0x32, 0x80, 0x63, 0xd2, 0x80, 0xe0, 0x80, 0xcb, 0x75, 0x99, 0x83,
  0x94, 0x80, 0x63, 0x80, 0xaf, 0x00, 0x4f, 0x6e, 0x80, 0x47, 0xa7, 0x80, 0xb4, 0x53, 0x53, 0x4f, 0xfd, 0xe1, 0x80, 0x65,
  0x20, 0xa7, 0x61, 0x75, 0xea, 0x82, 0x80, 0x16, 0x80, 0x67, 0x74, 0x97, 0x80, 0xb7, 0x80, 0x57, 0x00, 0xd7, 0x80, 0xdc,
  0x4c, 0x49, 0x4d, 0x49, 0x80, 0x10, 0x80, 0x62, 0x80, 0x85, 0x79, 0x80, 0xc0, 0x86, 0x80, 0x08, 0x80, 0x00, 0xc1, 0x46,
  0x49, 0x58, 0x45, 0x80, 0xc9, 0x80, 0x4a, 0x80, 0x93, 0x80, 0xf0, 0xf7, 0x00, 0xac, 0x80, 0x67, 0x80, 0x4a, 0x20, 0x80,
  0xa5, 0x80, 0xfb, 0xf4, 0xe1, 0xa4, 0x80, 0xbb, 0x80, 0x57, 0x00, 0xd7, 0x80, 0x5d, 0x43, 0x4f, 0x52, 0x80, 0xdc, 0x4e,
  0x80, 0xc9, 0x80, 0x85, 0x79, 0x80, 0xc0, 0x86, 0x80, 0x08, 0x80, 0x00, 0xc1, 0x46, 0x49, 0x58, 0x45, 0x80, 0xc9, 0x80,
  0x4a, 0x80, 0x93, 0x80, 0xf0, 0xf7, 0x00, 0x42, 0x80, 0x7b, 0x42, 0x44, 0x49, 0x80, 0x62, 0x80, 0xe8, 0x85, 0x97, 0xcc,
  0x80, 0x49, 0xa4, 0x80, 0x31, 0x82, 0x93, 0x80, 0x08, 0x80, 0xcf, 0x73, 0x80, 0xd4, 0x80, 0x01, 0x00, 0x43, 0x80, 0x7b,
  0x42, 0x44, 0x49, 0x80, 0x62, 0x80, 0xe8, 0x85, 0x97, 0xcc, 0x80, 0x49, 0xa4, 0x80, 0x31, 0x82, 0x93, 0x80, 0x08, 0x80,
  0xcf, 0x73, 0x80, 0xd4, 0x80, 0x01, 0x00, 0x44, 0x41, 0x54, 0x41, 0x46, 0x49, 0x80, 0xed, 0x53, 0x20, 0x80, 0x3a, 0xc7,
  0xcc, 0x80, 0x22, 0x80, 0x4b, 0x80, 0x1d, 0x50, 0x49, 0x50, 0x45, 0x20, 0x80, 0x08, 0x80, 0x7e, 0x94, 0x80, 0x22, 0x42,
  0x80, 0x7b, 0x42, 0x2f, 0x43, 0x80, 0x7b, 0x42, 0x20, 0xd4, 0xbd, 0x00, 0x46, 0x4f, 0x52, 0x4d, 0x41, 0x80, 0x32, 0xcc,
  0x80, 0x08, 0x80, 0x7e, 0x94, 0x80, 0x22, 0x42, 0x80, 0x7b, 0x42, 0x80, 0x0b, 0x43, 0x80, 0x7b, 0x42, 0x80, 0x0b, 0x42,
  0x59, 0x80, 0x10, 0x80, 0xde, 0x80, 0x10, 0x58, 0x80, 0x32, 0xd4, 0xbd, 0x00, 0x80, 0x6f, 0x80, 0xd3, 0x80, 0x50, 0x73,
  0x81, 0x72, 0x20, 0x6d, 0xab, 0x9a, 0x20, 0x9e, 0x42, 0x80, 0x7b, 0x42, 0x44, 0x49, 0x80, 0x62, 0x80, 0xd0, 0x00, 0x80,
  0x6f, 0x80, 0xd3, 0x80, 0x50, 0x73, 0x81, 0x72, 0x20, 0x6d, 0xab, 0x9a, 0x20, 0x9e, 0x43, 0x80, 0x7b, 0x42, 0x44, 0x49,
  0x80, 0x62, 0x80, 0xd0, 0x00, 0xac, 0x80, 0x1f, 0x72, 0x20, 0x6d, 0xab, 0x9a, 0x20, 0x9e, 0x42, 0x80, 0x7b, 0x42, 0x44,
  0x49, 0x80, 0x62, 0x80, 0xa0, 0xfa, 0x80, 0xa4, 0x82, 0x80, 0xcd, 0xc7, 0xa1, 0x80, 0xdf, 0xd3, 0xc7, 0x6d, 0xab, 0x9a,
  0x20, 0x9e, 0xaf, 0x6c, 0x95, 0xfe, 0x80, 0xd0, 0x00, 0xac, 0x80, 0x1f, 0x72, 0x20, 0x6d, 0xab, 0x9a, 0x20, 0x9e, 0x43,
  0x80, 0x7b, 0x42, 0x44, 0x49, 0x80, 0x62, 0x80, 0xa0, 0xfa, 0x80, 0xa4, 0x82, 0x80, 0xcd, 0xc7, 0xa1, 0x80, 0xdf, 0xd3,
  0xc7, 0x6d, 0xab, 0x9a, 0x20, 0x9e, 0xaf, 0x6c, 0x95, 0xfe, 0x80, 0xd0, 0x00, 0x52, 0x8e, 0xc5, 0xc1, 0x72, 0x20, 0x6d,
  0xab, 0x9a, 0x20, 0x9e, 0x42, 0x80, 0x7b, 0x42, 0x44, 0x49, 0x80, 0x62, 0x80, 0xa0, 0x80, 0x49, 0x80, 0xdf, 0x80, 0x91,
  0x80, 0x04, 0xc5, 0x9e, 0xaf, 0x6c, 0x95, 0xfe, 0x80, 0xd0, 0x00, 0x52, 0x8e, 0xc5, 0xc1, 0x72, 0x20, 0x6d, 0xab, 0x9a,
  0x20, 0x9e, 0x43, 0x80, 0x7b, 0x42, 0x44, 0x49, 0x80, 0x62, 0x80, 0xa0, 0x80, 0x49, 0x80, 0xdf, 0x80, 0x91, 0x80, 0x04,
  0xc5, 0x9e, 0xaf, 0x6c, 0x95, 0xfe, 0x80, 0xd0, 0x00, 0x46, 0x4f, 0x52, 0x4d, 0x41, 0x80, 0x32, 0xcc, 0x80, 0x08, 0x80,
  0x7e, 0x94, 0x80, 0x22, 0x80, 0xe6, 0x80, 0x77, 0xd4, 0x80, 0xaf, 0x00, 0xd7, 0x80, 0x28, 0x80, 0x45, 0x52, 0x80, 0x32,
  0x80, 0xfb, 0x8a, 0xba, 0xe1, 0xa4, 0x80, 0xbb, 0xf2, 0x80, 0x26, 0xfb, 0x80, 0x5c, 0x80, 0xc7, 0xa1, 0x80, 0xf1, 0x80,
  0xae, 0x81, 0x80, 0xea, 0x80, 0x1a, 0x73, 0x0a, 0xa7, 0x80, 0xbe, 0x78, 0x80, 0x06, 0xb4, 0x20, 0x6c, 0x80, 0x06, 0x80,
  0xab, 0xc6, 0x80, 0xd0, 0x00, 0x80, 0x70, 0x80, 0xf2, 0x80, 0x8b, 0xba, 0xab, 0x80, 0x5f, 0x6c, 0x83, 0x89, 0x93, 0x80,
  0x03, 0x80, 0x1c, 0x9c, 0xa3, 0x00, 0xab, 0x80, 0x5f, 0x6c, 0x83, 0x89, 0x93, 0x80, 0x03, 0x80, 0xb8, 0x80, 0xfb, 0x80,
  0xce, 0x64, 0x9c, 0xa3, 0x00, 0x53, 0x51, 0x44, 0x57, 0x80, 0xc5, 0x8a, 0x80, 0x55, 0x8d, 0xcb, 0x00, 0x80, 0x76, 0x97,
  0x80, 0xe0, 0xab, 0x80, 0x5f, 0x6c, 0x83, 0x89, 0x80, 0x1a, 0x80, 0x0b, 0x66, 0x8d, 0x6c, 0x62, 0xab, 0x80, 0x12, 0xba,
  0x80, 0x78, 0xdc, 0xa4, 0x92, 0xee, 0x9b, 0x80, 0x08, 0x80, 0x42, 0x80, 0x1a, 0x00, 0x4d, 0xe4, 0x74, 0x69, 0x70, 0xa2,
  0x80, 0x38, 0x73, 0x85, 0x87, 0xba, 0xa1, 0x73, 0x8a, 0x67, 0xa2, 0xab, 0x80, 0x5f, 0x6c, 0x83, 0x89, 0x93, 0x80, 0x03,
  0x80, 0xb8, 0xb5, 0x80, 0x7e, 0x94, 0x80, 0xd6, 0x73, 0xbd, 0x73, 0xca, 0x00, 0x48, 0x6f, 0x80, 0xfc, 0x80, 0xb3, 0x96,
  0x9d, 0x87, 0x80, 0x1d, 0xd3, 0x8e, 0xc5, 0x8c, 0x62, 0x8a, 0x86, 0xa6, 0xb5, 0x80, 0x7e, 0x94, 0xc1, 0xab, 0x80, 0x5f,
  0x6c, 0x83, 0x89, 0x94, 0x80, 0x76, 0x79, 0x00, 0x41, 0x80, 0x59, 0x8f, 0x6d, 0xfc, 0xda, 0x20, 0x80, 0xfb, 0x80, 0x2e,
  0xe4, 0x74, 0x94, 0x9e, 0xe1, 0x6f, 0x80, 0x1c, 0x66, 0xaa, 0x77, 0x00, 0x44, 0x57, 0x80, 0xc5, 0x89, 0x80, 0x8d, 0x80,
  0x6c, 0x80, 0x1a, 0x3a, 0x00, 0x44, 0x57, 0x80, 0xc5, 0x80, 0x05, 0x6f, 0x69, 0x64, 0x5f, 0xa4, 0x92, 0xee, 0x65, 0x3a,
  0x00, 0x44, 0x57, 0x80, 0xc5, 0xa4, 0x92, 0xee, 0x80, 0x1a, 0x3a, 0x00, 0x49, 0x44, 0x53, 0x20, 0xa4, 0x92, 0xee, 0x80,
  0x1a, 0x3a, 0x00, 0x49, 0x44, 0x53, 0x20, 0x80, 0x05, 0x6f, 0x69, 0x64, 0x5f, 0xa4, 0x92, 0xee, 0x65, 0x3a, 0x00, 0x49,
  0x44, 0x53, 0x20, 0x46, 0x59, 0x49, 0x3a, 0x00, 0x28, 0x4f, 0x50, 0x54, 0x49, 0x4d, 0x49, 0x5a, 0x41, 0x54, 0x49, 0x80,
  0x8e, 0x20, 0x54, 0x49, 0x4d, 0x45, 0x53, 0x54, 0xd6, 0x50, 0x9c, 0xad, 0x00, 0x47, 0x52, 0x49, 0x44, 0x3a, 0xa3, 0x00,
  0x5b, 0xc8, 0x80, 0x55, 0x8d, 0x5d, 0x20, 0x45, 0x78, 0x74, 0x95, 0x64, 0x94, 0x80, 0x1d, 0x80, 0x08, 0xb1, 0x69, 0xa9,
  0x00, 0x53, 0x54, 0x41, 0x54, 0x43, 0x48, 0x41, 0x4e, 0x47, 0x45, 0xfd, 0xe1, 0x74, 0x61, 0x6b, 0x81, 0x80, 0x13, 0xd2,
  0x80, 0x3c, 0x80, 0x04, 0xc5, 0xc6, 0x30, 0x20, 0xba, 0x31, 0x30, 0x30, 0x2e, 0x00, 0x59, 0x80, 0xa4, 0xfd, 0x9f, 0xff,
  0x80, 0xca, 0xa7, 0x53, 0x54, 0x41, 0x54, 0x80, 0xed, 0x56, 0x45, 0x80, 0x6b, 0xf3, 0x46, 0x52, 0x41, 0x47, 0x4d, 0x45,
  0x4e, 0x80, 0x32, 0xc1, 0x80, 0xb1, 0x2d, 0x80, 0x80, 0x94, 0x80, 0xf0, 0xf7, 0x00, 0x80, 0xa0, 0x80, 0x08, 0x80, 0x7e,
  0x94, 0x9e, 0x80, 0xa5, 0x80, 0x1a, 0x80, 0xe2, 0xc6, 0xc8, 0x80, 0x4a, 0x69, 0x78, 0x20, 0x44, 0x79, 0x80, 0xb2, 0xda,
  0x20, 0x53, 0x83, 0x80, 0x1c, 0x2e, 0x00, 0xac, 0xff, 0x80, 0xca, 0x62, 0x6f, 0x8f, 0x20, 0xa1, 0x50, 0x52, 0x49, 0x4d,
  0x41, 0x52, 0x59, 0x20, 0x4b, 0x45, 0x59, 0x20, 0xcf, 0x80, 0xef, 0x82, 0x80, 0x3f, 0xa1, 0x4e, 0x55, 0x4c, 0x80, 0x6b,
  0xcf, 0x80, 0xef, 0x82, 0xf4, 0xa7, 0x73, 0xbc, 0x65, 0x0a, 0x80, 0x8c, 0x2e, 0x00, 0xac, 0xff, 0x80, 0xca, 0x62, 0x6f,
  0x8f, 0x20, 0xa1, 0x4e, 0x4f, 0x80, 0x32, 0x4e, 0x55, 0x4c, 0x80, 0x6b, 0xcf, 0x80, 0xef, 0x82, 0x80, 0x3f, 0xa1, 0x4e,
  0x55, 0x4c, 0x80, 0x6b, 0xcf, 0x80, 0xef, 0x82, 0xf4, 0xa7, 0x73, 0xbc, 0x65, 0x0a, 0x80, 0x8c, 0x2e, 0x00, 0xd7, 0x61,
  0x75, 0x8f, 0x85, 0x80, 0x2b, 0xef, 0x49, 0x80, 0xc9, 0x3c, 0xa3, 0x3e, 0x20, 0x80, 0x08, 0x80, 0x7c, 0x94, 0xc1, 0xa7,
  0x80, 0xdd, 0x75, 0x99, 0x94, 0x80, 0x5a, 0xa4, 0x80, 0xb6, 0x00, 0xd7, 0x80, 0xdd, 0x75, 0x99, 0x94, 0x80, 0x5a, 0xa4,
  0x82, 0x3c, 0xa3, 0x3e, 0x20, 0x80, 0x68, 0x80, 0x5b, 0xf7, 0x00, 0xd7, 0x80, 0xdd, 0x75, 0x99, 0x94, 0x80, 0x5a, 0xa4,
  0x82, 0x80, 0x21, 0xd2, 0xe1, 0x61, 0x75, 0x8f, 0x85, 0x80, 0x2b, 0xef, 0x49, 0x80, 0xc9, 0x28, 0x3c, 0xa3, 0x3e, 0x80,
  0xd8, 0x8f, 0x80, 0x93, 0xa6, 0xa8, 0x80, 0x5c, 0x97, 0x0a, 0x61, 0x88, 0x8f, 0xa5, 0x80, 0xdd, 0x75, 0x99, 0x94, 0x80,
  0x5a, 0xa4, 0x80, 0xb6, 0x00, 0xd7, 0x80, 0xdd, 0x75, 0x99, 0x94, 0x80, 0x5a, 0xa4, 0x82, 0x3c, 0xa3, 0x3e, 0x20, 0x80,
  0x49, 0x80, 0x5b, 0x2e, 0x00, 0x41, 0x74, 0x74, 0x80, 0x59, 0x62, 0xee, 0x81, 0x80, 0x22, 0x80, 0x6d, 0x3c, 0xa3, 0x3e,
  0xfd, 0x9f, 0xe0, 0x80, 0x65, 0x70, 0x94, 0x93, 0x8d, 0xd0, 0x80, 0x5c, 0x80, 0xc7, 0x80, 0xab, 0xa6, 0x88, 0x74, 0x0a,
  0x80, 0x50, 0x82, 0x80, 0xb7, 0x80, 0x7c, 0x80, 0xe2, 0xc6, 0x80, 0xdd, 0x75, 0x99, 0x94, 0x80, 0x5a, 0xa4, 0x80, 0xb6,
  0x00, 0x41, 0x74, 0x74, 0x80, 0x59, 0x62, 0xee, 0x81, 0x80, 0x22, 0x80, 0x6d, 0x3c, 0xa3, 0x3e, 0x20, 0x80, 0x08, 0xb5,
  0x69, 0xe5, 0x81, 0xc1, 0x80, 0xdd, 0x75, 0x99, 0x94, 0x80, 0x5a, 0xa4, 0x80, 0xb6, 0x00, 0x80, 0xf4, 0x3c, 0xa3, 0x3e,
  0xfd, 0x9f, 0xe0, 0x80, 0x65, 0x70, 0x94, 0x93, 0x8d, 0xd0, 0x80, 0x5c, 0x80, 0xc7, 0x80, 0xab, 0x80, 0x08, 0x80, 0x50,
  0x82, 0x80, 0xb7, 0x80, 0x7c, 0xbf, 0xca, 0x0a, 0xc6, 0x80, 0xdd, 0x75, 0x99, 0x94, 0x80, 0x5a, 0xa4, 0x80, 0xb6, 0x00,
  0x80, 0xf4, 0x3c, 0xa3, 0x3e, 0x20, 0x80, 0x08, 0xb5, 0x69, 0xe5, 0x81, 0xc1, 0x80, 0xdd, 0x75, 0x99, 0x94, 0x80, 0x5a,
  0xa4, 0x80, 0xb6, 0x00, 0xd7, 0x43, 0x80, 0x5d, 0x41, 0x80, 0x10, 0x20, 0x54, 0x52, 0x55, 0x53, 0x80, 0x10, 0x80, 0xc9,
  0x43, 0x80, 0x8e, 0x80, 0x10, 0x58, 0x80, 0x32, 0x93, 0x41, 0x4c, 0x80, 0x10, 0x80, 0x62, 0x54, 0x52, 0x55, 0x53, 0x80,
  0x10, 0x80, 0xc9, 0x43, 0x80, 0x8e, 0x80, 0x10, 0x58, 0x80, 0x32, 0x80, 0xf9, 0x80, 0xc8, 0x8b, 0x80, 0x16, 0x80, 0x35,
  0x73, 0x80, 0x1a, 0x0a, 0x62, 0x80, 0xc7, 0xa7, 0x80, 0x99, 0x80, 0xe7, 0x20, 0x61, 0x75, 0x8f, 0x85, 0x80, 0x2b, 0xef,
  0x49, 0x80, 0xc9, 0x3c, 0xa3, 0x3e, 0x20, 0xa6, 0x80, 0x68, 0x80, 0x7c, 0x94, 0xba, 0xe0, 0xa8, 0x80, 0x5c, 0x97, 0x8f,
  0x80, 0x31, 0x0a, 0x61, 0x75, 0x8f, 0x85, 0x80, 0x2b, 0xef, 0x49, 0x80, 0xc9, 0x93, 0x50, 0x55, 0x42, 0x4c, 0x49, 0x43,
  0x2e, 0x00, 0xd7, 0x41, 0x4c, 0x80, 0x10, 0x80, 0x62, 0x54, 0x52, 0x55, 0x53, 0x80, 0x10, 0x80, 0xc9, 0x43, 0x80, 0x8e,
  0x80, 0x10, 0x58, 0x80, 0x32, 0x80, 0xf9, 0x80, 0xc8, 0x8b, 0x80, 0x16, 0x80, 0x35, 0x73, 0x94, 0xc1, 0x80, 0xdd, 0x75,
  0x99, 0x94, 0x80, 0x5a, 0xa4, 0x82, 0x0a, 0x62, 0x80, 0xc7, 0x80, 0xab, 0x80, 0x08, 0x80, 0x90, 0x6e, 0x74, 0x80, 0x47,
  0x80, 0x7c, 0x94, 0xba, 0xe0, 0xa8, 0x80, 0x5c, 0x97, 0x80, 0xa5, 0x61, 0x75, 0x8f, 0x85, 0x80, 0x2b, 0xef, 0x0a, 0x49,
  0x80, 0xc9, 0x3c, 0xa3, 0x3e, 0x80, 0xde, 0x50, 0x55, 0x42, 0x4c, 0x49, 0x43, 0x2e, 0x00, 0xd7, 0x45, 0x4e, 0x43, 0x52,
  0x59, 0x50, 0x54, 0x49, 0x80, 0x8e, 0x20, 0x89, 0x74, 0x80, 0x59, 0x62, 0xee, 0x81, 0x80, 0xe0, 0x80, 0x84, 0x6d, 0x85,
  0x81, 0x8f, 0xe1, 0xdf, 0x63, 0xc2, 0x00, 0xd7, 0x43, 0x80, 0x5d, 0x41, 0x80, 0x10, 0x20, 0x54, 0x52, 0x55, 0x53, 0x80,
  0x10, 0x80, 0xc9, 0x43, 0x80, 0x8e, 0x80, 0x10, 0x58, 0x80, 0x32, 0x80, 0xf9, 0x80, 0xe0, 0x80, 0x16, 0x80, 0x35, 0x73,
  0xbe, 0x20, 0x59, 0x80, 0xa4, 0x20, 0x80, 0x48, 0xff, 0x66, 0x79, 0x0a, 0x80, 0x93, 0x9d, 0xb9, 0x82, 0xdf, 0x81, 0x41,
  0x54, 0x54, 0x52, 0x49, 0x42, 0x55, 0x80, 0x10, 0x20, 0xd8, 0x64, 0x80, 0x2e, 0x87, 0x80, 0x22, 0x80, 0x13, 0xc2, 0x00,
  0x80, 0xb4, 0x80, 0x45, 0x43, 0x41, 0x44, 0x4d, 0x20, 0xa8, 0x83, 0x87, 0x80, 0x70, 0x80, 0x9e, 0xa1, 0x80, 0xdd, 0x75,
  0x99, 0x94, 0x80, 0x5a, 0xa4, 0x82, 0xc1, 0x8f, 0xb7, 0x80, 0x4d, 0x6c, 0x76, 0x80, 0xaf, 0x00, 0x80, 0xc5, 0x80, 0xdd,
  0x75, 0x99, 0x94, 0x80, 0xf2, 0x80, 0x77, 0x80, 0xc8, 0x8b, 0x65, 0x99, 0x96, 0x6c, 0x80, 0x31, 0x68, 0x80, 0x5c, 0x80,
  0xc7, 0xa1, 0x80, 0xdd, 0x75, 0x99, 0x94, 0x80, 0x5a, 0xa4, 0x82, 0xa6, 0x88, 0x74, 0x0a, 0x80, 0x7c, 0x94, 0x93, 0x95,
  0x96, 0x6c, 0x94, 0xc1, 0xa7, 0x80, 0x84, 0x61, 0x75, 0x8f, 0x85, 0x80, 0x2b, 0xef, 0x49, 0x44, 0x2e, 0x00, 0xd7, 0x80,
  0xa2, 0x80, 0x84, 0xcc, 0x80, 0x08, 0xb9, 0x73, 0x80, 0xa3, 0x69, 0x89, 0x94, 0x80, 0x22, 0xa1, 0x80, 0xdd, 0x75, 0x99,
  0x94, 0x80, 0x5a, 0xa4, 0x82, 0x80, 0x7c, 0xbf, 0x80, 0x17, 0x00, 0xc8, 0x80, 0xbb, 0x46, 0x80, 0x7d, 0xae, 0x9c, 0x80,
  0xba, 0x80, 0x29, 0xba, 0x73, 0x95, 0x86, 0x93, 0x8c, 0x80, 0x5f, 0x80, 0xc6, 0x80, 0xcc, 0xa7, 0x53, 0xbd, 0x80, 0x6a,
  0x4d, 0x8e, 0xeb, 0x83, 0x2e, 0x00, 0xc8, 0x80, 0xbb, 0x80, 0xb9, 0x80, 0xa3, 0x80, 0x90, 0x86, 0x64, 0xb0, 0xc7, 0xa1,
  0x42, 0x80, 0x7b, 0x42, 0x20, 0x80, 0xfb, 0x9e, 0x66, 0x80, 0x7d, 0x80, 0xd0, 0x00, 0xc8, 0x80, 0xbb, 0x80, 0xb9, 0x80,
  0xa3, 0x80, 0x90, 0xa9, 0x20, 0xd7, 0x8c, 0xe5, 0x69, 0x8c, 0x86, 0x80, 0x50, 0xbc, 0xfc, 0xa5, 0x80, 0xa0, 0xa6, 0x4e,
  0x55, 0x4c, 0x4c, 0x2e, 0x00, 0x5b, 0xc8, 0x80, 0x55, 0x8d, 0x5d, 0x20, 0x80, 0xb9, 0x80, 0xa3, 0x80, 0x90, 0x86, 0x64,
  0xb0, 0xc7, 0x98, 0x64, 0xbd, 0x65, 0x82, 0xcf, 0x80, 0x1c, 0x80, 0x6a, 0x9e, 0x66, 0x80, 0x7d, 0x80, 0xd0, 0x00, 0x46,
  0x80, 0x7d, 0xae, 0x9c, 0x80, 0xba, 0x80, 0x29, 0xba, 0x80, 0xf2, 0x80, 0x8b, 0xba, 0xa7, 0x53, 0xbd, 0x80, 0x6a, 0x4d,
  0x8e, 0xeb, 0x83, 0x2e, 0x00, 0x43, 0xe1, 0x8b, 0x80, 0x9e, 0x80, 0x8d, 0x70, 0x20, 0xf2, 0x80, 0x22, 0x45, 0x52, 0x4b,
  0x45, 0x59, 0x00, 0x49, 0x6c, 0x9d, 0x67, 0xdc, 0xa8, 0x80, 0x71, 0xc6, 0x45, 0x52, 0x4b, 0x45, 0x59, 0x00, 0x43, 0xe1,
  0x8b, 0xd8, 0x86, 0x45, 0x52, 0x4b, 0x45, 0x59, 0x20, 0x80, 0x82, 0x80, 0x02, 0xf2, 0x80, 0x68, 0x80, 0x56, 0x45, 0x52,
  0x4b, 0x45, 0x59, 0x00, 0x43, 0xe1, 0x8b, 0x80, 0x65, 0x20, 0x45, 0x52, 0x4b, 0x45, 0x59, 0x20, 0x80, 0x82, 0x80, 0x02,
  0xf2, 0x80, 0x49, 0x80, 0xd7, 0x45, 0x52, 0x4b, 0x45, 0x59, 0x00, 0x49, 0x6c, 0x9d, 0x67, 0xdc, 0xa8, 0x80, 0x71, 0xc6,
  0x69, 0x66, 0x78, 0x5f, 0x8c, 0x70, 0x6c, 0xd3, 0x92, 0x6b, 0x00, 0xac, 0x80, 0x67, 0x80, 0x4a, 0x20, 0x80, 0xa5, 0x80,
  0xfb, 0x8f, 0x9a, 0x75, 0x67, 0x80, 0xe5, 0xa1, 0x67, 0x80, 0x59, 0x64, 0x00, 0xac, 0x8d, 0x80, 0x9f, 0xa1, 0x8c, 0x70,
  0x80, 0x60, 0x89, 0x94, 0xf2, 0x80, 0xd6, 0x67, 0x72, 0xe9, 0x6f, 0xee, 0x73, 0x69, 0x64, 0x81, 0x80, 0xb7, 0x73, 0xfe,
  0x67, 0x72, 0xe9, 0x80, 0x5a, 0xa4, 0x74, 0x00, 0x47, 0x72, 0xe9, 0x93, 0x52, 0x65, 0x67, 0x9b, 0x80, 0x08, 0x80, 0x7c,
  0x80, 0x1a, 0x00, 0x53, 0x51, 0x4c, 0xc0, 0x93, 0x95, 0x98, 0xb5, 0xd0, 0x94, 0x80, 0xcc, 0x80, 0x45, 0x80, 0x32, 0x45,
  0x4e, 0x56, 0x49, 0x52, 0x80, 0x8e, 0x4d, 0x45, 0x4e, 0x80, 0x32, 0x47, 0x52, 0x49, 0x44, 0x5f, 0x80, 0x45, 0x80, 0xed,
  0x43, 0x80, 0x32, 0x80, 0x37, 0x6d, 0x8e, 0x64, 0x00, 0x4a, 0x80, 0xb4, 0x43, 0x20, 0x6d, 0x65, 0x8f, 0x6f, 0x86, 0xcc,
  0x8b, 0x80, 0x7e, 0x94, 0x80, 0x22, 0x80, 0xa5, 0x80, 0x03, 0x80, 0x1c, 0x2e, 0x00, 0x80, 0x76, 0x97, 0xbb, 0x66, 0xaa,
  0xd8, 0xc7, 0xa6, 0x74, 0xb0, 0x6e, 0x94, 0x4f, 0x46, 0x46, 0x00, 0x73, 0x75, 0x62, 0x80, 0x76, 0x97, 0x80, 0xdf, 0xd3,
  0xc7, 0xa6, 0xb5, 0x80, 0x7e, 0x94, 0xc1, 0xbb, 0x66, 0xaa, 0xd8, 0x8a, 0x67, 0x00, 0x43, 0xdf, 0x80, 0xdd, 0xd8, 0xda,
  0x74, 0x85, 0x97, 0xaf, 0x6c, 0xd0, 0x87, 0x9e, 0x80, 0x82, 0x83, 0x81, 0x63, 0x80, 0x54, 0x80, 0x1f, 0xf0, 0x6c, 0x80,
  0x20, 0x8b, 0x80, 0x16, 0x64, 0x75, 0x80, 0x53, 0x80, 0xf7, 0x80, 0xe4, 0x73, 0x00, 0x80, 0xf9, 0xa6, 0xb5, 0x80, 0x7e,
  0x94, 0xc1, 0xbb, 0x66, 0xaa, 0xd8, 0x8a, 0x67, 0x00, 0x80, 0x76, 0x97, 0x80, 0x5a, 0x80, 0x6e, 0xc7, 0x46, 0x4f, 0x80,
  0x62, 0x55, 0x50, 0x44, 0x41, 0x80, 0x10, 0x20, 0xa6, 0xb5, 0x80, 0x7e, 0x94, 0xc1, 0xbb, 0x66, 0xaa, 0xd8, 0x8a, 0x67,
  0x00, 0x80, 0x76, 0x97, 0x80, 0x5a, 0x80, 0x6e, 0x87, 0xa1, 0x70, 0x80, 0x4d, 0x75, 0x64, 0xa0, 0x80, 0xf0, 0x00, 0x80,
  0x76, 0x97, 0x80, 0x5a, 0x80, 0x6e, 0x87, 0xa1, 0x80, 0x8d, 0x80, 0x19, 0x80, 0xeb, 0x80, 0xf0, 0x00, 0x80, 0x76, 0x97,
  0x80, 0x5a, 0x80, 0x6e, 0x87, 0xa1, 0xf2, 0x80, 0x82, 0x69, 0x80, 0x91, 0x80, 0x08, 0xa1, 0x8c, 0xdc, 0x80, 0xf0, 0x00,
  0x80, 0x76, 0x97, 0x80, 0x5a, 0x80, 0x6e, 0x87, 0xa1, 0x80, 0x99, 0x80, 0xe7, 0xfd, 0x89, 0x8d, 0x6f, 0xb2, 0x80, 0xf0,
  0x00, 0x80, 0x76, 0x97, 0x80, 0xf6, 0x95, 0x63, 0xd2, 0xa1, 0xf2, 0x9e, 0x8c, 0x80, 0x41, 0x80, 0x98, 0x80, 0x3e, 0x65,
  0x00, 0x80, 0x70, 0x69, 0x64, 0xcd, 0x69, 0x80, 0xca, 0x66, 0xab, 0x82, 0x80, 0xf0, 0x00, 0x80, 0xe9, 0xe7, 0x74, 0x87,
  0x80, 0x87, 0x80, 0x7c, 0x94, 0xf4, 0x80, 0xa5, 0x80, 0x3e, 0x65, 0x00, 0xf9, 0xa6, 0x80, 0xa7, 0x72, 0x74, 0x75, 0x8d,
  0x80, 0x0b, 0x80, 0x3f, 0x41, 0x56, 0x4f, 0x49, 0x44, 0x5f, 0x45, 0x58, 0x45, 0x43, 0x55, 0x80, 0x10, 0x20, 0x80, 0x08,
  0x80, 0x4d, 0x82, 0x28, 0x80, 0x74, 0x80, 0x54, 0x9e, 0x73, 0xfc, 0x74, 0xc7, 0x93, 0xe3, 0x74, 0x80, 0x06, 0x80, 0x2b,
  0x83, 0x0a, 0x80, 0xe8, 0xf8, 0x65, 0x29, 0x00, 0x80, 0x76, 0x97, 0x80, 0x5a, 0x80, 0x6e, 0x87, 0x6d, 0x85, 0x81, 0x80,
  0xf0, 0x87, 0x8f, 0xe1, 0x41, 0x51, 0x80, 0x32, 0x80, 0xf6, 0x95, 0x80, 0x53, 0x80, 0x7c, 0xbf, 0xca, 0x73, 0x00, 0x80,
  0x76, 0x97, 0x80, 0x49, 0x80, 0x5a, 0x61, 0x80, 0xd6, 0x66, 0xab, 0x82, 0xf2, 0xc6, 0x80, 0xf7, 0x80, 0xa6, 0xe7, 0x74,
  0x00, 0x80, 0x76, 0x97, 0x80, 0x5a, 0x80, 0x6e, 0x87, 0x80, 0x37, 0x62, 0x8a, 0xef, 0xc6, 0x80, 0xf0, 0x87, 0x8b, 0x80,
  0x5a, 0x80, 0x6e, 0x94, 0x9e, 0x80, 0xf7, 0x80, 0xa6, 0xe7, 0x74, 0x00, 0x80, 0x8e, 0xfd, 0x80, 0x54, 0x80, 0x1f, 0x80,
  0x5a, 0x80, 0x6e, 0x87, 0xa1, 0x80, 0xb1, 0x2d, 0x65, 0xe5, 0x8d, 0x80, 0x79, 0x6a, 0x6f, 0x9e, 0x62, 0xfc, 0x77, 0x65,
  0x80, 0x02, 0x80, 0x8c, 0x73, 0x00, 0x4f, 0x55, 0x80, 0x10, 0x80, 0x62, 0x6a, 0x6f, 0x9e, 0x80, 0x22, 0x8a, 0x2d, 0x6a,
  0x6f, 0x9e, 0xaf, 0x6c, 0x80, 0x9f, 0x28, 0xa4, 0x74, 0x95, 0x64, 0x87, 0x4e, 0x55, 0x4c, 0x4c, 0x73, 0x29, 0x00, 0x4f,
  0x52, 0xfd, 0x80, 0x54, 0x80, 0x1f, 0x80, 0x5a, 0x80, 0x6e, 0x87, 0x6a, 0x6f, 0x8a, 0x87, 0x62, 0xfc, 0x77, 0x65, 0x80,
  0x02, 0xea, 0x66, 0x80, 0x7f, 0xd5, 0x80, 0xf0, 0x73, 0x00, 0x4f, 0x52, 0xfd, 0x80, 0x54, 0x80, 0x1f, 0x80, 0x5a, 0x80,
  0x6e, 0x87, 0x6a, 0x6f, 0x8a, 0x87, 0x62, 0xfc, 0x77, 0x65, 0x80, 0x02, 0xea, 0x66, 0x80, 0x7f, 0xd5, 0x80, 0x8c, 0x73,
  0x00, 0x80, 0x76, 0x97, 0x80, 0x5a, 0x80, 0x6e, 0x87, 0xa1, 0x66, 0xe4, 0x80, 0x20, 0x6a, 0x6f, 0x8a, 0x00, 0x80, 0x8e,
  0xfd, 0x80, 0x54, 0x80, 0x1f, 0xc6, 0x80, 0xed, 0x46, 0x80, 0x32, 0x4f, 0x55, 0x80, 0x10, 0x80, 0x62, 0x80, 0xf6, 0x87,
  0xba, 0x6d, 0x85, 0x81, 0x8f, 0xe1, 0x74, 0x77, 0xa0, 0x80, 0xf0, 0x73, 0x00, 0x80, 0x28, 0x4e, 0x45, 0x80, 0x62, 0x6a,
  0x6f, 0x9e, 0x80, 0x88, 0xf4, 0xaf, 0x72, 0x80, 0xfc, 0x9d, 0x76, 0x65, 0x80, 0x20, 0xc6, 0x6a, 0x6f, 0x8a, 0x73, 0x00,
  0x80, 0x28, 0x4e, 0x45, 0x80, 0x62, 0x6a, 0x6f, 0x9e, 0x80, 0x5a, 0x80, 0x6e, 0x87, 0xa1, 0x80, 0xb1, 0x2d, 0x65, 0xe5,
  0x8d, 0x80, 0x79, 0x6a, 0x6f, 0x9e, 0x62, 0xfc, 0x77, 0x65, 0x80, 0x02, 0x80, 0x8c, 0x73, 0x00, 0x80, 0x28, 0x4e, 0x45,
  0x80, 0x62, 0x6a, 0x6f, 0x9e, 0x80, 0xf6, 0x87, 0xba, 0x6d, 0x85, 0x81, 0x8f, 0xe1, 0x74, 0x77, 0xa0, 0x80, 0xf0, 0x73,
  0x00, 0x6a, 0x6f, 0x8a, 0x87, 0x64, 0xa0, 0x8b, 0x80, 0x4a, 0x20, 0xa1, 0x99, 0x90, 0x80, 0xde, 0x73, 0x88, 0x77, 0x66,
  0x80, 0x54, 0x6b, 0x81, 0x73, 0xd3, 0xb7, 0x65, 0x00, 0xf2, 0x80, 0xe0, 0x66, 0xab, 0x82, 0x80, 0xf0, 0x80, 0x0b, 0x80,
  0xab, 0xa6, 0xa8, 0x80, 0x5c, 0x97, 0x80, 0x76, 0x97, 0x80, 0x22, 0xea, 0x66, 0x80, 0x7f, 0xd5, 0x8d, 0x69, 0xb9, 0xbd,
  0x00, 0x80, 0x76, 0x97, 0x80, 0x49, 0x80, 0x5a, 0x61, 0x9e, 0xe1, 0x65, 0xe5, 0x8d, 0x80, 0x79, 0x6a, 0x6f, 0x9e, 0x8f,
  0x80, 0x93, 0xa6, 0x70, 0x80, 0x2e, 0xd5, 0x80, 0x3c, 0xf9, 0x80, 0x7c, 0xbf, 0xca, 0x2c, 0x0a, 0x80, 0x3f, 0x88, 0x84,
  0x80, 0xb7, 0x80, 0x8c, 0x87, 0x80, 0x3c, 0x65, 0xe5, 0x8d, 0x80, 0x79, 0x6a, 0x6f, 0x9e, 0x80, 0x56, 0xa1, 0xb5, 0x69,
  0xe5, 0x81, 0x80, 0x63, 0x00, 0x80, 0x76, 0x97, 0x80, 0x49, 0x80, 0x5a, 0x61, 0x80, 0xd6, 0xf2, 0x8f, 0x80, 0x93, 0xa6,
  0x70, 0x80, 0x2e, 0xd5, 0x80, 0x3c, 0xf9, 0x80, 0x7c, 0xbf, 0xca, 0x2c, 0x0a, 0x80, 0x3f, 0x8f, 0x83, 0x81, 0xa6, 0x80,
  0xe9, 0xb5, 0x69, 0xe5, 0x81, 0x80, 0x63, 0x20, 0xf4, 0x8f, 0x80, 0x93, 0x80, 0xf0, 0x00, 0x80, 0x76, 0x97, 0x80, 0x5a,
  0x80, 0x6e, 0x87, 0x65, 0xe5, 0x8d, 0x80, 0x79, 0x6a, 0x6f, 0x8a, 0x87, 0x8f, 0x80, 0x93, 0x80, 0x87, 0x8b, 0x70, 0x80,
  0x2e, 0xd5, 0x80, 0x3c, 0xf9, 0x80, 0x7c, 0xbf, 0xca, 0x00, 0x80, 0x76, 0x97, 0x80, 0x49, 0x80, 0x5a, 0x61, 0x9e, 0x65,
  0xe5, 0x8d, 0x80, 0x79, 0x6a, 0x6f, 0x9e, 0x8f, 0x80, 0x93, 0xa6, 0x70, 0x80, 0x2e, 0xd5, 0x80, 0x3c, 0xf9, 0x80, 0x7c,
  0xbf, 0xca, 0x2c, 0x0a, 0x80, 0x3f, 0x80, 0xb1, 0x81, 0x80, 0xb7, 0x80, 0x8c, 0x87, 0x80, 0x3c, 0x65, 0xe5, 0x8d, 0x80,
  0x79, 0x6a, 0x6f, 0x9e, 0x80, 0xb7, 0xf9, 0x80, 0x7c, 0x80, 0xe2, 0x80, 0xd7, 0x61, 0x0a, 0xb5, 0x69, 0xe5, 0x81, 0x80,
  0x63, 0x00, 0x80, 0x89, 0x80, 0x08, 0x80, 0x5a, 0x80, 0x6e, 0x94, 0x9e, 0xf9, 0x80, 0x7c, 0xbf, 0xca, 0x00, 0x80, 0x74,
  0x80, 0x2e, 0x80, 0x6a, 0x80, 0x08, 0x80, 0x7e, 0x80, 0x1a, 0x00, 0x80, 0xa6, 0x80, 0x1d, 0x80, 0x08, 0x80, 0x7e, 0x80,
  0x1a, 0x00, 0x80, 0x76, 0x97, 0x80, 0x5a, 0x80, 0x6e, 0x87, 0x80, 0x06, 0x70, 0x80, 0x60, 0x80, 0xab, 0x80, 0x8c, 0x00,
  0x80, 0x76, 0x97, 0x80, 0x49, 0x80, 0x74, 0x80, 0x60, 0xbf, 0x80, 0x47, 0x80, 0x5a, 0x61, 0x9e, 0x80, 0x8c, 0x73, 0x00,
  0x80, 0xe9, 0x80, 0x99, 0x80, 0xb1, 0x79, 0x80, 0x94, 0xa6, 0x80, 0x7c, 0x94, 0xf4, 0x80, 0xa5, 0x80, 0xf0, 0x00, 0x80,
  0x70, 0x80, 0xbe, 0x70, 0x20, 0xba, 0xc8, 0x80, 0x4a, 0x69, 0x78, 0x20, 0x73, 0x71, 0x6c, 0x98, 0xe2, 0x9c, 0xa3, 0x00,
  0xd7, 0x80, 0x76, 0x97, 0x80, 0xe0, 0xab, 0x80, 0x5f, 0x6c, 0x83, 0x89, 0x80, 0x5c, 0x80, 0xc7, 0xa7, 0xb5, 0x80, 0xeb,
  0x66, 0x80, 0x7d, 0x80, 0x22, 0x80, 0x74, 0x80, 0x2e, 0x73, 0xca, 0x0a, 0x80, 0x08, 0x80, 0x7e, 0x94, 0xf4, 0xa7, 0xab,
  0x80, 0x5f, 0x6c, 0x83, 0x89, 0x80, 0xfa, 0x00, 0xd7, 0x80, 0x76, 0x97, 0x80, 0x5a, 0x80, 0x6e, 0xc7, 0x57, 0x8a, 0x80,
  0x09, 0x77, 0x94, 0xeb, 0x67, 0x8c, 0x67, 0x89, 0xd2, 0xa6, 0xb5, 0x80, 0x7e, 0x94, 0xc1, 0xbb, 0x66, 0xaa, 0xd8, 0x8a,
  0x67, 0x00, 0x80, 0xdb, 0x80, 0x0f, 0x80, 0x1d, 0x80, 0x08, 0x80, 0x7e, 0x94, 0xf3, 0xe1, 0x4f, 0x55, 0x54, 0x2f, 0x80,
  0x28, 0x4f, 0x55, 0x80, 0x32, 0x80, 0x50, 0xbc, 0xfc, 0xa5, 0x9e, 0x43, 0x20, 0x55, 0x44, 0x80, 0x62, 0x80, 0x82, 0x80,
  0x02, 0x8a, 0x76, 0x6f, 0x6b, 0xc7, 0x80, 0xac, 0x6d, 0x0a, 0x53, 0x50, 0x80, 0x6b, 0x9a, 0xee, 0x8a, 0xc2, 0x00, 0x80,
  0xf4, 0xcc, 0x80, 0xc8, 0x8b, 0x80, 0xad, 0xa9, 0x00, 0x80, 0xf4, 0xcc, 0x80, 0xc8, 0x8b, 0x80, 0xb5, 0x80, 0x5c, 0x80,
  0xc7, 0x80, 0xab, 0x80, 0x68, 0x80, 0x5b, 0xf7, 0x00, 0x80, 0xf4, 0xcc, 0x80, 0x70, 0x80, 0xf2, 0x80, 0x8b, 0xba, 0xa7,
  0x80, 0xa2, 0x80, 0x03, 0x80, 0xb8, 0x62, 0x80, 0xc7, 0xa7, 0xa8, 0xa5, 0xab, 0x98, 0xb5, 0x82, 0x80, 0x31, 0x0a, 0x80,
  0x78, 0x6b, 0xbe, 0x00, 0x80, 0xf4, 0xcc, 0x80, 0x08, 0x61, 0x75, 0x8f, 0x85, 0x80, 0x2b, 0x94, 0xba, 0x80, 0xb5, 0x65,
  0x80, 0x0b, 0x8d, 0xd0, 0x80, 0x0b, 0x80, 0x65, 0x80, 0x0b, 0x93, 0x8c, 0x80, 0x46, 0xa8, 0x83, 0xf7, 0x00, 0x80, 0xf4,
  0x80, 0x46, 0xcc, 0x80, 0xea, 0x80, 0x1a, 0x87, 0xa7, 0x80, 0xbe, 0x78, 0x80, 0x06, 0xb4, 0x20, 0x6c, 0x95, 0x67, 0x8f,
  0x2e, 0x20, 0x53, 0x70, 0xf1, 0x80, 0xca, 0xa1, 0xa8, 0xa5, 0x80, 0x46, 0x8f, 0x80, 0x93, 0xa6, 0x88, 0x74, 0x0a, 0xaa,
  0x6e, 0x67, 0xa5, 0x8f, 0xe1, 0x33, 0x32, 0x20, 0xd3, 0x90, 0xab, 0xd0, 0xf7, 0x00, 0xd7, 0x70, 0xb9, 0x73, 0x80, 0xc0,
  0x86, 0x80, 0x84, 0xc1, 0xa8, 0xa5, 0xcc, 0x80, 0x08, 0xb1, 0x69, 0xa9, 0x20, 0x53, 0x70, 0xf1, 0x80, 0xca, 0xa1, 0x70,
  0xb9, 0x73, 0x80, 0xc0, 0x86, 0x8f, 0x89, 0x0a, 0x80, 0x5a, 0x80, 0x6e, 0x87, 0x36, 0x20, 0x2d, 0x20, 0x33, 0x32, 0x20,
  0xd3, 0x90, 0xab, 0xd0, 0xf7, 0x00, 0xac, 0xd8, 0x86, 0xa1, 0x70, 0xb9, 0x73, 0x80, 0xc0, 0x86, 0xba, 0xa7, 0xa8, 0xa5,
  0xcc, 0x62, 0x80, 0xc7, 0xa1, 0x70, 0xb9, 0x73, 0x80, 0xc0, 0x86, 0x80, 0x68, 0x80, 0x5b, 0xf7, 0x20, 0x55, 0x80, 0x4d,
  0x0a, 0xa7, 0x4d, 0x4f, 0x44, 0x49, 0x46, 0x59, 0x20, 0xe3, 0x74, 0x9b, 0x8a, 0x99, 0x65, 0x80, 0x73, 0x80, 0xb7, 0x41,
  0x44, 0x80, 0xc9, 0xe3, 0x74, 0x80, 0x17, 0x00, 0x80, 0xf4, 0xcc, 0x80, 0xe0, 0x80, 0xb5, 0x80, 0x5c, 0x80, 0xc7, 0xa7,
  0xa8, 0xa5, 0x80, 0x08, 0x80, 0xbe, 0x70, 0x70, 0x94, 0xba, 0x80, 0xf7, 0x80, 0x16, 0x80, 0x67, 0x74, 0x69, 0x80, 0xaf,
  0x00, 0xd7, 0x80, 0x5b, 0xc7, 0x70, 0xb9, 0x73, 0x80, 0xc0, 0x86, 0x80, 0x84, 0xc1, 0xa8, 0xa5, 0xcc, 0x80, 0x08, 0xb1,
  0x69, 0xa9, 0x20, 0x59, 0x80, 0xa4, 0x20, 0x80, 0x48, 0xff, 0x80, 0xca, 0x8f, 0x65, 0x0a, 0x20, 0xb1, 0x69, 0x64, 0x80,
  0x0b, 0x80, 0x5b, 0xc7, 0x70, 0xb9, 0x73, 0x80, 0xc0, 0x86, 0x80, 0x97, 0x80, 0x2a, 0x81, 0x79, 0x80, 0xa4, 0xfd, 0xe1,
  0xd3, 0x8e, 0xc5, 0xbf, 0x2e, 0x00, 0xd7, 0x6e, 0x80, 0xe3, 0x70, 0xb9, 0x73, 0x80, 0xc0, 0x86, 0x80, 0x84, 0xc1, 0xa8,
  0xa5, 0xcc, 0x80, 0x08, 0xb1, 0x69, 0xa9, 0x20, 0x53, 0x70, 0xf1, 0x80, 0xca, 0xa1, 0x70, 0xb9, 0x73, 0x80, 0xc0, 0x86,
  0x8f, 0x89, 0x0a, 0x80, 0x5a, 0x80, 0x6e, 0x87, 0x36, 0x20, 0x2d, 0x20, 0x33, 0x32, 0x20, 0xd3, 0x90, 0xab, 0xd0, 0xf7,
  0x00, 0x50, 0x55, 0x42, 0x4c, 0x49, 0x43, 0x20, 0xa6, 0xa1, 0x8c, 0x80, 0x03, 0x76, 0x94, 0x80, 0xc0, 0xa9, 0x20, 0x59,
  0x80, 0xa4, 0xfd, 0x9f, 0x80, 0xb5, 0x65, 0x80, 0x0b, 0x80, 0x65, 0x80, 0x0b, 0x8d, 0xd0, 0x80, 0x0b, 0x93, 0x8c, 0x80,
  0x46, 0xa1, 0xa8, 0xa5, 0xfa, 0x0a, 0x20, 0xa7, 0x80, 0x46, 0x50, 0x55, 0x42, 0x4c, 0x49, 0x43, 0x2e, 0x00, 0xd7, 0xe2,
  0x80, 0x26, 0xe4, 0x82, 0xa8, 0xa5, 0x80, 0xc8, 0x8b, 0x80, 0xad, 0xa9, 0x00, 0x44, 0x65, 0x80, 0x26, 0xe4, 0x82, 0xa8,
  0xa5, 0x80, 0xc8, 0x8b, 0x80, 0xb5, 0x94, 0xf3, 0x80, 0xab, 0x80, 0x68, 0x80, 0x5b, 0xf7, 0x00, 0x44, 0xa0, 0x8b, 0xff,
  0x80, 0xca, 0xa1, 0x70, 0xb9, 0x73, 0x80, 0xc0, 0x86, 0x80, 0x82, 0x80, 0xd9, 0x80, 0xb5, 0xc7, 0xa7, 0xe2, 0x80, 0x26,
  0xe4, 0x82, 0xa8, 0x83, 0x2e, 0x00, 0x41, 0x84, 0x8a, 0x80, 0x55, 0x8d, 0xc0, 0x93, 0x80, 0xa3, 0x80, 0x90, 0x86, 0x80,
  0x82, 0x80, 0xd9, 0x68, 0xb9, 0x68, 0xc7, 0xa7, 0x70, 0xb9, 0x73, 0x80, 0xc0, 0xa9, 0x20, 0x52, 0x92, 0x85, 0x86, 0x8d,
  0x6c, 0xfd, 0x69, 0x72, 0x63, 0xb4, 0x99, 0x8e, 0x80, 0x35, 0x0a, 0x70, 0x80, 0x59, 0x93, 0xba, 0xa7, 0xb3, 0x93, 0x80,
  0x3f, 0x80, 0x5a, 0xab, 0x82, 0x49, 0x42, 0x4d, 0x20, 0x53, 0xbb, 0x74, 0x77, 0x80, 0x87, 0x53, 0xe6, 0x80, 0x19, 0x80,
  0xb6, 0x00, 0xac, 0x8d, 0x80, 0x9f, 0xa7, 0xa8, 0xa5, 0xcc, 0x62, 0x80, 0xc7, 0xdf, 0x80, 0x47, 0xdf, 0x81, 0x55, 0x80,
  0x45, 0x80, 0x62, 0x93, 0x55, 0x49, 0x80, 0xc9, 0x80, 0x16, 0x80, 0x67, 0x74, 0x97, 0xa6, 0x80, 0x42, 0xbe, 0x00, 0xac,
  0x8d, 0x80, 0x9f, 0xa7, 0xa8, 0xa5, 0xba, 0xd8, 0x86, 0x67, 0x9a, 0xe6, 0x87, 0x62, 0x80, 0xc7, 0xa7, 0x80, 0xbf, 0x80,
  0xf8, 0x67, 0x9a, 0xe6, 0x87, 0x77, 0x6f, 0x80, 0x92, 0x80, 0xea, 0x80, 0x1a, 0x0a, 0xa7, 0x80, 0xbe, 0x78, 0x80, 0x06,
  0xb4, 0x20, 0x6c, 0x80, 0x06, 0x80, 0xab, 0x80, 0x25, 0x00, 0x41, 0x84, 0x8a, 0x80, 0x55, 0x8d, 0xc0, 0x93, 0x80, 0xa3,
  0x80, 0x90, 0x86, 0x80, 0x82, 0x80, 0xd9, 0x80, 0x67, 0x80, 0x4a, 0xc7, 0xe1, 0x41, 0x4c, 0x80, 0x10, 0x80, 0x62, 0x80,
  0x8f, 0x89, 0x80, 0x17, 0x20, 0x4e, 0x6f, 0x80, 0x98, 0x8d, 0x6c, 0x0a, 0x63, 0x69, 0x72, 0x63, 0xb4, 0x99, 0x8e, 0x63,
  0xd2, 0x80, 0x3f, 0x80, 0x5a, 0xab, 0x82, 0x49, 0x42, 0x4d, 0x20, 0x53, 0xbb, 0x74, 0x77, 0x80, 0x87, 0x53, 0xe6, 0x80,
  0x19, 0x80, 0xb6, 0x00, 0xac, 0x8d, 0x80, 0x9f, 0xa7, 0xa8, 0xa5, 0xcc, 0xba, 0xd8, 0x86, 0xa1, 0x80, 0xc4, 0x6d, 0x81,
  0x80, 0xe8, 0x85, 0x97, 0x62, 0x80, 0xc7, 0xa7, 0x80, 0x16, 0x80, 0x67, 0x74, 0x97, 0x80, 0x13, 0x65, 0x0a, 0x80, 0x68,
  0x80, 0x5b, 0xf7, 0x20, 0x80, 0xc1, 0x81, 0xa7, 0x4d, 0x4f, 0x44, 0x49, 0x46, 0x59, 0x20, 0xe3, 0x74, 0x9b, 0x8a, 0x99,
  0x65, 0x80, 0x73, 0x80, 0xb7, 0x41, 0x44, 0x80, 0xc9, 0xe3, 0x74, 0x80, 0x17, 0x00, 0xd7, 0x41, 0x4c, 0x80, 0x10, 0x80,
  0x62, 0x80, 0xf9, 0x80, 0x84, 0xe1, 0x8a, 0x80, 0x95, 0x8c, 0x63, 0x82, 0x61, 0x75, 0x8f, 0x85, 0x80, 0x2b, 0xef, 0x80,
  0x6d, 0x80, 0x25, 0x00, 0xac, 0xd3, 0x8e, 0xc5, 0xa1, 0x80, 0x16, 0x80, 0x67, 0x74, 0x97, 0x80, 0x6d, 0x6d, 0x85, 0x81,
  0x8f, 0xe1, 0xdf, 0x80, 0x53, 0x80, 0x3c, 0x73, 0xfe, 0x41, 0x4c, 0x80, 0x10, 0x80, 0x62, 0x80, 0x61, 0x80, 0xee, 0x00,
  0xac, 0x80, 0x65, 0x20, 0xa7, 0x70, 0xb9, 0x73, 0x80, 0xc0, 0x86, 0xc1, 0xa7, 0xa8, 0xa5, 0xcc, 0x62, 0x80, 0xc7, 0xa7,
  0x70, 0xb9, 0x73, 0x80, 0xc0, 0x86, 0xa6, 0x80, 0x21, 0xbe, 0x20, 0x44, 0x6f, 0x0a, 0x20, 0x8b, 0x8a, 0x80, 0xcb, 0x75,
  0x64, 0x81, 0xa1, 0x80, 0x6d, 0xc1, 0xa7, 0x50, 0x41, 0x53, 0x53, 0x57, 0x4f, 0x52, 0x80, 0xc9, 0x80, 0x16, 0x80, 0x67,
  0x74, 0x97, 0x80, 0x22, 0xa7, 0x44, 0x52, 0x4f, 0x50, 0x20, 0xe3, 0x74, 0x80, 0x17, 0x00, 0xd7, 0x73, 0xb0, 0x9a, 0x67,
  0x80, 0x0c, 0xa8, 0xa5, 0x80, 0x46, 0xcc, 0x80, 0xea, 0x80, 0x1a, 0x87, 0xa7, 0x80, 0xbe, 0x78, 0x80, 0x06, 0xb4, 0x20,
  0x6c, 0x95, 0x67, 0x8f, 0x20, 0xc6, 0x33, 0x32, 0x20, 0xd3, 0x90, 0xab, 0xd0, 0xf7, 0x0a, 0x53, 0x70, 0xf1, 0x80, 0xca,
  0xa1, 0xa8, 0xa5, 0x80, 0x46, 0x8f, 0x80, 0x93, 0x80, 0x56, 0x33, 0x32, 0x20, 0xd3, 0x90, 0xab, 0xd0, 0x87, 0x93, 0x66,
  0x65, 0x77, 0x83, 0x2e, 0x00, 0xd7, 0x80, 0x6d, 0x80, 0xb7, 0x73, 0xb0, 0x9a, 0x67, 0x80, 0x0c, 0x80, 0x16, 0x80, 0x67,
  0x74, 0x97, 0x48, 0x4f, 0x4d, 0x45, 0x44, 0x49, 0x80, 0x62, 0x80, 0xea, 0x80, 0x1a, 0x87, 0xa7, 0x80, 0xbe, 0x78, 0x80,
  0x06, 0xb4, 0x20, 0x6c, 0x95, 0x67, 0x8f, 0x2e, 0x20, 0x53, 0x70, 0xf1, 0x66, 0x79, 0x0a, 0xa1, 0x80, 0x6d, 0x8f, 0x80,
  0x93, 0xa6, 0x9d, 0x73, 0x87, 0x8f, 0x80, 0x93, 0x32, 0x35, 0x35, 0x20, 0x62, 0x79, 0x74, 0x80, 0xaf, 0x00, 0xac, 0x80,
  0x65, 0x20, 0xa7, 0x48, 0x4f, 0x4d, 0x45, 0x44, 0x49, 0x80, 0x62, 0x80, 0x16, 0x80, 0x67, 0x74, 0x97, 0xc1, 0xa7, 0xa8,
  0xa5, 0xcc, 0x62, 0x80, 0xc7, 0xa1, 0x80, 0x6d, 0xa6, 0x80, 0x21, 0xbe, 0x0a, 0x20, 0x44, 0xa0, 0x8b, 0x8a, 0x80, 0xcb,
  0x75, 0x64, 0x81, 0xa1, 0x80, 0x6d, 0xc1, 0xa7, 0x48, 0x4f, 0x4d, 0x45, 0x44, 0x49, 0x80, 0x62, 0x80, 0x16, 0x80, 0x67,
  0x74, 0x97, 0x80, 0x22, 0xa7, 0x44, 0x52, 0x4f, 0x50, 0x20, 0xe3, 0x74, 0x80, 0x17, 0x00, 0xac, 0x80, 0x65, 0x20, 0xa7,
  0x55, 0x49, 0x80, 0xc9, 0x80, 0x16, 0x80, 0x67, 0x74, 0x97, 0xc1, 0xa7, 0xa8, 0xa5, 0xcc, 0x62, 0x80, 0xc7, 0xa1, 0x80,
  0x6d, 0xa6, 0x80, 0x21, 0xbe, 0x20, 0x44, 0x6f, 0x0a, 0x8b, 0x8a, 0x80, 0xcb, 0x75, 0x64, 0x81, 0xa1, 0x80, 0x6d, 0xc1,
  0xa7, 0x55, 0x49, 0x80, 0xc9, 0x80, 0x16, 0x80, 0x67, 0x74, 0x97, 0x80, 0x22, 0xa7, 0x44, 0x52, 0x4f, 0x50, 0x20, 0xe3,
  0x74, 0x80, 0x17, 0x00, 0xac, 0x80, 0x65, 0x20, 0xa7, 0x55, 0x80, 0x45, 0x80, 0x62, 0x80, 0x16, 0x80, 0x67, 0x74, 0x97,
  0xc1, 0xa7, 0xa8, 0xa5, 0xcc, 0x62, 0x80, 0xc7, 0xa1, 0x80, 0x6d, 0xa6, 0x80, 0x21, 0xbe, 0x20, 0x44, 0x6f, 0x0a, 0x20,
  0x8b, 0x8a, 0x80, 0xcb, 0x75, 0x64, 0x81, 0xa1, 0x80, 0x6d, 0xc1, 0xa7, 0x55, 0x80, 0x45, 0x80, 0x62, 0x80, 0x16, 0x80,
  0x67, 0x74, 0x97, 0x80, 0x22, 0xa7, 0x44, 0x52, 0x4f, 0x50, 0x20, 0xe3, 0x74, 0x80, 0x17, 0x00, 0xd7, 0x53, 0x51, 0x80,
  0x6b, 0x80, 0xf9, 0x80, 0x70, 0xb9, 0x73, 0x69, 0x67, 0x84, 0x80, 0x8f, 0x89, 0xc7, 0x80, 0x99, 0x80, 0xe7, 0x20, 0x80,
  0x16, 0x80, 0x67, 0x74, 0x69, 0xd2, 0xba, 0xa7, 0xa8, 0xa5, 0x80, 0x25, 0x00, 0xd7, 0x75, 0xe9, 0x80, 0xa0, 0x80, 0x08,
  0x80, 0x3c, 0x2f, 0xfc, 0x63, 0x2f, 0x8a, 0x80, 0x4a, 0x69, 0x78, 0x2f, 0x80, 0x42, 0xbe, 0x73, 0xb0, 0x9a, 0x67, 0x89,
  0xd2, 0x80, 0x4b, 0x93, 0x80, 0x3c, 0x63, 0xab, 0x68, 0xc2, 0x00, 0xd7, 0xa8, 0xa5, 0x80, 0xa0, 0x80, 0x08, 0x80, 0x3c,
  0x2f, 0xfc, 0x63, 0x2f, 0x8a, 0x80, 0x4a, 0x69, 0x78, 0x2f, 0x80, 0x42, 0xbe, 0x73, 0xb0, 0x9a, 0x67, 0x89, 0xd2, 0x80,
  0x4b, 0x93, 0x80, 0x3c, 0x63, 0xab, 0x68, 0xc2, 0x00, 0xd7, 0x67, 0xe9, 0x80, 0xa0, 0x80, 0x08, 0x80, 0x3c, 0x2f, 0xfc,
  0x63, 0x2f, 0x8a, 0x80, 0x4a, 0x69, 0x78, 0x2f, 0x80, 0x42, 0xbe, 0x73, 0xb0, 0x9a, 0x67, 0x89, 0xd2, 0x80, 0x4b, 0x93,
  0x80, 0x3c, 0x63, 0xab, 0x68, 0xc2, 0x00, 0xd7, 0x67, 0x9a, 0xe6, 0x20, 0x80, 0xa0, 0x80, 0x08, 0x80, 0x3c, 0x2f, 0xfc,
  0x63, 0x2f, 0x8a, 0x80, 0x4a, 0x69, 0x78, 0x2f, 0x80, 0x42, 0xbe, 0x73, 0xb0, 0x9a, 0x67, 0x89, 0xd2, 0x80, 0x4b, 0x93,
  0x9e, 0x8f, 0x65, 0x0a, 0x63, 0xab, 0x68, 0xc2, 0x00, 0xd7, 0x55, 0x80, 0x45, 0x52, 0x4d, 0x41, 0x50, 0x50, 0x80, 0x28,
  0x47, 0x20, 0x66, 0x65, 0x89, 0xb0, 0x81, 0xa6, 0xea, 0x73, 0x96, 0x9d, 0xa9, 0x80, 0x72, 0xd7, 0x55, 0x80, 0x45, 0x52,
  0x4d, 0x41, 0x50, 0x50, 0x80, 0x28, 0x47, 0x20, 0xcf, 0xaf, 0x67, 0xb0, 0xef, 0x80, 0x50, 0xbc, 0x65, 0xd0, 0x0a, 0x80,
  0x88, 0x80, 0x4d, 0x82, 0xba, 0x42, 0x41, 0x53, 0x49, 0x43, 0x80, 0xde, 0x41, 0x44, 0x4d, 0x80, 0x28, 0x2e, 0x00, 0x80,
  0xc5, 0x67, 0x72, 0xe9, 0x6f, 0xde, 0x80, 0x8b, 0x63, 0xe1, 0xdf, 0x80, 0x47, 0xe0, 0x8d, 0xd0, 0x80, 0x1a, 0x80, 0x0b,
  0x80, 0x65, 0x70, 0x80, 0x1a, 0x80, 0x0b, 0x93, 0x8c, 0x80, 0xb2, 0x94, 0xfa, 0x80, 0x3c, 0x67, 0x72, 0xe9, 0x80, 0x5a,
  0xa4, 0x80, 0xb6, 0x00, 0x59, 0x80, 0xa4, 0xfd, 0x9f, 0x80, 0x65, 0x20, 0xa1, 0x80, 0xa2, 0x80, 0x5a, 0x80, 0x6e, 0xc7,
  0x67, 0x72, 0xe9, 0x80, 0xf0, 0x87, 0x80, 0xea, 0x70, 0x82, 0xfa, 0x80, 0x3c, 0x67, 0x80, 0x59, 0x64, 0x0a, 0x80, 0x5a,
  0xa4, 0x80, 0xb6, 0x00, 0x45, 0x78, 0x80, 0x5f, 0x80, 0x1a, 0x94, 0x6c, 0x80, 0x06, 0x80, 0xab, 0xf4, 0x80, 0xbe, 0x78,
  0x80, 0x06, 0xb4, 0x20, 0x80, 0xbf, 0x80, 0xf8, 0xcf, 0x80, 0x90, 0x6e, 0x82, 0x80, 0xd5, 0x80, 0x3e, 0x80, 0xaf, 0x00,
  0xac, 0x80, 0x7c, 0x81, 0xa1, 0x80, 0x50, 0x74, 0x69, 0x8d, 0x2d, 0x80, 0x89, 0x80, 0x63, 0x20, 0xf4, 0xa7, 0x80, 0xb1,
  0x2d, 0xd3, 0x90, 0x80, 0x27, 0xa5, 0x80, 0x8c, 0x80, 0x0b, 0x80, 0x25, 0x00, 0x80, 0x23, 0x80, 0x6d, 0xc1, 0xa3, 0x00,
  0xac, 0x80, 0xf6, 0x95, 0x80, 0x53, 0xe1, 0xa4, 0x80, 0xbb, 0x80, 0xa2, 0x8f, 0x80, 0x93, 0x80, 0x08, 0x63, 0xb9, 0x81,
  0x73, 0x95, 0x73, 0xbf, 0xf8, 0xc2, 0x00, 0xac, 0x80, 0xf6, 0x95, 0x80, 0x53, 0xe1, 0xa4, 0x80, 0xbb, 0x80, 0xa2, 0x8f,
  0x80, 0x93, 0xa6, 0x63, 0xb9, 0x81, 0x73, 0x95, 0x73, 0xbf, 0xf8, 0xc2, 0x00, 0xd7, 0x80, 0xf9, 0x80, 0x26, 0xfb, 0x80,
  0x5c, 0x80, 0xc7, 0xa7, 0xbd, 0x63, 0x61, 0x70, 0x81, 0xd3, 0x90, 0x80, 0x27, 0xa5, 0x80, 0x08, 0xa1, 0xcf, 0x99, 0x8e,
  0x82, 0xc6, 0xd4, 0x65, 0x0a, 0x43, 0x48, 0x41, 0x52, 0x41, 0x43, 0x80, 0x10, 0x52, 0x2e, 0x00, 0x43, 0xe1, 0x8b, 0x80,
  0x9e, 0x80, 0x8d, 0x70, 0x20, 0xf2, 0x80, 0x22, 0x80, 0x5d, 0x50, 0x4c, 0x43, 0x48, 0x45, 0x43, 0x4b, 0x00, 0x49, 0x6c,
  0x9d, 0x67, 0xdc, 0xa8, 0x80, 0x71, 0xc6, 0x80, 0x5d, 0x50, 0x4c, 0x43, 0x48, 0x45, 0x43, 0x4b, 0x20, 0x80, 0x8c, 0xf7,
  0x00, 0x43, 0xe1, 0x8b, 0xd8, 0x86, 0x80, 0x5d, 0x50, 0x4c, 0x43, 0x48, 0x45, 0x43, 0x4b, 0x20, 0x80, 0x82, 0x80, 0x02,
  0xf2, 0x80, 0x68, 0x80, 0x56, 0x80, 0x5d, 0x50, 0x4c, 0x43, 0x48, 0x45, 0x43, 0x4b, 0x20, 0x80, 0x8c, 0xf7, 0x00, 0x43,
  0xe1, 0x8b, 0x80, 0x65, 0x20, 0x80, 0x5d, 0x50, 0x4c, 0x43, 0x48, 0x45, 0x43, 0x4b, 0x20, 0x80, 0x82, 0x80, 0x02, 0xf2,
  0x80, 0x49, 0x80, 0xd7, 0x80, 0x5d, 0x50, 0x4c, 0x43, 0x48, 0x45, 0x43, 0x4b, 0x20, 0x80, 0x8c, 0xf7, 0x00, 0x43, 0xe1,
  0x8b, 0x80, 0x67, 0x80, 0x4a, 0x20, 0x80, 0xa5, 0x80, 0xfb, 0xf4, 0xa1, 0xf2, 0x80, 0x22, 0x80, 0x5d, 0x50, 0x4c, 0x43,
  0x48, 0x45, 0x43, 0x4b, 0x20, 0x80, 0x8c, 0xf7, 0x00, 0x80, 0xc1, 0x81, 0xc6, 0x80, 0x5d, 0x50, 0x4c, 0x43, 0x48, 0x45,
  0x43, 0x4b, 0x20, 0x80, 0x88, 0xcf, 0x73, 0x80, 0x11, 0xd5, 0xab, 0x9a, 0x73, 0x87, 0xa7, 0xf2, 0x68, 0x69, 0x83, 0x90,
  0xd3, 0x80, 0x9c, 0x00, 0x41, 0x84, 0x8d, 0x69, 0xf3, 0x80, 0x70, 0x8c, 0x70, 0x80, 0x2e, 0xd5, 0x61, 0x88, 0x8f, 0xa5,
  0x8d, 0x69, 0xb9, 0x2e, 0x00, 0x5b, 0xc8, 0x80, 0x55, 0x8d, 0x5d, 0x20, 0x43, 0x6c, 0x69, 0xd5, 0x64, 0xf1, 0x6d, 0xdc,
  0x80, 0xf3, 0x66, 0x66, 0xa5, 0x80, 0xae, 0x81, 0x6d, 0x80, 0x31, 0x80, 0xdf, 0xd3, 0x2e, 0x00, 0x4d, 0xe4, 0x74, 0x69,
  0x70, 0xa2, 0xa4, 0x92, 0xee, 0x9b, 0xc6, 0xa1, 0x43, 0x80, 0x5d, 0x41, 0x80, 0x10, 0x20, 0x54, 0x41, 0x42, 0x80, 0xed,
  0x20, 0x80, 0xf9, 0x8f, 0x80, 0x93, 0x80, 0xc8, 0x70, 0x8c, 0x70, 0x61, 0x8c, 0x86, 0xdf, 0x80, 0x53, 0xa6, 0x88, 0x74,
  0x0a, 0x80, 0x42, 0xbe, 0x00, 0x80, 0x6f, 0x6d, 0x70, 0x80, 0x2e, 0x73, 0x94, 0x80, 0x63, 0xd2, 0x80, 0xe0, 0x89, 0x74,
  0xab, 0x68, 0x94, 0x80, 0x63, 0xbd, 0x80, 0x0b, 0x80, 0xb1, 0x2d, 0x76, 0x8e, 0xfb, 0x6c, 0xa1, 0x80, 0xde, 0x8a, 0xd0,
  0xb1, 0x0a, 0x80, 0x80, 0xbe, 0x00, 0xd7, 0x80, 0x16, 0x63, 0x80, 0x1a, 0xb0, 0x81, 0x80, 0xc8, 0x8b, 0x80, 0xb5, 0x80,
  0x5c, 0x80, 0xc7, 0xbf, 0x87, 0x80, 0x7c, 0x80, 0xe2, 0x80, 0x56, 0x6d, 0x85, 0x81, 0x8f, 0xe1, 0x33, 0x34, 0x31, 0x0a,
  0x80, 0x50, 0xbc, 0x65, 0xd0, 0xf7, 0x00, 0x80, 0xdb, 0x80, 0xb0, 0x80, 0x1b, 0xef, 0x80, 0x26, 0xfb, 0x80, 0x5c, 0x80,
  0xc7, 0xa1, 0x80, 0xe6, 0x80, 0x77, 0x80, 0xb3, 0x80, 0x29, 0x80, 0xc8, 0x80, 0x7c, 0x94, 0xf3, 0xa1, 0x67, 0x80, 0xda,
  0x8d, 0x0a, 0x80, 0xb3, 0x96, 0x80, 0x01, 0x00, 0xd7, 0x6f, 0x77, 0x6e, 0xa5, 0x80, 0x46, 0x80, 0x49, 0x80, 0x5a, 0x61,
  0x9e, 0x80, 0xf7, 0x8d, 0x70, 0x68, 0x8e, 0xb4, 0x83, 0xda, 0x20, 0xd3, 0x90, 0xab, 0xd0, 0xf7, 0x00, 0xd7, 0x80, 0xf9,
  0x80, 0x26, 0xfb, 0x80, 0x5c, 0x80, 0xc7, 0xcf, 0x80, 0xef, 0x82, 0xcc, 0x80, 0xe0, 0x95, 0x96, 0x6c, 0x94, 0x80, 0x22,
  0x4e, 0x4f, 0x56, 0x41, 0x4c, 0x49, 0x44, 0x41, 0x80, 0x10, 0x0a, 0xe3, 0x74, 0x80, 0x17, 0x00, 0xac, 0x80, 0x9e, 0x89,
  0x74, 0xab, 0x68, 0x94, 0x80, 0x63, 0xd2, 0xf4, 0x62, 0x6f, 0x6f, 0x9d, 0x8e, 0x80, 0x0b, 0x6c, 0x76, 0x90, 0xd3, 0x90,
  0x80, 0x0b, 0xa8, 0xa5, 0x80, 0x7c, 0x94, 0x80, 0xa6, 0xd4, 0xd2, 0x8e, 0x64, 0x0a, 0x20, 0x80, 0x80, 0x94, 0x80, 0xf0,
  0xf7, 0x00, 0xd7, 0x80, 0xf9, 0x80, 0x26, 0xfb, 0x80, 0x5c, 0x80, 0xc7, 0x80, 0xab, 0x80, 0xf6, 0x95, 0x63, 0x94, 0xa1,
  0x9a, 0x80, 0xc3, 0xc7, 0x77, 0x8a, 0x80, 0x09, 0x80, 0x0f, 0x80, 0x57, 0x00, 0xd7, 0x80, 0xf9, 0x80, 0x26, 0xfb, 0x80,
  0x5c, 0x80, 0xc7, 0x65, 0xab, 0x80, 0xe5, 0xcf, 0x80, 0xef, 0x82, 0xf4, 0xa1, 0x9a, 0x80, 0xc3, 0xc7, 0x77, 0x8a, 0x80,
  0x09, 0x80, 0x0f, 0xf2, 0x20, 0x8c, 0xe5, 0x69, 0x80, 0x2e, 0x0a, 0x20, 0xa1, 0x80, 0x7e, 0xc7, 0x80, 0x63, 0x2e, 0x00,
  0xd7, 0x80, 0xf9, 0x80, 0x26, 0xfb, 0x80, 0x5c, 0x80, 0xc7, 0x9a, 0xf0, 0x64, 0x87, 0x80, 0x87, 0x8b, 0x80, 0x9b, 0x9e,
  0x9a, 0x80, 0xc3, 0xc7, 0x77, 0x8a, 0x80, 0x09, 0x80, 0x0f, 0x80, 0xf0, 0xf7, 0x00, 0xac, 0x95, 0x80, 0x29, 0xa1, 0x70,
  0xb0, 0xc5, 0x80, 0x52, 0x80, 0x60, 0x97, 0x62, 0x80, 0xc7, 0xa7, 0xf2, 0xa6, 0x80, 0xf6, 0x95, 0x63, 0x80, 0x5c, 0x97,
  0x6f, 0x8f, 0xa5, 0x80, 0xf0, 0xf7, 0x00, 0xd7, 0x80, 0x63, 0x20, 0x80, 0xc8, 0x8b, 0x80, 0xb5, 0x80, 0x1a, 0x80, 0x0b,
  0x62, 0x80, 0xc7, 0xbf, 0x87, 0x99, 0x85, 0x80, 0x71, 0xea, 0x66, 0x80, 0x7f, 0x87, 0x80, 0xcc, 0x8f, 0x80, 0x93, 0xc6,
  0xbf, 0x87, 0x9a, 0x80, 0xc3, 0x8a, 0x67, 0x0a, 0x77, 0x8a, 0x80, 0x09, 0x80, 0x0f, 0x80, 0x57, 0x00, 0xd7, 0x80, 0xf9,
  0x80, 0x26, 0xfb, 0x80, 0x5c, 0x80, 0xc7, 0xa7, 0x52, 0x4f, 0x4c, 0x4c, 0x80, 0x28, 0x47, 0x20, 0x46, 0x52, 0x41, 0x47,
  0x4d, 0x45, 0x4e, 0x54, 0x53, 0x20, 0x80, 0x3f, 0x4c, 0x49, 0x4d, 0x49, 0x80, 0x32, 0x54, 0x4f, 0xfd, 0x80, 0x54, 0xa8,
  0xd2, 0x8c, 0xe5, 0x69, 0x8c, 0x0a, 0x80, 0x52, 0x73, 0xbf, 0x80, 0xc6, 0x8a, 0x74, 0x65, 0x67, 0x83, 0xf7, 0x00, 0xd7,
  0x80, 0xf9, 0x80, 0x26, 0xfb, 0x80, 0x5c, 0x80, 0xc7, 0xa7, 0x6e, 0x80, 0xe3, 0xf2, 0x80, 0xae, 0x81, 0x77, 0x6f, 0x80,
  0x92, 0x80, 0xea, 0x94, 0xa7, 0x8f, 0x80, 0x2e, 0x80, 0xc4, 0x6c, 0x86, 0x73, 0xfc, 0x0a, 0x62, 0x97, 0xa7, 0x4c, 0x49,
  0x4d, 0x49, 0x80, 0x32, 0x54, 0x4f, 0xfd, 0x80, 0x54, 0xa8, 0xc2, 0x00, 0xd7, 0x80, 0xf9, 0x80, 0x26, 0xfb, 0x80, 0x5c,
  0x80, 0xc7, 0xa1, 0x55, 0x44, 0x80, 0x62, 0x80, 0x21, 0xd2, 0xa7, 0x64, 0x62, 0x80, 0xa1, 0xc1, 0xa7, 0x6e, 0xa4, 0x82,
  0x8a, 0xd0, 0xb1, 0x0a, 0x80, 0x34, 0xd5, 0xc6, 0x80, 0xa5, 0xf2, 0x93, 0x80, 0x63, 0x2e, 0x00, 0x43, 0x6c, 0x75, 0x99,
  0x83, 0x94, 0x80, 0xa8, 0x80, 0x2e, 0x73, 0x94, 0x80, 0x63, 0xd2, 0x80, 0x87, 0x8b, 0x80, 0x7e, 0xbe, 0x00, 0xd7, 0x67,
  0x72, 0xe9, 0x80, 0x76, 0x97, 0x80, 0x26, 0xfb, 0x94, 0xba, 0x72, 0xb5, 0x2e, 0x80, 0x72, 0x43, 0xdf, 0x74, 0xab, 0x82,
  0x49, 0x42, 0x4d, 0x20, 0x53, 0xbb, 0x74, 0x77, 0x80, 0x87, 0x53, 0xe6, 0x80, 0x19, 0x80, 0xb6, 0x00, 0xd7, 0x67, 0x72,
  0xe9, 0x80, 0x76, 0x97, 0x80, 0xf9, 0x63, 0xe1, 0x8b, 0x80, 0x5a, 0x61, 0x80, 0xd6, 0x80, 0x03, 0x80, 0xb8, 0x80, 0x46,
  0x80, 0x25, 0x00, 0xd7, 0x67, 0x72, 0xe9, 0x93, 0x8c, 0x67, 0x9b, 0xcc, 0x80, 0x49, 0x80, 0x5b, 0x2e, 0x00, 0x47, 0x72,
  0xe9, 0x51, 0x75, 0x83, 0x69, 0xd2, 0x63, 0xe1, 0x8b, 0x80, 0x5a, 0x61, 0x80, 0xd6, 0x55, 0x4e, 0x49, 0x80, 0x8e, 0x80,
  0xde, 0x55, 0x4e, 0x49, 0x80, 0x8e, 0x20, 0x41, 0x4c, 0x80, 0x6b, 0x80, 0x61, 0x80, 0xee, 0x00, 0x80, 0x23, 0x80, 0x6d,
  0xc1, 0xa7, 0x80, 0x45, 0x80, 0x32, 0x45, 0x4e, 0x56, 0x49, 0x52, 0x80, 0x8e, 0x4d, 0x45, 0x4e, 0x80, 0x32, 0x47, 0x52,
  0x49, 0x44, 0x5f, 0x4e, 0x4f, 0x80, 0xdc, 0x5f, 0x53, 0x4b, 0x49, 0x50, 0x20, 0x80, 0x61, 0x80, 0xee, 0x00, 0xac, 0x72,
  0x75, 0x84, 0x80, 0x45, 0x80, 0x32, 0x45, 0x4e, 0x46, 0x49, 0x52, 0x80, 0x8e, 0x4d, 0x45, 0x4e, 0x80, 0x32, 0x80, 0x45,
  0x80, 0xed, 0x43, 0x54, 0x5f, 0x47, 0x52, 0x49, 0x80, 0xc9, 0x93, 0x80, 0x45, 0x80, 0x32, 0x45, 0x4e, 0x46, 0x49, 0x52,
  0x80, 0x8e, 0x4d, 0x45, 0x4e, 0x80, 0x32, 0x80, 0x45, 0x80, 0xed, 0x43, 0x54, 0x5f, 0x47, 0x52, 0x49, 0x44, 0x5f, 0x41,
  0x4c, 0x4c, 0x0a, 0x80, 0x61, 0x80, 0xee, 0x00, 0xd7, 0x67, 0x72, 0xe9, 0x80, 0x76, 0x97, 0x63, 0xe1, 0x8b, 0x80, 0xf2,
  0x80, 0x8b, 0xba, 0x80, 0x03, 0x80, 0xb8, 0x80, 0xd0, 0x00, 0x47, 0x72, 0xe9, 0x80, 0x76, 0x69, 0xd2, 0x63, 0xe1, 0x8b,
  0x80, 0xd7, 0x73, 0x75, 0x62, 0x80, 0x76, 0x69, 0x80, 0xaf, 0x00, 0x80, 0x23, 0x80, 0x99, 0x6e, 0x74, 0x61, 0x78, 0x20,
  0xc1, 0xa1, 0x67, 0x72, 0xe9, 0x80, 0x76, 0x80, 0x9c, 0x00, 0x54, 0x80, 0x29, 0xcc, 0x80, 0x08, 0xa1, 0x67, 0x72, 0xe9,
  0xf2, 0x80, 0x3f, 0x80, 0xe0, 0xa8, 0x94, 0x80, 0xd6, 0x67, 0x72, 0xe9, 0x80, 0x76, 0x80, 0x9c, 0x00, 0x54, 0x80, 0x29,
  0xcc, 0xa6, 0x80, 0x3c, 0x80, 0x16, 0x80, 0x35, 0x87, 0xc6, 0x80, 0x97, 0xc7, 0x8d, 0xd0, 0xbe, 0x00, 0x47, 0x72, 0xe9,
  0x80, 0x76, 0x69, 0xd2, 0x63, 0xe1, 0x8b, 0x80, 0x5a, 0x61, 0x9e, 0x80, 0x95, 0x8c, 0x6c, 0x89, 0x94, 0x6a, 0x6f, 0x8a,
  0xf7, 0x00, 0xd7, 0x67, 0x72, 0xe9, 0x93, 0x8c, 0x67, 0x9b, 0xcc, 0x80, 0x56, 0x80, 0xe9, 0x6d, 0xb7, 0x62, 0x83, 0xf7,
  0x00, 0x43, 0xe1, 0x8b, 0x80, 0xf2, 0x80, 0x8b, 0xba, 0x73, 0x68, 0x90, 0x86, 0xf4, 0x80, 0x03, 0x80, 0xb8, 0xa3, 0x00,
  0x53, 0x68, 0x90, 0x64, 0x94, 0x80, 0x76, 0x97, 0x80, 0x26, 0xfb, 0x80, 0x5c, 0x80, 0xc7, 0x80, 0xab, 0x80, 0x49, 0x80,
  0x5a, 0x61, 0x80, 0xd6, 0x73, 0x68, 0x90, 0x64, 0x94, 0x80, 0x57, 0x00, 0x53, 0x68, 0x90, 0x64, 0x94, 0x80, 0x76, 0x97,
  0x8a, 0x80, 0xcb, 0x75, 0x64, 0x94, 0xb5, 0x80, 0x7e, 0x94, 0xa4, 0x74, 0x95, 0x64, 0x94, 0x80, 0xa6, 0xd4, 0x80, 0xaf,
  0x00, 0x43, 0xdf, 0x6e, 0x80, 0x77, 0xba, 0x88, 0x64, 0x81, 0x80, 0xa0, 0x98, 0x80, 0xd3, 0xe0, 0x65, 0x99, 0x96, 0x6c,
  0x80, 0x31, 0x68, 0xbe, 0x00, 0x43, 0xdf, 0x6e, 0x80, 0x77, 0xba, 0x73, 0x68, 0x90, 0x86, 0x88, 0x64, 0x81, 0x80, 0xa0,
  0x80, 0xc8, 0xaa, 0x99, 0x2e, 0x00, 0x50, 0x90, 0x8d, 0x9d, 0x80, 0x20, 0x53, 0x68, 0x90, 0x64, 0x94, 0x51, 0x75, 0x83,
  0x69, 0xd2, 0x80, 0x08, 0x80, 0x27, 0x80, 0xc6, 0xf4, 0xa7, 0x80, 0x78, 0xdc, 0x80, 0x03, 0x80, 0x1c, 0x2e, 0x00, 0x50,
  0x90, 0x8d, 0x9d, 0x80, 0x20, 0x53, 0x68, 0x90, 0x64, 0x94, 0x51, 0x75, 0x83, 0x69, 0xd2, 0x80, 0x08, 0x80, 0x05, 0x61,
  0xfb, 0x80, 0x29, 0xf4, 0x73, 0x68, 0x90, 0x86, 0x88, 0x64, 0xc2, 0x00, 0x53, 0x68, 0x90, 0x64, 0xc7, 0x80, 0xf2, 0x80,
  0x77, 0x43, 0xdf, 0x6e, 0x80, 0x8b, 0x80, 0x8a, 0x80, 0xfa, 0x00, 0x53, 0x68, 0x90, 0x64, 0xc7, 0xc8, 0x80, 0xbb, 0x80,
  0x8a, 0x80, 0xfa, 0x00, 0x54, 0x80, 0x59, 0x80, 0xf5, 0x83, 0x87, 0x80, 0x87, 0x8b, 0x80, 0x7e, 0x94, 0x9e, 0x73, 0x68,
  0x90, 0x64, 0x94, 0x80, 0x76, 0x69, 0x80, 0xaf, 0x00, 0x53, 0x68, 0x90, 0x64, 0x94, 0x80, 0xf0, 0x87, 0x80, 0x87, 0x8b,
  0x80, 0x7e, 0x94, 0x8a, 0x73, 0x69, 0x64, 0x81, 0x80, 0x16, 0x63, 0x80, 0x1a, 0xb0, 0x81, 0x93, 0x66, 0x80, 0x3d, 0x80,
  0x17, 0x00, 0xac, 0x8a, 0x80, 0xcb, 0x75, 0x64, 0x81, 0xa1, 0x46, 0x4f, 0x80, 0x62, 0x55, 0x50, 0x44, 0x41, 0x80, 0x10,
  0xfd, 0x80, 0x54, 0x80, 0x1f, 0x80, 0xd6, 0x80, 0x45, 0x80, 0xed, 0x43, 0x80, 0x32, 0x80, 0xf9, 0xf4, 0xa1, 0x73, 0x68,
  0x90, 0x64, 0x94, 0x80, 0x57, 0x00, 0xd7, 0x80, 0xf9, 0x80, 0x26, 0xfb, 0x80, 0x5c, 0x80, 0xc7, 0x80, 0xab, 0x89, 0x80,
  0x8d, 0x80, 0x6c, 0x94, 0xba, 0x80, 0x41, 0x76, 0x81, 0x80, 0xe4, 0x87, 0x62, 0xfc, 0x77, 0x65, 0x80, 0x02, 0x73, 0x68,
  0x90, 0x86, 0x80, 0x03, 0x80, 0x1c, 0xf7, 0x00, 0x53, 0x68, 0x90, 0x64, 0x94, 0x80, 0x76, 0x69, 0xd2, 0x80, 0x87, 0x8b,
  0x80, 0x7e, 0x94, 0xfa, 0x9e, 0xe1, 0x58, 0x80, 0xc5, 0x95, 0x80, 0xa7, 0x9a, 0x6e, 0x6d, 0x80, 0xee, 0x00, 0xd7, 0x80,
  0x76, 0x97, 0x80, 0x26, 0xfb, 0x80, 0x5c, 0x80, 0xc7, 0xa7, 0x46, 0x52, 0x4f, 0x4d, 0xfd, 0x80, 0x54, 0x80, 0x1f, 0x8a,
  0x80, 0xcb, 0x75, 0x64, 0xd2, 0x6d, 0x85, 0x81, 0x8f, 0xe1, 0xdf, 0x81, 0x73, 0x68, 0x90, 0x64, 0x94, 0x80, 0x57, 0x00,
  0xd7, 0x73, 0x68, 0x90, 0x64, 0x94, 0x80, 0x76, 0x97, 0x80, 0x26, 0xfb, 0x80, 0x5c, 0x80, 0xc7, 0xc6, 0xe1, 0x8a, 0x80,
  0x55, 0x8d, 0xcb, 0x2e, 0x00, 0xac, 0x8d, 0x80, 0x9f, 0xa7, 0xf2, 0xba, 0x73, 0x68, 0x90, 0x86, 0x80, 0xe6, 0x80, 0x77,
  0x80, 0x57, 0x00, 0xd7, 0x80, 0x03, 0x80, 0xb8, 0x80, 0x49, 0x80, 0x5e, 0x82, 0xa7, 0x80, 0x84, 0x55, 0x50, 0x44, 0x41,
  0x80, 0x10, 0x20, 0x80, 0xfb, 0xf4, 0x4a, 0x53, 0x80, 0x8e, 0x20, 0x80, 0x09, 0x63, 0xb4, 0xcd, 0xf7, 0x00, 0xd7, 0x80,
  0xa2, 0x80, 0x03, 0x80, 0xb8, 0x80, 0xfb, 0x80, 0x26, 0xfb, 0x94, 0x64, 0x75, 0x81, 0xba, 0xe1, 0x8a, 0x80, 0x00, 0x4a,
  0x53, 0x80, 0x8e, 0x20, 0x80, 0x09, 0x63, 0xb4, 0x80, 0xee, 0x00, 0x80, 0x66, 0xa8, 0xa5, 0x80, 0x67, 0x6d, 0x80, 0x31,
  0x80, 0x6a, 0xc1, 0xa3, 0x00, 0xac, 0x80, 0xa0, 0x74, 0x95, 0x8e, 0x82, 0x80, 0x3e, 0xc2, 0x00, 0x53, 0xbd, 0x80, 0x6a,
  0x6c, 0x80, 0x06, 0x80, 0xab, 0x80, 0xea, 0x65, 0xe2, 0x64, 0x3b, 0x20, 0x80, 0xaa, 0x9b, 0x96, 0x85, 0x74, 0x94, 0x93,
  0x73, 0xbd, 0x80, 0x6a, 0x96, 0x85, 0x74, 0xbe, 0x00, 0x80, 0x66, 0x80, 0xf2, 0xb6, 0xca, 0x87, 0x80, 0x87, 0x80, 0x9b,
  0x80, 0x82, 0x80, 0xd9, 0xa1, 0x74, 0x95, 0x8e, 0x82, 0x8c, 0x99, 0x85, 0x81, 0xa6, 0x9e, 0x80, 0x16, 0x67, 0x80, 0x2e,
  0xf7, 0x00, 0x80, 0xa9, 0x64, 0xe6, 0x80, 0x60, 0x80, 0x0c, 0x80, 0x6d, 0xc1, 0xa1, 0x8c, 0x80, 0x95, 0x86, 0x80, 0x22,
  0xb5, 0x69, 0xe5, 0x81, 0x80, 0x85, 0x80, 0x9c, 0x00, 0x4f, 0x6e, 0x81, 0x80, 0xb7, 0x66, 0x6f, 0x6c, 0xaa, 0x77, 0xc7,
  0x61, 0x70, 0x70, 0x6c, 0x69, 0xd2, 0xba, 0x79, 0x80, 0xd1, 0x20, 0x73, 0xbf, 0x75, 0x89, 0xca, 0x3a, 0x0a, 0x80, 0x72,
  0x80, 0xa9, 0x64, 0xe6, 0x80, 0x60, 0x80, 0x0c, 0x80, 0x6d, 0xc1, 0xa1, 0x8c, 0x80, 0x95, 0x86, 0x80, 0x22, 0xb5, 0x69,
  0xe5, 0x81, 0x80, 0x85, 0x80, 0x9c, 0x0a, 0x80, 0x72, 0x80, 0x66, 0x80, 0xdf, 0xd3, 0xc7, 0x8c, 0x80, 0x95, 0x64, 0x87,
  0x80, 0xad, 0xa9, 0x00, 0x80, 0xa9, 0x80, 0x4b, 0x80, 0x08, 0xe3, 0x95, 0x2e, 0x00, 0x80, 0xa9, 0x80, 0x4b, 0x80, 0x08,
  0xe3, 0x95, 0x2e, 0x00, 0x80, 0xa9, 0xfb, 0x9d, 0x67, 0xdc, 0x80, 0x96, 0xb4, 0xd5, 0xba, 0xe8, 0x20, 0x66, 0x80, 0x3d,
  0x80, 0x17, 0x00, 0x80, 0xa9, 0xfb, 0x9d, 0x67, 0xdc, 0x80, 0x96, 0xb4, 0xd5, 0xba, 0xe8, 0x20, 0x66, 0x80, 0x3d, 0x80,
  0x17, 0x00, 0x80, 0xa9, 0xfb, 0x9d, 0x67, 0xdc, 0x80, 0x85, 0x97, 0x64, 0xbd, 0x63, 0x80, 0x59, 0x80, 0x6c, 0x93, 0x28,
  0x80, 0x75, 0x6d, 0x80, 0xf7, 0x80, 0x50, 0x74, 0x87, 0x93, 0x80, 0x75, 0xaa, 0x6e, 0x67, 0x29, 0x2e, 0x00, 0x80, 0xa9,
  0xfb, 0x9d, 0x67, 0xdc, 0x80, 0x85, 0x97, 0x64, 0xbd, 0x63, 0x80, 0x59, 0x80, 0x6c, 0x93, 0x28, 0x80, 0x75, 0x6d, 0x80,
  0xf7, 0x80, 0x50, 0x74, 0x87, 0x93, 0x80, 0x75, 0xaa, 0x6e, 0x67, 0x29, 0x2e, 0x00, 0x80, 0xa9, 0x80, 0x75, 0x6d, 0x80,
  0xf7, 0xaf, 0x9d, 0x87, 0xe3, 0x95, 0x2e, 0x00, 0x80, 0xa9, 0x80, 0x75, 0x6d, 0x80, 0xf7, 0xaf, 0x9d, 0x87, 0xe3, 0x95,
  0x2e, 0x00, 0x80, 0xa9, 0x62, 0x80, 0x73, 0x80, 0x31, 0xbc, 0x20, 0x80, 0x4b, 0x80, 0x4a, 0x89, 0x2e, 0x00, 0x80, 0xa9,
  0x62, 0x80, 0x73, 0x80, 0x31, 0xbc, 0x20, 0x80, 0x4b, 0x80, 0x4a, 0x89, 0x2e, 0x00, 0x80, 0xa9, 0x80, 0xb1, 0x2d, 0xa4,
  0x80, 0xcb, 0xa8, 0x80, 0xc6, 0x80, 0xcf, 0xf7, 0x00, 0x80, 0xa9, 0x80, 0xb1, 0x2d, 0xa4, 0x80, 0xcb, 0xa8, 0x80, 0xc6,
  0x80, 0xcf, 0xf7, 0x00, 0x80, 0xa9, 0x8c, 0x80, 0x95, 0x86, 0xa6, 0x80, 0x78, 0x6b, 0xbe, 0x00, 0x80, 0xa9, 0x8c, 0x80,
  0x95, 0x86, 0xa6, 0x80, 0x78, 0x6b, 0xbe, 0x00, 0x80, 0xa9, 0x80, 0x85, 0x97, 0x80, 0x68, 0x80, 0x5b, 0xf7, 0x00, 0x80,
  0xa9, 0x80, 0x85, 0x97, 0x80, 0x68, 0x80, 0x5b, 0xf7, 0x00, 0x80, 0xa9, 0xa7, 0x80, 0x85, 0x97, 0xa6, 0xa7, 0xaf, 0x9d,
  0x27, 0x87, 0x70, 0x80, 0x59, 0xe7, 0x97, 0x80, 0x85, 0x80, 0x9c, 0x00, 0x80, 0xa9, 0xa7, 0x80, 0x85, 0x97, 0xa6, 0xa7,
  0xaf, 0x9d, 0x27, 0x87, 0x70, 0x80, 0x59, 0xe7, 0x97, 0x80, 0x85, 0x80, 0x9c, 0x00, 0x80, 0xa9, 0x95, 0x86, 0x93, 0x80,
  0x97, 0x67, 0x8a, 0x6e, 0xc7, 0x80, 0xb7, 0xaf, 0x80, 0x01, 0x00, 0x80, 0xa9, 0x95, 0x86, 0x93, 0x80, 0x97, 0x67, 0x8a,
  0x6e, 0xc7, 0x80, 0xb7, 0xaf, 0x80, 0x01, 0x00, 0x80, 0xa9, 0x80, 0xe9, 0x8c, 0x80, 0x95, 0x86, 0x80, 0xad, 0xa9, 0x00,
  0x80, 0xa9, 0x80, 0xe9, 0x8c, 0x80, 0x95, 0x86, 0x80, 0xad, 0xa9, 0x00, 0x80, 0xa9, 0x8f, 0x83, 0x81, 0xa6, 0x88, 0xfd,
  0xb0, 0x8c, 0x6e, 0x82, 0x8c, 0x80, 0x95, 0xa9, 0x00, 0x80, 0xa9, 0x8f, 0x83, 0x81, 0xa6, 0x88, 0xfd, 0xb0, 0x8c, 0x6e,
  0x82, 0x8c, 0x80, 0x95, 0xa9, 0x00, 0x80, 0xa9, 0xa7, 0x80, 0x4b, 0xa6, 0x80, 0x78, 0x6b, 0xbe, 0x00, 0x80, 0xa9, 0xa7,
  0x80, 0x4b, 0xa6, 0x80, 0x78, 0x6b, 0xbe, 0x00, 0x80, 0xa9, 0xa7, 0x80, 0x4b, 0x80, 0x46, 0xa6, 0x80, 0x75, 0xaa, 0x6e,
  0x80, 0xc2, 0x00, 0x80, 0xa9, 0xa7, 0x80, 0x4b, 0x80, 0x46, 0xa6, 0x80, 0x75, 0xaa, 0x6e, 0x80, 0xc2, 0x00, 0xec, 0xfd,
  0x9f, 0x80, 0x9e, 0x80, 0x78, 0x80, 0x12, 0xaf, 0x80, 0x01, 0x00, 0xec, 0xfd, 0x9f, 0x80, 0x9e, 0x80, 0x78, 0x80, 0x12,
  0xaf, 0x80, 0x01, 0x00, 0xec, 0xfd, 0x9f, 0x80, 0x2c, 0x63, 0x80, 0x0c, 0x6d, 0xb7, 0x85, 0x80, 0x9c, 0x00, 0xec, 0xfd,
  0x9f, 0x80, 0x2c, 0x63, 0x80, 0x0c, 0x6d, 0xb7, 0x85, 0x80, 0x9c, 0x00, 0x80, 0xa9, 0x62, 0x80, 0x73, 0x63, 0x75, 0x99,
  0x6f, 0x80, 0x94, 0x80, 0xe6, 0x89, 0xc7, 0x80, 0x4d, 0xe5, 0x95, 0x63, 0xc2, 0x00, 0x80, 0xa9, 0x62, 0x80, 0x73, 0x63,
  0x75, 0x99, 0x6f, 0x80, 0x94, 0x80, 0xe6, 0x89, 0xc7, 0x80, 0x4d, 0xe5, 0x95, 0x63, 0xc2, 0x00, 0xec, 0xfd, 0x9f, 0x8c,
  0x80, 0x73, 0xaa, 0xb2, 0x8c, 0x80, 0x95, 0xa9, 0x00, 0xec, 0xfd, 0x9f, 0x8c, 0x80, 0x73, 0xaa, 0xb2, 0x8c, 0x80, 0x95,
  0xa9, 0x00, 0x80, 0xa9, 0x62, 0x80, 0x73, 0xaa, 0xb2, 0x8c, 0x80, 0x95, 0x64, 0x00, 0x80, 0xa9, 0x62, 0x80, 0x73, 0xaa,
  0xb2, 0x8c, 0x80, 0x95, 0x64, 0x00, 0xec, 0xfd, 0x9f, 0x80, 0xd5, 0xaa, 0xb2, 0xaf, 0x80, 0x01, 0x00, 0xec, 0xfd, 0x9f,
  0x80, 0xd5, 0xaa, 0xb2, 0xaf, 0x80, 0x01, 0x00, 0xec, 0x80, 0x70, 0x77, 0x72, 0xbf, 0x81, 0xaa, 0xb2, 0x8c, 0x80, 0x95,
  0x64, 0x00, 0xec, 0x80, 0x70, 0x77, 0x72, 0xbf, 0x81, 0xaa, 0xb2, 0x8c, 0x80, 0x95, 0x64, 0x00, 0xec, 0x80, 0xaa, 0x9b,
  0x8b, 0x80, 0x05, 0x61, 0xfb, 0x96, 0x9d, 0x00, 0xec, 0x80, 0xaa, 0x9b, 0x8b, 0x80, 0x05, 0x61, 0xfb, 0x96, 0x9d, 0x00,
  0xec, 0x80, 0xe9, 0x73, 0x68, 0x61, 0x8c, 0x86, 0x6d, 0xb7, 0x85, 0x79, 0x00, 0xec, 0x80, 0xe9, 0x73, 0x68, 0x61, 0x8c,
  0x86, 0x6d, 0xb7, 0x85, 0x79, 0x00, 0xec, 0x80, 0xe9, 0x80, 0x97, 0x67, 0x9e, 0x80, 0xc0, 0x80, 0x12, 0x79, 0xfc, 0x00,
  0xec, 0x80, 0xe9, 0x80, 0x97, 0x67, 0x9e, 0x80, 0xc0, 0x80, 0x12, 0x79, 0xfc, 0x00, 0xec, 0x63, 0x8e, 0x27, 0x82, 0x80,
  0x1f, 0x6e, 0x66, 0x73, 0x00, 0xec, 0x63, 0x8e, 0x27, 0x82, 0x80, 0x1f, 0x6e, 0x66, 0x73, 0x00, 0xec, 0x62, 0x80, 0x73,
  0x80, 0xf1, 0x69, 0x64, 0x00, 0xec, 0x62, 0x80, 0x73, 0x80, 0xf1, 0x69, 0x64, 0x00, 0xec, 0x80, 0xe9, 0x70, 0x80, 0x59,
  0xe7, 0x97, 0x80, 0x85, 0x79, 0x00, 0xec, 0x80, 0xe9, 0x70, 0x80, 0x59, 0xe7, 0x97, 0x80, 0x85, 0x79, 0x00, 0xec, 0x80,
  0xe9, 0xaa, 0x80, 0xf5, 0x8a, 0x67, 0x00, 0xec, 0x80, 0xe9, 0xaa, 0x80, 0xf5, 0x8a, 0x67, 0x00, 0xec, 0x80, 0x75, 0x6d,
  0x80, 0xf7, 0xa8, 0x83, 0x73, 0x00, 0xec, 0x80, 0x75, 0x6d, 0x80, 0xf7, 0xa8, 0x83, 0x73, 0x00, 0xec, 0x80, 0xe9, 0x73,
  0x75, 0x80, 0x91, 0x80, 0xb4, 0x80, 0x51, 0x65, 0x00, 0xec, 0x80, 0xe9, 0x73, 0x75, 0x80, 0x91, 0x80, 0xb4, 0x80, 0x51,
  0x65, 0x00, 0xec, 0x80, 0xe9, 0x66, 0x8c, 0x81, 0xea, 0x73, 0x80, 0x12, 0x80, 0x51, 0x65, 0x00, 0xec, 0x80, 0xe9, 0x66,
  0x8c, 0x81, 0xea, 0x73, 0x80, 0x12, 0x80, 0x51, 0x65, 0x00, 0xec, 0x80, 0xe4, 0x80, 0xae, 0x81, 0x80, 0x75, 0x62, 0x69,
  0x67, 0x00, 0xec, 0x80, 0xe4, 0x80, 0xae, 0x81, 0x80, 0x75, 0x62, 0x69, 0x67, 0x00, 0xec, 0x61, 0x75, 0xea, 0x82, 0x80,
  0xdd, 0x61, 0xfb, 0x20, 0x80, 0x5b, 0x73, 0x00, 0xec, 0x61, 0x75, 0xea, 0x82, 0x80, 0xdd, 0x61, 0xfb, 0x20, 0x80, 0x5b,
  0x73, 0x00, 0xec, 0x80, 0xe9, 0x6d, 0x85, 0x81, 0x80, 0x78, 0x6b, 0x73, 0x00, 0xec, 0x80, 0xe9, 0x6d, 0x85, 0x81, 0x80,
  0x78, 0x6b, 0x73, 0x00, 0xec, 0x54, 0x42, 0x4c, 0x80, 0xa1, 0x80, 0x49, 0x80, 0x5b, 0x00, 0xec, 0x54, 0x42, 0x4c, 0x80,
  0xa1, 0x80, 0x49, 0x80, 0x5b, 0x00, 0xec, 0x80, 0xe9, 0x6d, 0x85, 0x81, 0xa4, 0x74, 0xcd, 0x73, 0x00, 0xec, 0x80, 0xe9,
  0x6d, 0x85, 0x81, 0xa4, 0x74, 0xcd, 0x73, 0x00, 0xec, 0xd3, 0xb5, 0x80, 0x12, 0xf2, 0x6f, 0x80, 0x1c, 0x66, 0xaa, 0x77,
  0x00, 0xec, 0xd3, 0xb5, 0x80, 0x12, 0xf2, 0x6f, 0x80, 0x1c, 0x66, 0xaa, 0x77, 0x00, 0xec, 0x80, 0xb4, 0x80, 0xa1, 0xf2,
  0x6f, 0x80, 0x1c, 0x66, 0xaa, 0x77, 0x00, 0xec, 0x80, 0xb4, 0x80, 0xa1, 0xf2, 0x6f, 0x80, 0x1c, 0x66, 0xaa, 0x77, 0x00,
  0xec, 0xaa, 0x67, 0x80, 0x4b, 0xf2, 0x6f, 0x80, 0x1c, 0x66, 0xaa, 0x77, 0x00, 0xec, 0xaa, 0x67, 0x80, 0x4b, 0xf2, 0x6f,
  0x80, 0x1c, 0x66, 0xaa, 0x77, 0x00, 0xec, 0x80, 0xfb, 0xfb, 0x9d, 0x67, 0xdc, 0xf4, 0xa1, 0x44, 0x80, 0x62, 0x53, 0x92,
  0xdf, 0x64, 0x90, 0x79, 0x00, 0xec, 0x80, 0xfb, 0xfb, 0x9d, 0x67, 0xdc, 0xf4, 0xa1, 0x44, 0x80, 0x62, 0x53, 0x92, 0xdf,
  0x64, 0x90, 0x79, 0x00, 0xec, 0x54, 0x42, 0x4c, 0x80, 0xa1, 0xf2, 0x6f, 0x80, 0x1c, 0x66, 0xaa, 0x77, 0x00, 0xec, 0x54,
  0x42, 0x4c, 0x80, 0xa1, 0xf2, 0x6f, 0x80, 0x1c, 0x66, 0xaa, 0x77, 0x00, 0xec, 0x6f, 0x80, 0x1c, 0x66, 0xaa, 0x80, 0x0f,
  0xc6, 0x54, 0x42, 0x4c, 0x80, 0xa1, 0x70, 0xeb, 0x65, 0x00, 0xec, 0x6f, 0x80, 0x1c, 0x66, 0xaa, 0x80, 0x0f, 0xc6, 0x54,
  0x42, 0x4c, 0x80, 0xa1, 0x70, 0xeb, 0x65, 0x00, 0xec, 0xe2, 0xd8, 0x80, 0x78, 0x80, 0x12, 0xe2, 0x74, 0xb6, 0x80, 0x1a,
  0x00, 0xec, 0xe2, 0xd8, 0x80, 0x78, 0x80, 0x12, 0xe2, 0x74, 0xb6, 0x80, 0x1a, 0x00, 0xec, 0x80, 0x85, 0x97, 0x80, 0x6d,
  0x80, 0x78, 0x6b, 0x80, 0x1a, 0x00, 0xec, 0x80, 0x85, 0x97, 0x80, 0x6d, 0x80, 0x78, 0x6b, 0x80, 0x1a, 0x00, 0xec, 0x80,
  0x99, 0x80, 0xe7, 0x20, 0x80, 0x49, 0x80, 0xd7, 0xea, 0x73, 0x80, 0x12, 0x6d, 0x69, 0x80, 0x7a, 0x85, 0x8a, 0x67, 0x00,
  0xec, 0x80, 0x99, 0x80, 0xe7, 0x20, 0x80, 0x49, 0x80, 0xd7, 0xea, 0x73, 0x80, 0x12, 0x6d, 0x69, 0x80, 0x7a, 0x85, 0x8a,
  0x67, 0x00, 0xec, 0xa7, 0x6f, 0x8f, 0xa5, 0x98, 0x70, 0x97, 0xc6, 0x80, 0xa5, 0xea, 0x73, 0x80, 0x12, 0xa6, 0x80, 0x90,
  0x6e, 0x74, 0x80, 0x47, 0xea, 0x73, 0x96, 0x6c, 0x94, 0x93, 0x80, 0xb1, 0x2d, 0x80, 0x5b, 0xcd, 0x00, 0xec, 0xa7, 0x6f,
  0x8f, 0xa5, 0x98, 0x70, 0x97, 0xc6, 0x80, 0xa5, 0xea, 0x73, 0x80, 0x12, 0xa6, 0x80, 0x90, 0x6e, 0x74, 0x80, 0x47, 0xea,
  0x73, 0x96, 0x6c, 0x94, 0x93, 0x80, 0xb1, 0x2d, 0x80, 0x5b, 0xcd, 0x00, 0xec, 0x90, 0xd3, 0x80, 0xc6, 0x9e, 0x80, 0x16,
  0x67, 0x80, 0x2e, 0x73, 0x00, 0xec, 0x90, 0xd3, 0x80, 0xc6, 0x9e, 0x80, 0x16, 0x67, 0x80, 0x2e, 0x73, 0x00, 0xec, 0x80,
  0xb4, 0x80, 0xa1, 0x80, 0x08, 0xb7, 0x80, 0x6c, 0x79, 0x00, 0xec, 0x80, 0xb4, 0x80, 0xa1, 0x80, 0x08, 0xb7, 0x80, 0x6c,
  0x79, 0x00, 0xec, 0xc8, 0x80, 0x4a, 0x69, 0x78, 0x20, 0x44, 0x79, 0x80, 0xb2, 0xda, 0x20, 0x53, 0x83, 0x80, 0xb8, 0x64,
  0x61, 0xb7, 0xf4, 0xa6, 0x80, 0xe9, 0xaa, 0x6e, 0x67, 0xa5, 0x72, 0xb5, 0x6e, 0x8a, 0x67, 0x00, 0xec, 0xc8, 0x80, 0x4a,
  0x69, 0x78, 0x20, 0x44, 0x79, 0x80, 0xb2, 0xda, 0x20, 0x53, 0x83, 0x80, 0xb8, 0x64, 0x61, 0xb7, 0xf4, 0xa6, 0x80, 0xe9,
  0xaa, 0x6e, 0x67, 0xa5, 0x72, 0xb5, 0x6e, 0x8a, 0x67, 0x00, 0xd7, 0x6c, 0x80, 0x06, 0xbf, 0x87, 0x80, 0xb7, 0xc8, 0x80,
  0x4a, 0x69, 0x78, 0x20, 0x44, 0x79, 0x80, 0xb2, 0xda, 0x20, 0x53, 0x83, 0x80, 0xb8, 0x44, 0xb7, 0xa0, 0x56, 0x83, 0x80,
  0x6a, 0x80, 0xd7, 0x80, 0x97, 0x80, 0x02, 0x80, 0xea, 0x80, 0x1a, 0xbe, 0x00, 0xd7, 0x6c, 0x80, 0x06, 0xbf, 0x87, 0x80,
  0xb7, 0xc8, 0x80, 0x4a, 0x69, 0x78, 0x20, 0x44, 0x79, 0x80, 0xb2, 0xda, 0x20, 0x53, 0x83, 0x80, 0xb8, 0x44, 0xb7, 0xa0,
  0x56, 0x83, 0x80, 0x6a, 0x80, 0xd7, 0x80, 0x97, 0x80, 0x02, 0x80, 0xea, 0x80, 0x1a, 0xbe, 0x00, 0xec, 0x49, 0x6c, 0x9d,
  0x67, 0xdc, 0x80, 0x6d, 0x9e, 0x76, 0x90, 0xd3, 0x90, 0x20, 0x6c, 0x95, 0x67, 0x8f, 0x20, 0xaf, 0x80, 0xfe, 0x64, 0x00,
  0xec, 0x49, 0x6c, 0x9d, 0x67, 0xdc, 0x80, 0x6d, 0x9e, 0x76, 0x90, 0xd3, 0x90, 0x20, 0x6c, 0x95, 0x67, 0x8f, 0x20, 0xaf,
  0x80, 0xfe, 0x64, 0x00, 0xec, 0x49, 0x6c, 0x9d, 0x67, 0xdc, 0x6d, 0xbd, 0x73, 0x80, 0x71, 0x80, 0x1d, 0x8c, 0x80, 0x5f,
  0xf8, 0x94, 0x80, 0xcc, 0x8c, 0x80, 0x41, 0x80, 0x98, 0x80, 0x16, 0x80, 0x35, 0xf7, 0x00, 0xec, 0x49, 0x6c, 0x9d, 0x67,
  0xdc, 0x6d, 0xbd, 0x73, 0x80, 0x71, 0x80, 0x1d, 0x8c, 0x80, 0x5f, 0xf8, 0x94, 0x80, 0xcc, 0x8c, 0x80, 0x41, 0x80, 0x98,
  0x80, 0x16, 0x80, 0x35, 0xf7, 0x00, 0xec, 0x8b, 0x9e, 0xdd, 0x4d, 0x41, 0x4e, 0x55, 0x80, 0x7b, 0x43, 0x4b, 0x20, 0x80,
  0x41, 0x64, 0xc2, 0x00, 0xec, 0x8b, 0x9e, 0xdd, 0x4d, 0x41, 0x4e, 0x55, 0x80, 0x7b, 0x43, 0x4b, 0x20, 0x80, 0x41, 0x64,
  0xc2, 0x00, 0xec, 0x4c, 0x80, 0xa3, 0x80, 0x12, 0x54, 0x80, 0x06, 0x65, 0x80, 0xa4, 0x82, 0x45, 0x78, 0x70, 0x69, 0x8c,
  0x64, 0x00, 0xec, 0x4c, 0x80, 0xa3, 0x80, 0x12, 0x54, 0x80, 0x06, 0x65, 0x80, 0xa4, 0x82, 0x45, 0x78, 0x70, 0x69, 0x8c,
  0x64, 0x00, 0xec, 0x50, 0x80, 0x59, 0xe7, 0x97, 0x80, 0x3f, 0x4d, 0x69, 0x80, 0x7a, 0x93, 0xd3, 0xb5, 0x6b, 0x87, 0x80,
  0x87, 0x62, 0xd8, 0x00, 0xec, 0x50, 0x80, 0x59, 0xe7, 0x97, 0x80, 0x3f, 0x4d, 0x69, 0x80, 0x7a, 0x93, 0xd3, 0xb5, 0x6b,
  0x87, 0x80, 0x87, 0x62, 0xd8, 0x00, 0xec, 0xac, 0x89, 0x74, 0xab, 0x80, 0xe5, 0xba, 0x73, 0x68, 0x61, 0x8c, 0x86, 0x6d,
  0xb7, 0x85, 0x79, 0x00, 0xec, 0xac, 0x89, 0x74, 0xab, 0x80, 0xe5, 0xba, 0x73, 0x68, 0x61, 0x8c, 0x86, 0x6d, 0xb7, 0x85,
  0x79, 0x00, 0xec, 0xc8, 0x74, 0xb3, 0xe6, 0x74, 0x94, 0xe8, 0xfd, 0x8d, 0x6c, 0x00, 0xec, 0xc8, 0x74, 0xb3, 0xe6, 0x74,
  0x94, 0xe8, 0xfd, 0x8d, 0x6c, 0x00, 0xec, 0x4f, 0x80, 0x67, 0xef, 0xea, 0x73, 0x80, 0x9b, 0xf4, 0x53, 0x4d, 0x49, 0x20,
  0x70, 0x80, 0x4d, 0x75, 0x64, 0xa0, 0x80, 0xf0, 0x00, 0xec, 0x4f, 0x80, 0x67, 0xef, 0xea, 0x73, 0x80, 0x9b, 0xf4, 0x53,
  0x4d, 0x49, 0x20, 0x70, 0x80, 0x4d, 0x75, 0x64, 0xa0, 0x80, 0xf0, 0x00, 0xec, 0x80, 0x6f, 0x80, 0xc3, 0xef, 0x80, 0x4d,
  0xe5, 0x95, 0x80, 0x53, 0x8a, 0xb1, 0x69, 0x64, 0x00, 0xec, 0x80, 0x6f, 0x80, 0xc3, 0xef, 0x80, 0x4d, 0xe5, 0x95, 0x80,
  0x53, 0x8a, 0xb1, 0x69, 0x64, 0x00, 0xec, 0xdf, 0x80, 0x47, 0xdf, 0x81, 0x62, 0x80, 0xda, 0x20, 0x80, 0xbe, 0x97, 0xe0,
  0x80, 0xd5, 0x80, 0x93, 0x80, 0xf7, 0x74, 0x80, 0x06, 0xc2, 0x00, 0xec, 0xdf, 0x80, 0x47, 0xdf, 0x81, 0x62, 0x80, 0xda,
  0x20, 0x80, 0xbe, 0x97, 0xe0, 0x80, 0xd5, 0x80, 0x93, 0x80, 0xf7, 0x74, 0x80, 0x06, 0xc2, 0x00, 0xec, 0x80, 0xe9, 0x62,
  0x80, 0xda, 0x20, 0xa6, 0xe3, 0x95, 0x2e, 0x00, 0xec, 0x80, 0xe9, 0x62, 0x80, 0xda, 0x20, 0xa6, 0xe3, 0x95, 0x2e, 0x00,
  0xec, 0x42, 0x80, 0x7b, 0x42, 0x80, 0xa1, 0x80, 0x49, 0x80, 0x5b, 0x2e, 0x00, 0xec, 0x42, 0x80, 0x7b, 0x42, 0x80, 0xa1,
  0x80, 0x49, 0x80, 0x5b, 0x2e, 0x00, 0xec, 0x80, 0x97, 0x67, 0x9e, 0x80, 0x3f, 0x95, 0x86, 0x70, 0x80, 0x71, 0x99, 0xbc,
  0x70, 0x87, 0x80, 0x87, 0xea, 0x66, 0x80, 0x7f, 0x80, 0xee, 0x00, 0xec, 0x80, 0x97, 0x67, 0x9e, 0x80, 0x3f, 0x95, 0x86,
  0x70, 0x80, 0x71, 0x99, 0xbc, 0x70, 0x87, 0x80, 0x87, 0xea, 0x66, 0x80, 0x7f, 0x80, 0xee, 0x00, 0xec, 0x42, 0x80, 0xda,
  0x20, 0x99, 0xbc, 0x70, 0x20, 0xa6, 0x8a, 0x80, 0x95, 0x80, 0x9d, 0x00, 0xec, 0x42, 0x80, 0xda, 0x20, 0x99, 0xbc, 0x70,
  0x20, 0xa6, 0x8a, 0x80, 0x95, 0x80, 0x9d, 0x00, 0xec, 0x42, 0x80, 0xda, 0x20, 0x80, 0x6f, 0x6c, 0xb4, 0x84, 0x80, 0x49,
  0x80, 0x5b, 0x2e, 0x00, 0xec, 0x42, 0x80, 0xda, 0x20, 0x80, 0x6f, 0x6c, 0xb4, 0x84, 0x80, 0x49, 0x80, 0x5b, 0x2e, 0x00,
  0xec, 0x42, 0x80, 0x7b, 0x42, 0x80, 0xa1, 0xa6, 0x66, 0xe4, 0x6c, 0x00, 0xec, 0x42, 0x80, 0x7b, 0x42, 0x80, 0xa1, 0xa6,
  0x66, 0xe4, 0x6c, 0x00, 0xec, 0x70, 0x80, 0x71, 0x80, 0xae, 0x81, 0x80, 0x08, 0x6d, 0xe4, 0x74, 0x69, 0x70, 0xa2, 0xc6,
  0x80, 0x99, 0x80, 0xe7, 0x20, 0xe2, 0x80, 0x26, 0xe4, 0x82, 0x70, 0x80, 0x71, 0x80, 0xae, 0xc2, 0x00, 0xec, 0x70, 0x80,
  0x71, 0x80, 0xae, 0x81, 0x80, 0x08, 0x6d, 0xe4, 0x74, 0x69, 0x70, 0xa2, 0xc6, 0x80, 0x99, 0x80, 0xe7, 0x20, 0xe2, 0x80,
  0x26, 0xe4, 0x82, 0x70, 0x80, 0x71, 0x80, 0xae, 0xc2, 0x00, 0xec, 0x90, 0xd3, 0x80, 0xc6, 0xa6, 0x62, 0x80, 0x78, 0x6b,
  0xc7, 0x42, 0x80, 0x7b, 0x42, 0x70, 0x80, 0x71, 0x80, 0x2c, 0x63, 0x89, 0x80, 0x17, 0x00, 0xec, 0x90, 0xd3, 0x80, 0xc6,
  0xa6, 0x62, 0x80, 0x78, 0x6b, 0xc7, 0x42, 0x80, 0x7b, 0x42, 0x70, 0x80, 0x71, 0x80, 0x2c, 0x63, 0x89, 0x80, 0x17, 0x00,
  0xec, 0x42, 0x80, 0x7b, 0x42, 0x20, 0x70, 0xeb, 0xd2, 0x63, 0x8e, 0x27, 0x82, 0xe0, 0x80, 0x2c, 0x63, 0x89, 0x94, 0x80,
  0xcc, 0xa1, 0xd3, 0xb5, 0x80, 0x12, 0xb5, 0x74, 0xfb, 0x20, 0xd3, 0xb5, 0x80, 0x12, 0xd8, 0x86, 0x80, 0x31, 0x0a, 0xaa,
  0x80, 0xf5, 0xbe, 0x00, 0xec, 0x42, 0x80, 0x7b, 0x42, 0x20, 0x70, 0xeb, 0xd2, 0x63, 0x8e, 0x27, 0x82, 0xe0, 0x80, 0x2c,
  0x63, 0x89, 0x94, 0x80, 0xcc, 0xa1, 0xd3, 0xb5, 0x80, 0x12, 0xb5, 0x74, 0xfb, 0x20, 0xd3, 0xb5, 0x80, 0x12, 0xd8, 0x86,
  0x80, 0x31, 0x0a, 0xaa, 0x80, 0xf5, 0xbe, 0x00, 0xec, 0x49, 0x6c, 0x9d, 0x67, 0xdc, 0x80, 0x1f, 0xc6, 0xa1, 0x42, 0x80,
  0x7b, 0x42, 0x80, 0x51, 0x65, 0x00, 0xec, 0x49, 0x6c, 0x9d, 0x67, 0xdc, 0x80, 0x1f, 0xc6, 0xa1, 0x42, 0x80, 0x7b, 0x42,
  0x80, 0x51, 0x65, 0x00, 0x80, 0xa9, 0x80, 0x31, 0xbc, 0x20, 0x80, 0x4b, 0x80, 0x4a, 0x80, 0x93, 0xd3, 0x8e, 0xc5, 0xe2,
  0x74, 0xb6, 0x80, 0x1a, 0x00, 0x80, 0xa9, 0x80, 0x31, 0xbc, 0x20, 0x80, 0x4b, 0x80, 0x4a, 0x80, 0x93, 0xd3, 0x8e, 0xc5,
  0xe2, 0x74, 0xb6, 0x80, 0x1a, 0x00, 0x80, 0xa9, 0x80, 0xba, 0x80, 0x74, 0xb6, 0x94, 0x8a, 0x80, 0x55, 0x8d, 0xcb, 0x00,
  0x80, 0xa9, 0x80, 0xba, 0x80, 0x74, 0xb6, 0x94, 0x8a, 0x80, 0x55, 0x8d, 0xcb, 0x00, 0x80, 0xa9, 0x41, 0x84, 0xb3, 0x93,
  0x80, 0x56, 0x80, 0xa3, 0x80, 0x90, 0x86, 0x64, 0xb0, 0xc7, 0xaa, 0x67, 0xda, 0xdc, 0xaa, 0xb2, 0x62, 0xab, 0x80, 0x12,
  0xe6, 0x2e, 0x00, 0x80, 0xa9, 0x41, 0x84, 0xb3, 0x93, 0x80, 0x56, 0x80, 0xa3, 0x80, 0x90, 0x86, 0x64, 0xb0, 0xc7, 0xaa,
  0x67, 0xda, 0xdc, 0xaa, 0xb2, 0x62, 0xab, 0x80, 0x12, 0xe6, 0x2e, 0x00, 0x80, 0xa9, 0x41, 0x84, 0xb3, 0x93, 0x80, 0x56,
  0x80, 0xa3, 0x80, 0x90, 0x86, 0x64, 0xb0, 0xc7, 0x90, 0xd3, 0x80, 0xc6, 0x62, 0xab, 0x80, 0x12, 0xe6, 0x2e, 0x00, 0x80,
  0xa9, 0x41, 0x84, 0xb3, 0x93, 0x80, 0x56, 0x80, 0xa3, 0x80, 0x90, 0x86, 0x64, 0xb0, 0xc7, 0x90, 0xd3, 0x80, 0xc6, 0x62,
  0xab, 0x80, 0x12, 0xe6, 0x2e, 0x00, 0x80, 0xa9, 0xac, 0x67, 0x65, 0x82, 0x80, 0x78, 0x80, 0x12, 0x80, 0x82, 0x80, 0xd9,
  0x80, 0xc4, 0x6c, 0x64, 0xc7, 0xa1, 0x80, 0xf3, 0x66, 0x80, 0x7f, 0x2e, 0x00, 0x80, 0xa9, 0xac, 0x67, 0x65, 0x82, 0x80,
  0x78, 0x80, 0x12, 0x80, 0x82, 0x80, 0xd9, 0x80, 0xc4, 0x6c, 0x64, 0xc7, 0xa1, 0x80, 0xf3, 0x66, 0x80, 0x7f, 0x2e, 0x00,
  0x80, 0xa9, 0x41, 0x84, 0xb3, 0x93, 0x80, 0x56, 0x80, 0xa3, 0x80, 0x90, 0x86, 0x64, 0xb0, 0xc7, 0x70, 0x68, 0x79, 0x73,
  0xda, 0xdc, 0x8c, 0x99, 0x85, 0xc2, 0x00, 0x80, 0xa9, 0x41, 0x84, 0xb3, 0x93, 0x80, 0x56, 0x80, 0xa3, 0x80, 0x90, 0x86,
  0x64, 0xb0, 0xc7, 0x70, 0x68, 0x79, 0x73, 0xda, 0xdc, 0x8c, 0x99, 0x85, 0xc2, 0x00, 0x80, 0xa9, 0x41, 0x84, 0xb3, 0x93,
  0x80, 0x56, 0x80, 0xa3, 0x80, 0x90, 0x86, 0x64, 0xb0, 0xc7, 0xaa, 0x67, 0xda, 0xdc, 0x8c, 0x99, 0x85, 0xc2, 0x00, 0x80,
  0xa9, 0x41, 0x84, 0xb3, 0x93, 0x80, 0x56, 0x80, 0xa3, 0x80, 0x90, 0x86, 0x64, 0xb0, 0xc7, 0xaa, 0x67, 0xda, 0xdc, 0x8c,
  0x99, 0x85, 0xc2, 0x00, 0x80, 0xa9, 0x80, 0xe1, 0x80, 0x1e, 0x81, 0xa6, 0x80, 0x78, 0x6b, 0x80, 0x1a, 0x3b, 0x20, 0x70,
  0x95, 0x64, 0xc7, 0xd3, 0x8e, 0xc5, 0xba, 0xaa, 0x80, 0xf5, 0xc7, 0x80, 0x41, 0x64, 0xc2, 0x00, 0x80, 0xa9, 0x80, 0xe1,
  0x80, 0x1e, 0x81, 0xa6, 0x80, 0x78, 0x6b, 0x80, 0x1a, 0x3b, 0x20, 0x70, 0x95, 0x64, 0xc7, 0xd3, 0x8e, 0xc5, 0xba, 0xaa,
  0x80, 0xf5, 0xc7, 0x80, 0x41, 0x64, 0xc2, 0x00, 0xec, 0x80, 0xe9, 0x66, 0x8c, 0x81, 0xea, 0x73, 0x80, 0x12, 0x80, 0xa1,
  0xc1, 0x73, 0x85, 0x74, 0x00, 0xec, 0x80, 0xe9, 0x66, 0x8c, 0x81, 0xea, 0x73, 0x80, 0x12, 0x80, 0xa1, 0xc1, 0x73, 0x85,
  0x74, 0x00, 0xec, 0x53, 0x68, 0x61, 0x8c, 0x86, 0x80, 0xd5, 0x62, 0x80, 0xda, 0x20, 0xf2, 0xa6, 0x66, 0xe4, 0x6c, 0x00,
  0xec, 0x53, 0x68, 0x61, 0x8c, 0x86, 0x80, 0xd5, 0x62, 0x80, 0xda, 0x20, 0xf2, 0xa6, 0x66, 0xe4, 0x6c, 0x00, 0xec, 0x80,
  0x66, 0x4f, 0x80, 0x6c, 0xda, 0xdc, 0x53, 0x75, 0x62, 0x80, 0x99, 0x80, 0xe7, 0x20, 0x80, 0xf2, 0xb6, 0xca, 0x00, 0xec,
  0x80, 0x66, 0x4f, 0x80, 0x6c, 0xda, 0xdc, 0x53, 0x75, 0x62, 0x80, 0x99, 0x80, 0xe7, 0x20, 0x80, 0xf2, 0xb6, 0xca, 0x00,
  0xec, 0x44, 0xe6, 0x80, 0x60, 0x80, 0x0c, 0xe3, 0x74, 0xda, 0xdc, 0x42, 0x80, 0x7b, 0x42, 0x80, 0xa1, 0x80, 0xb2, 0x65,
  0x00, 0xec, 0x44, 0xe6, 0x80, 0x60, 0x80, 0x0c, 0xe3, 0x74, 0xda, 0xdc, 0x42, 0x80, 0x7b, 0x42, 0x80, 0xa1, 0x80, 0xb2,
  0x65, 0x00, 0x80, 0xa9, 0x44, 0x44, 0x80, 0x62, 0xaa, 0xb2, 0x80, 0x52, 0x80, 0xfc, 0x80, 0x16, 0x80, 0x35, 0x73, 0xc7,
  0xa6, 0x80, 0x68, 0x80, 0x27, 0xf8, 0x65, 0x00, 0x80, 0xa9, 0x44, 0x44, 0x80, 0x62, 0xaa, 0xb2, 0x80, 0x52, 0x80, 0xfc,
  0x80, 0x16, 0x80, 0x35, 0x73, 0xc7, 0xa6, 0x80, 0x68, 0x80, 0x27, 0xf8, 0x65, 0x00, 0xec, 0x41, 0x72, 0xd3, 0x80, 0xc6,
  0x8c, 0xe5, 0x69, 0x8c, 0x86, 0x80, 0x97, 0x80, 0x2a, 0x81, 0x8d, 0xd0, 0xc7, 0xba, 0xa1, 0x99, 0x8e, 0x64, 0x90, 0x86,
  0x80, 0xf0, 0x00, 0xec, 0x41, 0x72, 0xd3, 0x80, 0xc6, 0x8c, 0xe5, 0x69, 0x8c, 0x86, 0x80, 0x97, 0x80, 0x2a, 0x81, 0x8d,
  0xd0, 0xc7, 0xba, 0xa1, 0x99, 0x8e, 0x64, 0x90, 0x86, 0x80, 0xf0, 0x00, 0x80, 0xa9, 0x44, 0x44, 0x80, 0x62, 0xaa, 0xb2,
  0x80, 0x52, 0x80, 0xfc, 0x80, 0x16, 0x80, 0x35, 0x73, 0xc7, 0x80, 0x08, 0x80, 0x27, 0xf8, 0x65, 0x00, 0x80, 0xa9, 0x44,
  0x44, 0x80, 0x62, 0xaa, 0xb2, 0x80, 0x52, 0x80, 0xfc, 0x80, 0x16, 0x80, 0x35, 0x73, 0xc7, 0x80, 0x08, 0x80, 0x27, 0xf8,
  0x65, 0x00, 0xec, 0xac, 0x80, 0xd5, 0x80, 0x50, 0x74, 0xbf, 0x80, 0x17, 0x20, 0x4f, 0x6e, 0x6c, 0x80, 0x44, 0x80, 0xb5,
  0x65, 0x2f, 0x80, 0x65, 0x20, 0x80, 0x63, 0x20, 0x9e, 0x80, 0x16, 0x67, 0x80, 0x2e, 0xf7, 0x00, 0xec, 0xac, 0x80, 0xd5,
  0x80, 0x50, 0x74, 0xbf, 0x80, 0x17, 0x20, 0x4f, 0x6e, 0x6c, 0x80, 0x44, 0x80, 0xb5, 0x65, 0x2f, 0x80, 0x65, 0x20, 0x80,
  0x63, 0x20, 0x9e, 0x80, 0x16, 0x67, 0x80, 0x2e, 0xf7, 0x00, 0xec, 0x80, 0xf4, 0x44, 0x65, 0x80, 0x2f, 0x94, 0x80, 0xdb,
  0x80, 0xb0, 0xa4, 0x92, 0xee, 0x9b, 0x80, 0xce, 0x64, 0x00, 0xec, 0x80, 0xf4, 0x44, 0x65, 0x80, 0x2f, 0x94, 0x80, 0xdb,
  0x80, 0xb0, 0xa4, 0x92, 0xee, 0x9b, 0x80, 0xce, 0x64, 0x00, 0x80, 0xa9, 0xac, 0xd8, 0x86, 0x80, 0xaa, 0x9b, 0xaa, 0x80,
  0xf5, 0xc7, 0xf4, 0xa1, 0x44, 0x80, 0x62, 0x70, 0x80, 0x59, 0xe7, 0x97, 0x80, 0x22, 0x44, 0x80, 0x62, 0xdf, 0x2e, 0x00,
  0x80, 0xa9, 0xac, 0xd8, 0x86, 0x80, 0xaa, 0x9b, 0xaa, 0x80, 0xf5, 0xc7, 0xf4, 0xa1, 0x44, 0x80, 0x62, 0x70, 0x80, 0x59,
  0xe7, 0x97, 0x80, 0x22, 0x44, 0x80, 0x62, 0xdf, 0x2e, 0x00, 0xec, 0x54, 0x80, 0x83, 0x9b, 0xf2, 0x6f, 0x80, 0x1c, 0x66,
  0xaa, 0x77, 0x00, 0xec, 0x54, 0x80, 0x83, 0x9b, 0xf2, 0x6f, 0x80, 0x1c, 0x66, 0xaa, 0x77, 0x00, 0x80, 0xa9, 0x80, 0x66,
  0x73, 0x75, 0x80, 0x91, 0xd3, 0xb5, 0x6b, 0x00, 0x80, 0xa9, 0x80, 0x66, 0x73, 0x75, 0x80, 0x91, 0xd3, 0xb5, 0x6b, 0x00,
  0x80, 0xa9, 0xac, 0x80, 0x65, 0x20, 0xaf, 0x72, 0x80, 0xfc, 0xd3, 0xb5, 0x6b, 0x00, 0x80, 0xa9, 0xac, 0x80, 0x65, 0x20,
  0xaf, 0x72, 0x80, 0xfc, 0xd3, 0xb5, 0x6b, 0x00, 0x80, 0xa9, 0x43, 0x68, 0xb5, 0x80, 0x12, 0xa6, 0x62, 0xa8, 0x79, 0x00,
  0x80, 0xa9, 0x43, 0x68, 0xb5, 0x80, 0x12, 0xa6, 0x62, 0xa8, 0x79, 0x00, 0x80, 0xa9, 0x43, 0x68, 0xb5, 0x80, 0x12, 0x8b,
  0xb7, 0x80, 0x6c, 0x79, 0x00, 0x80, 0xa9, 0x43, 0x68, 0xb5, 0x80, 0x12, 0x8b, 0xb7, 0x80, 0x6c, 0x79, 0x00, 0x80, 0xa9,
  0x80, 0x66, 0x6d, 0x80, 0x31, 0x80, 0x5f, 0x80, 0xc3, 0x8e, 0x65, 0x80, 0xa4, 0x87, 0x76, 0x70, 0x00, 0x80, 0xa9, 0x80,
  0x66, 0x6d, 0x80, 0x31, 0x80, 0x5f, 0x80, 0xc3, 0x8e, 0x65, 0x80, 0xa4, 0x87, 0x76, 0x70, 0x00, 0x80, 0xa9, 0x4f, 0x80,
  0x67, 0xef, 0x8b, 0x80, 0x9b, 0x9e, 0x80, 0x8d, 0x80, 0x19, 0x80, 0xeb, 0x80, 0xb4, 0x80, 0x51, 0xc2, 0x00, 0x80, 0xa9,
  0x4f, 0x80, 0x67, 0xef, 0x8b, 0x80, 0x9b, 0x9e, 0x80, 0x8d, 0x80, 0x19, 0x80, 0xeb, 0x80, 0xb4, 0x80, 0x51, 0xc2, 0x00,
  0x80, 0xa9, 0xac, 0x80, 0xd5, 0xa1, 0x8c, 0x63, 0xcd, 0x80, 0x47, 0x61, 0x70, 0x70, 0x95, 0x64, 0x94, 0xaa, 0x80, 0xf5,
  0x94, 0x80, 0x50, 0x74, 0x80, 0xe2, 0xc1, 0x77, 0x72, 0xbf, 0x8a, 0x80, 0xc2, 0x00, 0x80, 0xa9, 0xac, 0x80, 0xd5, 0xa1,
  0x8c, 0x63, 0xcd, 0x80, 0x47, 0x61, 0x70, 0x70, 0x95, 0x64, 0x94, 0xaa, 0x80, 0xf5, 0x94, 0x80, 0x50, 0x74, 0x80, 0xe2,
  0xc1, 0x77, 0x72, 0xbf, 0x8a, 0x80, 0xc2, 0x00, 0xec, 0xac, 0x8d, 0x80, 0x9f, 0x80, 0x57, 0x20, 0x54, 0x6f, 0xa0, 0x6d,
  0x80, 0xf7, 0x8a, 0x2d, 0x70, 0x6c, 0xab, 0x81, 0x8d, 0xd0, 0x87, 0x80, 0xb7, 0xf2, 0x8a, 0x0a, 0x80, 0x16, 0x67, 0x80,
  0x2e, 0xf7, 0x00, 0xec, 0xac, 0x8d, 0x80, 0x9f, 0x80, 0x57, 0x20, 0x54, 0x6f, 0xa0, 0x6d, 0x80, 0xf7, 0x8a, 0x2d, 0x70,
  0x6c, 0xab, 0x81, 0x8d, 0xd0, 0x87, 0x80, 0xb7, 0xf2, 0x8a, 0x0a, 0x80, 0x16, 0x67, 0x80, 0x2e, 0xf7, 0x00, 0x80, 0xa9,
  0x80, 0xb4, 0x53, 0x70, 0xab, 0x81, 0xa6, 0x66, 0xe4, 0x6c, 0x2e, 0x00, 0x80, 0xa9, 0x80, 0xb4, 0x53, 0x70, 0xab, 0x81,
  0xa6, 0x66, 0xe4, 0x6c, 0x2e, 0x00, 0x41, 0x74, 0x80, 0x8d, 0x70, 0x82, 0xba, 0xe6, 0xc3, 0x81, 0xa1, 0x99, 0x8d, 0x81,
  0x80, 0x1c, 0x80, 0x6a, 0xc6, 0xa1, 0x80, 0xe4, 0x00, 0x41, 0x74, 0x80, 0x8d, 0x70, 0x82, 0xba, 0xe6, 0xc3, 0x81, 0xa1,
  0x99, 0x8d, 0x81, 0x80, 0x1c, 0x80, 0x6a, 0xc6, 0xa1, 0x80, 0xe4, 0x00, 0x43, 0xdf, 0x6e, 0x80, 0x77, 0x62, 0xfc, 0x77,
  0x65, 0x80, 0x02, 0x73, 0x92, 0xdf, 0x64, 0x80, 0xeb, 0x80, 0x3f, 0x70, 0x80, 0x59, 0xe7, 0x97, 0x80, 0x56, 0x80, 0x97,
  0x80, 0x02, 0xaa, 0x99, 0x00, 0x43, 0xdf, 0x6e, 0x80, 0x77, 0x62, 0xfc, 0x77, 0x65, 0x80, 0x02, 0x73, 0x92, 0xdf, 0x64,
  0x80, 0xeb, 0x80, 0x3f, 0x70, 0x80, 0x59, 0xe7, 0x97, 0x80, 0x56, 0x80, 0x97, 0x80, 0x02, 0xaa, 0x99, 0x00, 0x4f, 0x80,
  0x67, 0xef, 0xcc, 0x63, 0xe1, 0x8b, 0xe0, 0x72, 0x75, 0x84, 0xf4, 0x73, 0x92, 0xdf, 0x64, 0x80, 0xeb, 0x88, 0xe2, 0x00,
  0x4f, 0x80, 0x67, 0xef, 0xcc, 0x63, 0xe1, 0x8b, 0xe0, 0x72, 0x75, 0x84, 0xf4, 0x73, 0x92, 0xdf, 0x64, 0x80, 0xeb, 0x88,
  0xe2, 0x00, 0xd7, 0x80, 0xaa, 0x9b, 0x80, 0x70, 0x80, 0x5a, 0x8a, 0x75, 0x81, 0xf4, 0xa7, 0x6e, 0x80, 0xe3, 0x70, 0x80,
  0x59, 0xe7, 0x97, 0x80, 0x03, 0x80, 0x1c, 0x2e, 0x00, 0xd7, 0x80, 0xaa, 0x9b, 0x80, 0x70, 0x80, 0x5a, 0x8a, 0x75, 0x81,
  0xf4, 0xa7, 0x6e, 0x80, 0xe3, 0x70, 0x80, 0x59, 0xe7, 0x97, 0x80, 0x03, 0x80, 0x1c, 0x2e, 0x00, 0xec, 0xe1, 0x8a, 0x80,
  0x00, 0xd8, 0x64, 0x80, 0x2e, 0x87, 0xc1, 0xa1, 0x74, 0xa4, 0x74, 0x2f, 0x62, 0x79, 0x80, 0x98, 0x80, 0x1d, 0x80, 0xc8,
  0x8a, 0xd0, 0x80, 0x5f, 0x80, 0x6c, 0xbe, 0x00, 0xec, 0xe1, 0x8a, 0x80, 0x00, 0xd8, 0x64, 0x80, 0x2e, 0x87, 0xc1, 0xa1,
  0x74, 0xa4, 0x74, 0x2f, 0x62, 0x79, 0x80, 0x98, 0x80, 0x1d, 0x80, 0xc8, 0x8a, 0xd0, 0x80, 0x5f, 0x80, 0x6c, 0xbe, 0x00,
  0xec, 0x89, 0x80, 0x8d, 0x70, 0x82, 0xba, 0xd8, 0x86, 0xa4, 0x74, 0x95, 0x64, 0x94, 0x80, 0x63, 0x20, 0x8a, 0xba, 0xa1,
  0x80, 0x50, 0x74, 0x80, 0xe2, 0x80, 0x82, 0x6f, 0x73, 0x81, 0x80, 0x85, 0x97, 0x64, 0xbd, 0x63, 0x80, 0x59, 0x80, 0x6c,
  0x85, 0x73, 0x0a, 0x20, 0x80, 0x87, 0x9e, 0x37, 0x2e, 0x78, 0x20, 0x53, 0x83, 0x80, 0xb8, 0x80, 0x4a, 0x89, 0x00, 0xec,
  0x89, 0x80, 0x8d, 0x70, 0x82, 0xba, 0xd8, 0x86, 0xa4, 0x74, 0x95, 0x64, 0x94, 0x80, 0x63, 0x20, 0x8a, 0xba, 0xa1, 0x80,
  0x50, 0x74, 0x80, 0xe2, 0x80, 0x82, 0x6f, 0x73, 0x81, 0x80, 0x85, 0x97, 0x64, 0xbd, 0x63, 0x80, 0x59, 0x80, 0x6c, 0x85,
  0x73, 0x0a, 0x20, 0x80, 0x87, 0x9e, 0x37, 0x2e, 0x78, 0x20, 0x53, 0x83, 0x80, 0xb8, 0x80, 0x4a, 0x89, 0x00, 0x80, 0x6f,
  0x80, 0xd3, 0xd8, 0x86, 0x6e, 0x80, 0xe3, 0xaa, 0x80, 0xc2, 0x20, 0x9a, 0x6f, 0x82, 0xd3, 0xb5, 0x80, 0x12, 0xa6, 0x8d,
  0x80, 0x41, 0x80, 0xfc, 0x66, 0xe4, 0x6c, 0x00, 0x80, 0x6f, 0x80, 0xd3, 0xd8, 0x86, 0x6e, 0x80, 0xe3, 0xaa, 0x80, 0xc2,
  0x20, 0x9a, 0x6f, 0x82, 0xd3, 0xb5, 0x80, 0x12, 0xa6, 0x8d, 0x80, 0x41, 0x80, 0xfc, 0x66, 0xe4, 0x6c, 0x00, 0x80, 0x66,
  0x6d, 0x85, 0x81, 0x6e, 0x80, 0xe3, 0xaa, 0xb2, 0x80, 0xbf, 0x83, 0x87, 0xba, 0x80, 0x2c, 0x63, 0x89, 0x65, 0x00, 0x80,
  0x66, 0x6d, 0x85, 0x81, 0x6e, 0x80, 0xe3, 0xaa, 0xb2, 0x80, 0xbf, 0x83, 0x87, 0xba, 0x80, 0x2c, 0x63, 0x89, 0x65, 0x00,
  0x41, 0x88, 0x8f, 0xa5, 0x8f, 0x8c, 0x80, 0x73, 0x8c, 0xe5, 0x65, 0x99, 0x94, 0x80, 0x5d, 0x41, 0x44, 0x2f, 0x57, 0x52,
  0x49, 0x80, 0x10, 0x20, 0x80, 0xcf, 0x73, 0x00, 0x41, 0x88, 0x8f, 0xa5, 0x8f, 0x8c, 0x80, 0x73, 0x8c, 0xe5, 0x65, 0x99,
  0x94, 0x80, 0x5d, 0x41, 0x44, 0x2f, 0x57, 0x52, 0x49, 0x80, 0x10, 0x20, 0x80, 0xcf, 0x73, 0x00, 0xd7, 0x8c, 0xe5, 0xbd,
  0x82, 0x80, 0xc8, 0x63, 0x8e, 0x80, 0x5f, 0x80, 0xc3, 0x94, 0x80, 0x82, 0x80, 0xd9, 0x77, 0x61, 0xbf, 0x8a, 0x67, 0x00,
  0xd7, 0x8c, 0xe5, 0xbd, 0x82, 0x80, 0xc8, 0x63, 0x8e, 0x80, 0x5f, 0x80, 0xc3, 0x94, 0x80, 0x82, 0x80, 0xd9, 0x77, 0x61,
  0xbf, 0x8a, 0x67, 0x00, 0x57, 0x41, 0x52, 0x4e, 0x80, 0x28, 0x47, 0x9c, 0x41, 0x64, 0x64, 0x80, 0xe2, 0xc6, 0x6e, 0x80,
  0xe3, 0xaa, 0xb2, 0x61, 0x70, 0x70, 0x65, 0x90, 0x87, 0xba, 0xe0, 0x99, 0x8d, 0x6c, 0x94, 0x80, 0x3f, 0x80, 0x08, 0x80,
  0xa8, 0x9d, 0x74, 0xc2, 0x00, 0x57, 0x41, 0x52, 0x4e, 0x80, 0x28, 0x47, 0x9c, 0x41, 0x64, 0x64, 0x80, 0xe2, 0xc6, 0x6e,
  0x80, 0xe3, 0xaa, 0xb2, 0x61, 0x70, 0x70, 0x65, 0x90, 0x87, 0xba, 0xe0, 0x99, 0x8d, 0x6c, 0x94, 0x80, 0x3f, 0x80, 0x08,
  0x80, 0xa8, 0x9d, 0x74, 0xc2, 0x00, 0xac, 0x52, 0x95, 0xfe, 0xa1, 0x44, 0x62, 0x80, 0xa1, 0x80, 0x82, 0x80, 0xd9, 0xd3,
  0x92, 0x6b, 0x80, 0x52, 0x8a, 0x82, 0xa6, 0x9e, 0x80, 0x16, 0x67, 0x80, 0x2e, 0xf7, 0x00, 0xac, 0x52, 0x95, 0xfe, 0xa1,
  0x44, 0x62, 0x80, 0xa1, 0x80, 0x82, 0x80, 0xd9, 0xd3, 0x92, 0x6b, 0x80, 0x52, 0x8a, 0x82, 0xa6, 0x9e, 0x80, 0x16, 0x67,
  0x80, 0x2e, 0xf7, 0x00, 0x43, 0xe1, 0x8b, 0x52, 0x95, 0xfe, 0x64, 0x62, 0x80, 0xa1, 0xf4, 0x48, 0x44, 0x80, 0x62, 0x73,
  0x92, 0xdf, 0x64, 0x90, 0x80, 0x9c, 0x00, 0x43, 0xe1, 0x8b, 0x52, 0x95, 0xfe, 0x64, 0x62, 0x80, 0xa1, 0xf4, 0x48, 0x44,
  0x80, 0x62, 0x73, 0x92, 0xdf, 0x64, 0x90, 0x80, 0x9c, 0x00, 0xec, 0xd7, 0x80, 0x50, 0x74, 0x80, 0xe2, 0x6e, 0x65, 0x80,
  0x1a, 0x87, 0xba, 0xe0, 0x90, 0xd3, 0xf8, 0xbe, 0x00, 0xec, 0xd7, 0x80, 0x50, 0x74, 0x80, 0xe2, 0x6e, 0x65, 0x80, 0x1a,
  0x87, 0xba, 0xe0, 0x90, 0xd3, 0xf8, 0xbe, 0x00, 0xec, 0xd7, 0x80, 0x50, 0x74, 0x80, 0xe2, 0xa6, 0x8d, 0xd0, 0xbe, 0x00,
  0xec, 0xd7, 0x80, 0x50, 0x74, 0x80, 0xe2, 0xa6, 0x8d, 0xd0, 0xbe, 0x00, 0xec, 0xac, 0xd8, 0x86, 0x64, 0x62, 0x80, 0xa1,
  0xc6, 0x62, 0x69, 0xb2, 0x70, 0x80, 0x71, 0x80, 0x82, 0x80, 0x02, 0x80, 0x0e, 0x43, 0x68, 0xb5, 0x80, 0x12, 0x80, 0x5e,
  0x82, 0xa6, 0xea, 0x73, 0x96, 0x9d, 0xa9, 0x00, 0xec, 0xac, 0xd8, 0x86, 0x64, 0x62, 0x80, 0xa1, 0xc6, 0x62, 0x69, 0xb2,
  0x70, 0x80, 0x71, 0x80, 0x82, 0x80, 0x02, 0x80, 0x0e, 0x43, 0x68, 0xb5, 0x80, 0x12, 0x80, 0x5e, 0x82, 0xa6, 0xea, 0x73,
  0x96, 0x9d, 0xa9, 0x00, 0xec, 0x54, 0x61, 0x70, 0x81, 0x6d, 0x69, 0x67, 0x68, 0x82, 0x80, 0x5a, 0x61, 0x80, 0xd6, 0x80,
  0x95, 0x72, 0xe6, 0x82, 0x70, 0x80, 0x71, 0x28, 0x85, 0x80, 0xd8, 0x69, 0x66, 0x20, 0x79, 0x80, 0xa4, 0x20, 0x80, 0x87,
  0xa4, 0x92, 0xee, 0xc7, 0xdf, 0xaa, 0xd8, 0x0a, 0x80, 0x37, 0x6d, 0x80, 0x3f, 0xff, 0x80, 0xca, 0xa7, 0x80, 0x95, 0x8c,
  0x63, 0x82, 0x80, 0xb4, 0x80, 0xa1, 0x80, 0x46, 0xa8, 0xc7, 0xa7, 0x2d, 0x86, 0x80, 0x96, 0xb4, 0x80, 0xee, 0x00, 0xec,
  0x54, 0x61, 0x70, 0x81, 0x6d, 0x69, 0x67, 0x68, 0x82, 0x80, 0x5a, 0x61, 0x80, 0xd6, 0x80, 0x95, 0x72, 0xe6, 0x82, 0x70,
  0x80, 0x71, 0x28, 0x85, 0x80, 0xd8, 0x69, 0x66, 0x20, 0x79, 0x80, 0xa4, 0x20, 0x80, 0x87, 0xa4, 0x92, 0xee, 0xc7, 0xdf,
  0xaa, 0xd8, 0x0a, 0x80, 0x37, 0x6d, 0x80, 0x3f, 0xff, 0x80, 0xca, 0xa7, 0x80, 0x95, 0x8c, 0x63, 0x82, 0x80, 0xb4, 0x80,
  0xa1, 0x80, 0x46, 0xa8, 0xc7, 0xa7, 0x2d, 0x86, 0x80, 0x96, 0xb4, 0x80, 0xee, 0x00, 0xec, 0x41, 0x6c, 0x80, 0x9f, 0x9e,
  0x80, 0x16, 0x67, 0x80, 0x2e, 0x87, 0xf4, 0x80, 0x50, 0x74, 0xbf, 0x80, 0x17, 0x00, 0xec, 0x41, 0x6c, 0x80, 0x9f, 0x9e,
  0x80, 0x16, 0x67, 0x80, 0x2e, 0x87, 0xf4, 0x80, 0x50, 0x74, 0xbf, 0x80, 0x17, 0x00, 0xec, 0x50, 0x90, 0x74, 0x80, 0xe2,
  0x80, 0x56, 0x80, 0x97, 0x80, 0x02, 0x8d, 0xd0, 0xbe, 0x00, 0xec, 0x50, 0x90, 0x74, 0x80, 0xe2, 0x80, 0x56, 0x80, 0x97,
  0x80, 0x02, 0x8d, 0xd0, 0xbe, 0x00, 0xec, 0x41, 0x84, 0xdf, 0x6c, 0x80, 0x44, 0x80, 0x34, 0xd5, 0x80, 0xfb, 0xa6, 0x9e,
  0x80, 0x16, 0x67, 0x80, 0x2e, 0x87, 0xf4, 0x80, 0xa5, 0x80, 0x57, 0x00, 0xec, 0x41, 0x84, 0xdf, 0x6c, 0x80, 0x44, 0x80,
  0x34, 0xd5, 0x80, 0xfb, 0xa6, 0x9e, 0x80, 0x16, 0x67, 0x80, 0x2e, 0x87, 0xf4, 0x80, 0xa5, 0x80, 0x57, 0x00, 0x52, 0x53,
  0xd6, 0xd1, 0x80, 0x23, 0x80, 0x89, 0xe2, 0x80, 0x26, 0xe4, 0x82, 0x80, 0x6d, 0x80, 0xae, 0xc2, 0x00, 0x52, 0x53, 0xd6,
  0xd1, 0x80, 0x23, 0x80, 0x89, 0xe2, 0x80, 0x26, 0xe4, 0x82, 0x80, 0x6d, 0x80, 0xae, 0xc2, 0x00, 0xac, 0x8c, 0xe5, 0xbd,
  0x82, 0x6d, 0x85, 0x81, 0x8f, 0xe1, 0x31, 0x20, 0x70, 0x80, 0x71, 0xc1, 0xdf, 0x6c, 0x80, 0x44, 0x80, 0x63, 0x20, 0x80,
  0xf3, 0xfb, 0x64, 0x00, 0xac, 0x8c, 0xe5, 0xbd, 0x82, 0x6d, 0x85, 0x81, 0x8f, 0xe1, 0x31, 0x20, 0x70, 0x80, 0x71, 0xc1,
  0xdf, 0x6c, 0x80, 0x44, 0x80, 0x63, 0x20, 0x80, 0xf3, 0xfb, 0x64, 0x00, 0x45, 0x78, 0x80, 0xcb, 0xa8, 0x80, 0xc6, 0x80,
  0xcf, 0x87, 0x8c, 0xe5, 0x69, 0x8c, 0x86, 0xba, 0x70, 0x8c, 0x2d, 0x80, 0x06, 0x80, 0x71, 0x80, 0xf3, 0x66, 0x80, 0x7f,
  0x00, 0x45, 0x78, 0x80, 0xcb, 0xa8, 0x80, 0xc6, 0x80, 0xcf, 0x87, 0x8c, 0xe5, 0x69, 0x8c, 0x86, 0xba, 0x70, 0x8c, 0x2d,
  0x80, 0x06, 0x80, 0x71, 0x80, 0xf3, 0x66, 0x80, 0x7f, 0x00, 0x80, 0xb9, 0x9e, 0xdf, 0x6c, 0x80, 0x44, 0x80, 0x63, 0x20,
  0x80, 0x8f, 0x89, 0xca, 0x00, 0x80, 0xb9, 0x9e, 0xdf, 0x6c, 0x80, 0x44, 0x80, 0x63, 0x20, 0x80, 0x8f, 0x89, 0xca, 0x00,
  0x80, 0xb9, 0x73, 0x80, 0x05, 0xc7, 0x80, 0x85, 0xc4, 0x20, 0x61, 0x66, 0x80, 0x9f, 0xdf, 0x6c, 0x80, 0x44, 0x80, 0x63,
  0x20, 0x80, 0xf3, 0xfb, 0x64, 0x00, 0x80, 0xb9, 0x73, 0x80, 0x05, 0xc7, 0x80, 0x85, 0xc4, 0x20, 0x61, 0x66, 0x80, 0x9f,
  0xdf, 0x6c, 0x80, 0x44, 0x80, 0x63, 0x20, 0x80, 0xf3, 0xfb, 0x64, 0x00, 0xac, 0x80, 0x67, 0x80, 0x4a, 0x20, 0xdf, 0x6c,
  0x80, 0x44, 0x80, 0x63, 0x20, 0x80, 0xf3, 0xfb, 0x86, 0xc1, 0x89, 0x74, 0xab, 0x68, 0x94, 0x8a, 0x64, 0xda, 0xbd, 0x00,
  0xac, 0x80, 0x67, 0x80, 0x4a, 0x20, 0xdf, 0x6c, 0x80, 0x44, 0x80, 0x63, 0x20, 0x80, 0xf3, 0xfb, 0x86, 0xc1, 0x89, 0x74,
  0xab, 0x68, 0x94, 0x8a, 0x64, 0xda, 0xbd, 0x00, 0x50, 0x90, 0x74, 0x69, 0x8d, 0x80, 0x47, 0x8c, 0x80, 0x73, 0x80, 0xe4,
  0x00, 0x50, 0x90, 0x74, 0x69, 0x8d, 0x80, 0x47, 0x8c, 0x80, 0x73, 0x80, 0xe4, 0x00, 0x80, 0xb9, 0x80, 0x2c, 0x63, 0x89,
  0xc7, 0x80, 0xf3, 0x66, 0x51, 0x20, 0xc1, 0x70, 0x8c, 0x80, 0x06, 0x80, 0x71, 0x93, 0xe6, 0xc3, 0x93, 0xaa, 0x67, 0x00,
  0x80, 0xb9, 0x80, 0x2c, 0x63, 0x89, 0xc7, 0x80, 0xf3, 0x66, 0x51, 0x20, 0xc1, 0x70, 0x8c, 0x80, 0x06, 0x80, 0x71, 0x93,
  0xe6, 0xc3, 0x93, 0xaa, 0x67, 0x00, 0x80, 0xb9, 0x80, 0xa3, 0x80, 0x90, 0x86, 0x80, 0x82, 0x80, 0xd9, 0x99, 0x90, 0x74,
  0xc7, 0xa1, 0x8f, 0x8c, 0x80, 0x73, 0xc1, 0x80, 0x16, 0x80, 0x35, 0x73, 0xc7, 0x70, 0x8c, 0x80, 0x06, 0x80, 0x71, 0x93,
  0xe6, 0xc3, 0x93, 0xaa, 0x67, 0x00, 0x80, 0xb9, 0x80, 0xa3, 0x80, 0x90, 0x86, 0x80, 0x82, 0x80, 0xd9, 0x99, 0x90, 0x74,
  0xc7, 0xa1, 0x8f, 0x8c, 0x80, 0x73, 0xc1, 0x80, 0x16, 0x80, 0x35, 0x73, 0xc7, 0x70, 0x8c, 0x80, 0x06, 0x80, 0x71, 0x93,
  0xe6, 0xc3, 0x93, 0xaa, 0x67, 0x00, 0x80, 0x66, 0x70, 0x8c, 0x80, 0x06, 0x80, 0x71, 0x80, 0x5b, 0x73, 0x00, 0x80, 0x66,
  0x70, 0x8c, 0x80, 0x06, 0x80, 0x71, 0x80, 0x5b, 0x73, 0x00, 0x42, 0x80, 0x73, 0x80, 0x8d, 0x70, 0x20, 0x80, 0x50, 0x74,
  0x80, 0xe2, 0x70, 0x68, 0x79, 0x73, 0xd8, 0x64, 0x72, 0x00, 0x42, 0x80, 0x73, 0x80, 0x8d, 0x70, 0x20, 0x80, 0x50, 0x74,
  0x80, 0xe2, 0x70, 0x68, 0x79, 0x73, 0xd8, 0x64, 0x72, 0x00, 0x4d, 0x85, 0x81, 0x8f, 0xe1, 0x31, 0x20, 0xdf, 0x6c, 0x80,
  0x44, 0x80, 0x63, 0x20, 0x80, 0xfb, 0x80, 0x08, 0x80, 0x9b, 0xf4, 0xa7, 0x73, 0xfe, 0x80, 0xf0, 0x00, 0x4d, 0x85, 0x81,
  0x8f, 0xe1, 0x31, 0x20, 0xdf, 0x6c, 0x80, 0x44, 0x80, 0x63, 0x20, 0x80, 0xfb, 0x80, 0x08, 0x80, 0x9b, 0xf4, 0xa7, 0x73,
  0xfe, 0x80, 0xf0, 0x00, 0x80, 0x66, 0xdf, 0x6c, 0x80, 0x44, 0x80, 0x63, 0x20, 0x80, 0xf3, 0xfb, 0x86, 0x80, 0x52, 0x73,
  0x73, 0x80, 0xd4, 0x9d, 0x00, 0x80, 0x66, 0xdf, 0x6c, 0x80, 0x44, 0x80, 0x63, 0x20, 0x80, 0xf3, 0xfb, 0x86, 0x80, 0x52,
  0x73, 0x73, 0x80, 0xd4, 0x9d, 0x00, 0xac, 0x80, 0x16, 0x80, 0x5f, 0x94, 0x80, 0x22, 0xa1, 0xea, 0x72, 0x74, 0x79, 0x2f,
  0x80, 0x41, 0xea, 0xaf, 0x94, 0xf2, 0x80, 0xa6, 0x64, 0xda, 0x74, 0xca, 0x80, 0xeb, 0xcd, 0x72, 0x80, 0x9c, 0x00, 0xac,
  0x80, 0x16, 0x80, 0x5f, 0x94, 0x80, 0x22, 0xa1, 0xea, 0x72, 0x74, 0x79, 0x2f, 0x80, 0x41, 0xea, 0xaf, 0x94, 0xf2, 0x80,
  0xa6, 0x64, 0xda, 0x74, 0xca, 0x80, 0xeb, 0xcd, 0x72, 0x80, 0x9c, 0x00, 0xac, 0x80, 0x9e, 0xa1, 0x80, 0x8d, 0x80, 0x19,
  0x80, 0xeb, 0x80, 0x8f, 0x89, 0xc7, 0x80, 0x99, 0x80, 0xe7, 0x20, 0x80, 0x4b, 0xba, 0x80, 0x1f, 0x80, 0xd6, 0x73, 0x85,
  0x80, 0xb6, 0x00, 0xac, 0x80, 0x9e, 0xa1, 0x80, 0x8d, 0x80, 0x19, 0x80, 0xeb, 0x80, 0x8f, 0x89, 0xc7, 0x80, 0x99, 0x80,
  0xe7, 0x20, 0x80, 0x4b, 0xba, 0x80, 0x1f, 0x80, 0xd6, 0x73, 0x85, 0x80, 0xb6, 0x00, 0xac, 0x77, 0x72, 0xbf, 0x81, 0xba,
  0xa1, 0x80, 0x8d, 0x80, 0x19, 0x80, 0xeb, 0x80, 0x8f, 0x89, 0xc7, 0x80, 0x99, 0x80, 0xe7, 0x20, 0x80, 0x4b, 0x64, 0xb0,
  0xc7, 0xa1, 0x73, 0x85, 0x80, 0xb6, 0x00, 0xac, 0x77, 0x72, 0xbf, 0x81, 0xba, 0xa1, 0x80, 0x8d, 0x80, 0x19, 0x80, 0xeb,
  0x80, 0x8f, 0x89, 0xc7, 0x80, 0x99, 0x80, 0xe7, 0x20, 0x80, 0x4b, 0x64, 0xb0, 0xc7, 0xa1, 0x73, 0x85, 0x80, 0xb6, 0x00,
  0xce, 0xa6, 0xaa, 0xb2, 0x80, 0xe0, 0x80, 0x65, 0x70, 0x80, 0x1a, 0x80, 0x0b, 0x62, 0x80, 0xc7, 0xa7, 0x6e, 0xa4, 0x82,
  0xaa, 0xb2, 0x80, 0x56, 0xe1, 0x80, 0xd5, 0x80, 0xaa, 0x80, 0x17, 0x00, 0xce, 0xa6, 0xaa, 0xb2, 0x80, 0xe0, 0x80, 0x65,
  0x70, 0x80, 0x1a, 0x80, 0x0b, 0x62, 0x80, 0xc7, 0xa7, 0x6e, 0xa4, 0x82, 0xaa, 0xb2, 0x80, 0x56, 0xe1, 0x80, 0xd5, 0x80,
  0xaa, 0x80, 0x17, 0x00, 0xec, 0xd7, 0x80, 0x50, 0x74, 0x80, 0xe2, 0x98, 0x80, 0xd3, 0xe0, 0x80, 0xb5, 0x80, 0x5c, 0x80,
  0xc7, 0xa7, 0x64, 0x62, 0x80, 0xa1, 0xa6, 0x80, 0x90, 0x6e, 0x74, 0x6c, 0x79, 0x0a, 0xb5, 0x80, 0x05, 0x61, 0xfb, 0x96,
  0x80, 0x01, 0x00, 0xec, 0xd7, 0x80, 0x50, 0x74, 0x80, 0xe2, 0x98, 0x80, 0xd3, 0xe0, 0x80, 0xb5, 0x80, 0x5c, 0x80, 0xc7,
  0xa7, 0x64, 0x62, 0x80, 0xa1, 0xa6, 0x80, 0x90, 0x6e, 0x74, 0x6c, 0x79, 0x0a, 0xb5, 0x80, 0x05, 0x61, 0xfb, 0x96, 0x80,
  0x01, 0x00, 0x58, 0x41, 0xd1, 0xd7, 0x9a, 0x80, 0xc3, 0x62, 0xab, 0x80, 0x12, 0x80, 0xc8, 0x63, 0x61, 0xa8, 0x80, 0x5c,
  0x97, 0xe1, 0xb5, 0x80, 0x84, 0x8c, 0xb9, 0xdf, 0x2e, 0x00, 0x58, 0x41, 0xd1, 0xd7, 0x9a, 0x80, 0xc3, 0x62, 0xab, 0x80,
  0x12, 0x80, 0xc8, 0x63, 0x61, 0xa8, 0x80, 0x5c, 0x97, 0xe1, 0xb5, 0x80, 0x84, 0x8c, 0xb9, 0xdf, 0x2e, 0x00, 0x58, 0x41,
  0xd1, 0xd7, 0x9a, 0x80, 0xc3, 0x62, 0xab, 0x80, 0x12, 0x80, 0xc8, 0x63, 0x61, 0xa8, 0x80, 0x5c, 0x97, 0xa1, 0x80, 0x37,
  0x6d, 0xb5, 0xda, 0xef, 0x80, 0x26, 0xfb, 0x75, 0x8c, 0x2e, 0x00, 0x58, 0x41, 0xd1, 0xd7, 0x9a, 0x80, 0xc3, 0x62, 0xab,
  0x80, 0x12, 0x80, 0xc8, 0x63, 0x61, 0xa8, 0x80, 0x5c, 0x97, 0xa1, 0x80, 0x37, 0x6d, 0xb5, 0xda, 0xef, 0x80, 0x26, 0xfb,
  0x75, 0x8c, 0x2e, 0x00, 0x58, 0x41, 0xd1, 0xd7, 0x9a, 0x80, 0xc3, 0x62, 0xab, 0x80, 0x12, 0x80, 0xc8, 0x63, 0x61, 0xa8,
  0x80, 0x5c, 0x97, 0xa1, 0xe2, 0xd8, 0x80, 0x78, 0x80, 0x12, 0x80, 0xc8, 0xe2, 0x74, 0xb6, 0xbe, 0x00, 0x58, 0x41, 0xd1,
  0xd7, 0x9a, 0x80, 0xc3, 0x62, 0xab, 0x80, 0x12, 0x80, 0xc8, 0x63, 0x61, 0xa8, 0x80, 0x5c, 0x97, 0xa1, 0xe2, 0xd8, 0x80,
  0x78, 0x80, 0x12, 0x80, 0xc8, 0xe2, 0x74, 0xb6, 0xbe, 0x00, 0x58, 0x41, 0xd1, 0x80, 0xc5, 0xcf, 0x64, 0x80, 0xe2, 0x8f,
  0x80, 0x93, 0x76, 0x91, 0x6c, 0x89, 0xd2, 0xa7, 0x8a, 0x74, 0x65, 0x67, 0x72, 0x80, 0x79, 0x80, 0xb7, 0x80, 0x2e, 0x80,
  0xd1, 0x63, 0xd2, 0x80, 0xc8, 0xe2, 0x74, 0xb6, 0xbe, 0x00, 0x58, 0x41, 0xd1, 0x80, 0xc5, 0xcf, 0x64, 0x80, 0xe2, 0x8f,
  0x80, 0x93, 0x76, 0x91, 0x6c, 0x89, 0xd2, 0xa7, 0x8a, 0x74, 0x65, 0x67, 0x72, 0x80, 0x79, 0x80, 0xb7, 0x80, 0x2e, 0x80,
  0xd1, 0x63, 0xd2, 0x80, 0xc8, 0xe2, 0x74, 0xb6, 0xbe, 0x00, 0x58, 0x41, 0xd1, 0xd7, 0x52, 0xbd, 0x80, 0xd1, 0x80, 0x53,
  0x4d, 0x8e, 0xeb, 0xa5, 0x9a, 0x80, 0xc3, 0x80, 0x5c, 0xab, 0x80, 0x12, 0xa7, 0x80, 0xaa, 0x9b, 0x62, 0x80, 0x04, 0x80,
  0x91, 0xc1, 0xa1, 0x8c, 0xb9, 0xdf, 0x0a, 0x8b, 0xf4, 0xa7, 0x58, 0x80, 0xc5, 0x9a, 0x80, 0xc3, 0x62, 0xab, 0x6b, 0xcb,
  0xf7, 0x00, 0x58, 0x41, 0xd1, 0xd7, 0x52, 0xbd, 0x80, 0xd1, 0x80, 0x53, 0x4d, 0x8e, 0xeb, 0xa5, 0x9a, 0x80, 0xc3, 0x80,
  0x5c, 0xab, 0x80, 0x12, 0xa7, 0x80, 0xaa, 0x9b, 0x62, 0x80, 0x04, 0x80, 0x91, 0xc1, 0xa1, 0x8c, 0xb9, 0xdf, 0x0a, 0x8b,
  0xf4, 0xa7, 0x58, 0x80, 0xc5, 0x9a, 0x80, 0xc3, 0x62, 0xab, 0x6b, 0xcb, 0xf7, 0x00, 0x58, 0x41, 0xd1, 0x80, 0xc5, 0x80,
  0x16, 0x80, 0x36, 0xdb, 0xc0, 0x93, 0x80, 0xa3, 0x80, 0x90, 0x86, 0x80, 0x3c, 0x52, 0xbd, 0x80, 0xd1, 0x80, 0x53, 0x4d,
  0x8e, 0xeb, 0x83, 0x2e, 0x00, 0x58, 0x41, 0xd1, 0x80, 0xc5, 0x80, 0x16, 0x80, 0x36, 0xdb, 0xc0, 0x93, 0x80, 0xa3, 0x80,
  0x90, 0x86, 0x80, 0x3c, 0x52, 0xbd, 0x80, 0xd1, 0x80, 0x53, 0x4d, 0x8e, 0xeb, 0x83, 0x2e, 0x00, 0x58, 0x41, 0xd1, 0xd7,
  0x9a, 0x80, 0xc3, 0x62, 0xab, 0x80, 0x12, 0x80, 0xc8, 0x63, 0x61, 0xa8, 0x80, 0x5c, 0x97, 0xa1, 0x80, 0xaa, 0x9b, 0x62,
  0x80, 0x04, 0x80, 0x91, 0x80, 0x36, 0x6f, 0x80, 0x12, 0x80, 0x75, 0xaa, 0x6e, 0x80, 0xc2, 0x00, 0x58, 0x41, 0xd1, 0xd7,
  0x9a, 0x80, 0xc3, 0x62, 0xab, 0x80, 0x12, 0x80, 0xc8, 0x63, 0x61, 0xa8, 0x80, 0x5c, 0x97, 0xa1, 0x80, 0xaa, 0x9b, 0x62,
  0x80, 0x04, 0x80, 0x91, 0x80, 0x36, 0x6f, 0x80, 0x12, 0x80, 0x75, 0xaa, 0x6e, 0x80, 0xc2, 0x00, 0x58, 0x41, 0xd1, 0xd7,
  0x52, 0xbd, 0x80, 0xd1, 0x80, 0x53, 0x4d, 0x8e, 0xeb, 0xa5, 0xe2, 0x74, 0xb6, 0x94, 0x74, 0x80, 0x69, 0x69, 0xd5, 0xb3,
  0x80, 0xfa, 0x00, 0x58, 0x41, 0xd1, 0xd7, 0x52, 0xbd, 0x80, 0xd1, 0x80, 0x53, 0x4d, 0x8e, 0xeb, 0xa5, 0xe2, 0x74, 0xb6,
  0x94, 0x74, 0x80, 0x69, 0x69, 0xd5, 0xb3, 0x80, 0xfa, 0x00, 0x58, 0x41, 0xd1, 0x80, 0xdb, 0x80, 0xb0, 0x8c, 0x74, 0xb0,
  0x6e, 0x94, 0x80, 0x22, 0x80, 0xe9, 0x65, 0x66, 0x66, 0x80, 0x8b, 0x80, 0x3f, 0x80, 0xbe, 0x97, 0xe0, 0x8c, 0x2d, 0x80,
  0x31, 0x73, 0x75, 0xbe, 0x00, 0x58, 0x41, 0xd1, 0x80, 0xdb, 0x80, 0xb0, 0x8c, 0x74, 0xb0, 0x6e, 0x94, 0x80, 0x22, 0x80,
  0xe9, 0x65, 0x66, 0x66, 0x80, 0x8b, 0x80, 0x3f, 0x80, 0xbe, 0x97, 0xe0, 0x8c, 0x2d, 0x80, 0x31, 0x73, 0x75, 0xbe, 0x00,
  0x58, 0x41, 0xd1, 0xd7, 0x80, 0xaa, 0x9b, 0x62, 0x80, 0x04, 0x80, 0x91, 0x80, 0x56, 0x80, 0x97, 0x80, 0x02, 0x68, 0x65,
  0xb0, 0x80, 0x11, 0xda, 0x8d, 0x80, 0x47, 0x80, 0x37, 0x6d, 0xbf, 0x74, 0x94, 0x80, 0x3f, 0x9a, 0x6c, 0x9d, 0x64, 0x0a,
  0x62, 0xab, 0x6b, 0x2e, 0x00, 0x58, 0x41, 0xd1, 0xd7, 0x80, 0xaa, 0x9b, 0x62, 0x80, 0x04, 0x80, 0x91, 0x80, 0x56, 0x80,
  0x97, 0x80, 0x02, 0x68, 0x65, 0xb0, 0x80, 0x11, 0xda, 0x8d, 0x80, 0x47, 0x80, 0x37, 0x6d, 0xbf, 0x74, 0x94, 0x80, 0x3f,
  0x9a, 0x6c, 0x9d, 0x64, 0x0a, 0x62, 0xab, 0x6b, 0x2e, 0x00, 0x58, 0x41, 0xd1, 0xd7, 0x80, 0xaa, 0x9b, 0x62, 0x80, 0x04,
  0x80, 0x91, 0x80, 0x56, 0x80, 0x97, 0x80, 0x02, 0x68, 0x65, 0xb0, 0x80, 0x11, 0xda, 0x8d, 0x80, 0x47, 0x9a, 0x80, 0xc3,
  0x80, 0x5c, 0xab, 0x6b, 0x2e, 0x00, 0x58, 0x41, 0xd1, 0xd7, 0x80, 0xaa, 0x9b, 0x62, 0x80, 0x04, 0x80, 0x91, 0x80, 0x56,
  0x80, 0x97, 0x80, 0x02, 0x68, 0x65, 0xb0, 0x80, 0x11, 0xda, 0x8d, 0x80, 0x47, 0x9a, 0x80, 0xc3, 0x80, 0x5c, 0xab, 0x6b,
  0x2e, 0x00, 0x58, 0x41, 0xd1, 0xd7, 0x80, 0xaa, 0x9b, 0x62, 0x80, 0x04, 0x80, 0x91, 0x80, 0x56, 0x80, 0x97, 0x80, 0x02,
  0x68, 0x65, 0xb0, 0x80, 0x11, 0xda, 0x8d, 0x80, 0x47, 0x80, 0x37, 0x6d, 0xbf, 0x74, 0xbe, 0x00, 0x58, 0x41, 0xd1, 0xd7,
  0x80, 0xaa, 0x9b, 0x62, 0x80, 0x04, 0x80, 0x91, 0x80, 0x56, 0x80, 0x97, 0x80, 0x02, 0x68, 0x65, 0xb0, 0x80, 0x11, 0xda,
  0x8d, 0x80, 0x47, 0x80, 0x37, 0x6d, 0xbf, 0x74, 0xbe, 0x00, 0x58, 0x41, 0xd1, 0xd7, 0x80, 0xaa, 0x9b, 0x62, 0x80, 0x04,
  0x80, 0x91, 0x80, 0xbe, 0x97, 0x80, 0xd7, 0x80, 0x97, 0x80, 0x02, 0x68, 0x65, 0xb0, 0x80, 0x11, 0xda, 0x8d, 0x80, 0x47,
  0x80, 0xa8, 0x9d, 0x74, 0xbe, 0x00, 0x58, 0x41, 0xd1, 0xd7, 0x80, 0xaa, 0x9b, 0x62, 0x80, 0x04, 0x80, 0x91, 0x80, 0xbe,
  0x97, 0x80, 0xd7, 0x80, 0x97, 0x80, 0x02, 0x68, 0x65, 0xb0, 0x80, 0x11, 0xda, 0x8d, 0x80, 0x47, 0x80, 0xa8, 0x9d, 0x74,
  0xbe, 0x00, 0x58, 0x41, 0xd1, 0x52, 0xbd, 0xb4, 0x80, 0x6c, 0x9b, 0x80, 0x48, 0x80, 0xa3, 0x80, 0x38, 0x20, 0x80, 0x82,
  0x83, 0x81, 0x73, 0xa8, 0x70, 0x95, 0x80, 0x6a, 0x80, 0xa3, 0x80, 0x90, 0xa9, 0x00, 0x58, 0x41, 0xd1, 0x52, 0xbd, 0xb4,
  0x80, 0x6c, 0x9b, 0x80, 0x48, 0x80, 0xa3, 0x80, 0x38, 0x20, 0x80, 0x82, 0x83, 0x81, 0x73, 0xa8, 0x70, 0x95, 0x80, 0x6a,
  0x80, 0xa3, 0x80, 0x90, 0xa9, 0x00, 0x58, 0x41, 0xd1, 0x41, 0x80, 0x99, 0x6e, 0xd3, 0x9a, 0x88, 0x75, 0x87, 0x80, 0xfb,
  0x80, 0x68, 0x6f, 0xee, 0x99, 0x8e, 0x64, 0x8a, 0x80, 0xc2, 0x00, 0x58, 0x41, 0xd1, 0x41, 0x80, 0x99, 0x6e, 0xd3, 0x9a,
  0x88, 0x75, 0x87, 0x80, 0xfb, 0x80, 0x68, 0x6f, 0xee, 0x99, 0x8e, 0x64, 0x8a, 0x80, 0xc2, 0x00, 0x58, 0x41, 0xd1, 0x80,
  0xc5, 0x52, 0xbd, 0x80, 0xd1, 0x80, 0x53, 0x4d, 0x8e, 0xeb, 0xa5, 0xb3, 0x93, 0x80, 0xa3, 0x80, 0x90, 0x86, 0x80, 0x3c,
  0x80, 0xaa, 0x9b, 0x62, 0x80, 0x04, 0xd3, 0x2e, 0x00, 0x58, 0x41, 0xd1, 0x80, 0xc5, 0x52, 0xbd, 0x80, 0xd1, 0x80, 0x53,
  0x4d, 0x8e, 0xeb, 0xa5, 0xb3, 0x93, 0x80, 0xa3, 0x80, 0x90, 0x86, 0x80, 0x3c, 0x80, 0xaa, 0x9b, 0x62, 0x80, 0x04, 0xd3,
  0x2e, 0x00, 0x58, 0x41, 0xd1, 0xd7, 0x58, 0x49, 0x80, 0xc9, 0x80, 0x08, 0xb1, 0x69, 0xa9, 0x00, 0x58, 0x41, 0xd1, 0xd7,
  0x58, 0x49, 0x80, 0xc9, 0x80, 0x08, 0xb1, 0x69, 0xa9, 0x00, 0x58, 0x41, 0xd1, 0x80, 0x23, 0x80, 0x96, 0xb4, 0xcd, 0x87,
  0x77, 0x83, 0x81, 0x67, 0xf8, 0x95, 0x2e, 0x00, 0x58, 0x41, 0xd1, 0x80, 0x23, 0x80, 0x96, 0xb4, 0xcd, 0x87, 0x77, 0x83,
  0x81, 0x67, 0xf8, 0x95, 0x2e, 0x00, 0x58, 0x41, 0xd1, 0x80, 0xdb, 0x80, 0xb0, 0x8a, 0x76, 0x6f, 0x6b, 0x94, 0x9e, 0x80,
  0x06, 0x80, 0x16, 0x70, 0xa5, 0x80, 0x5a, 0xa4, 0x80, 0xb6, 0x00, 0x58, 0x41, 0xd1, 0x80, 0xdb, 0x80, 0xb0, 0x8a, 0x76,
  0x6f, 0x6b, 0x94, 0x9e, 0x80, 0x06, 0x80, 0x16, 0x70, 0xa5, 0x80, 0x5a, 0xa4, 0x80, 0xb6, 0x00, 0x58, 0x41, 0xd1, 0x52,
  0xbd, 0x80, 0xd1, 0x80, 0x53, 0x4d, 0x8e, 0xeb, 0xa5, 0xb5, 0x80, 0x05, 0x61, 0xfb, 0x96, 0x80, 0x01, 0x00, 0x58, 0x41,
  0xd1, 0x52, 0xbd, 0x80, 0xd1, 0x80, 0x53, 0x4d, 0x8e, 0xeb, 0xa5, 0xb5, 0x80, 0x05, 0x61, 0xfb, 0x96, 0x80, 0x01, 0x00,
  0x58, 0x41, 0xd1, 0xd7, 0x58, 0x49, 0x80, 0xc9, 0x80, 0x68, 0x80, 0x5b, 0xf7, 0x00, 0x58, 0x41, 0xd1, 0xd7, 0x58, 0x49,
  0x80, 0xc9, 0x80, 0x68, 0x80, 0x5b, 0xf7, 0x00, 0x58, 0x41, 0xd1, 0x52, 0xbd, 0x80, 0xd1, 0x80, 0x53, 0x4d, 0x8e, 0xeb,
  0xa5, 0x80, 0x09, 0xc7, 0x80, 0xc0, 0x80, 0x12, 0x6f, 0xee, 0x73, 0x69, 0x64, 0x81, 0x67, 0x80, 0xda, 0xdc, 0x80, 0xaa,
  0x80, 0x17, 0x00, 0x58, 0x41, 0xd1, 0x52, 0xbd, 0x80, 0xd1, 0x80, 0x53, 0x4d, 0x8e, 0xeb, 0xa5, 0x80, 0x09, 0xc7, 0x80,
  0xc0, 0x80, 0x12, 0x6f, 0xee, 0x73, 0x69, 0x64, 0x81, 0x67, 0x80, 0xda, 0xdc, 0x80, 0xaa, 0x80, 0x17, 0x00, 0x58, 0x41,
  0xd1, 0x80, 0xb9, 0x9e, 0xa4, 0x92, 0xee, 0xc7, 0xe1, 0x78, 0x61, 0xc3, 0xb9, 0x80, 0xd1, 0x80, 0x53, 0x70, 0xb0, 0x80,
  0x52, 0x73, 0x81, 0x9a, 0x80, 0xb0, 0xa4, 0x92, 0xee, 0x9b, 0x80, 0x4d, 0xe5, 0x95, 0x63, 0xc2, 0x00, 0x58, 0x41, 0xd1,
  0x80, 0xb9, 0x9e, 0xa4, 0x92, 0xee, 0xc7, 0xe1, 0x78, 0x61, 0xc3, 0xb9, 0x80, 0xd1, 0x80, 0x53, 0x70, 0xb0, 0x80, 0x52,
  0x73, 0x81, 0x9a, 0x80, 0xb0, 0xa4, 0x92, 0xee, 0x9b, 0x80, 0x4d, 0xe5, 0x95, 0x63, 0xc2, 0x00, 0x58, 0x41, 0xd1, 0x80,
  0xb9, 0x8a, 0x64, 0xda, 0x89, 0x80, 0x5c, 0x97, 0xe1, 0x78, 0x61, 0xc3, 0xb9, 0x80, 0xd1, 0x80, 0x53, 0x70, 0xb0, 0x80,
  0x52, 0x73, 0x81, 0x9a, 0xee, 0x8a, 0xc2, 0x00, 0x58, 0x41, 0xd1, 0x80, 0xb9, 0x8a, 0x64, 0xda, 0x89, 0x80, 0x5c, 0x97,
  0xe1, 0x78, 0x61, 0xc3, 0xb9, 0x80, 0xd1, 0x80, 0x53, 0x70, 0xb0, 0x80, 0x52, 0x73, 0x81, 0x9a, 0xee, 0x8a, 0xc2, 0x00,
  0x58, 0x41, 0xd1, 0x49, 0x6d, 0x80, 0x16, 0x70, 0xa5, 0x8c, 0x74, 0xb0, 0x84, 0x80, 0x6d, 0x80, 0xcc, 0x78, 0x61, 0xc3,
  0xb9, 0x80, 0xd1, 0x80, 0x53, 0x70, 0xb0, 0x80, 0x52, 0x73, 0x81, 0x9a, 0xee, 0x8a, 0xc2, 0x00, 0x58, 0x41, 0xd1, 0x49,
  0x6d, 0x80, 0x16, 0x70, 0xa5, 0x8c, 0x74, 0xb0, 0x84, 0x80, 0x6d, 0x80, 0xcc, 0x78, 0x61, 0xc3, 0xb9, 0x80, 0xd1, 0x80,
  0x53, 0x70, 0xb0, 0x80, 0x52, 0x73, 0x81, 0x9a, 0xee, 0x8a, 0xc2, 0x00, 0x53, 0x80, 0x05, 0x65, 0x80, 0x52, 0x8a, 0x82,
  0x8b, 0x80, 0xad, 0xa9, 0x00, 0x80, 0xc5, 0x73, 0x80, 0x05, 0x65, 0x80, 0x52, 0x8a, 0x82, 0x80, 0x22, 0xa7, 0x73, 0xfe,
  0x80, 0x46, 0x80, 0x5b, 0x87, 0x80, 0x3f, 0xa7, 0x55, 0x4e, 0x49, 0x51, 0x55, 0x45, 0x20, 0xe3, 0x74, 0x9b, 0x80, 0xc8,
  0x80, 0x21, 0xbe, 0x00, 0x4c, 0x80, 0x06, 0x80, 0xab, 0xf4, 0x73, 0x80, 0x05, 0x65, 0x80, 0x52, 0x8a, 0x82, 0x9d, 0x76,
  0x80, 0xfe, 0x87, 0x8c, 0xab, 0x68, 0xbe, 0x00, 0x44, 0x65, 0x80, 0x80, 0x9c, 0xd7, 0x80, 0x50, 0x74, 0x80, 0xe2, 0x80,
  0x49, 0x8c, 0xe5, 0x69, 0x72, 0x81, 0xe2, 0x80, 0x80, 0x89, 0xca, 0x00, 0x44, 0x65, 0x80, 0x80, 0x9c, 0x80, 0x6f, 0x80,
  0xd3, 0x80, 0x2f, 0x86, 0xa1, 0x6c, 0xf5, 0x65, 0x88, 0x75, 0x67, 0x80, 0xe5, 0xa4, 0x74, 0xd5, 0xba, 0x98, 0x80, 0xb8,
  0x32, 0x80, 0xde, 0x6d, 0x85, 0x81, 0xa4, 0x74, 0xcd, 0xf7, 0x00, 0x44, 0x65, 0x80, 0x80, 0x9c, 0x44, 0x65, 0x80, 0x80,
  0xef, 0x80, 0x08, 0x80, 0x7e, 0x94, 0xf4, 0x73, 0x92, 0xdf, 0x64, 0x80, 0xeb, 0x80, 0x03, 0x80, 0x1c, 0xf7, 0x00, 0x44,
  0x65, 0x80, 0x80, 0x9c, 0x80, 0xc5, 0x80, 0x50, 0x74, 0x80, 0xe2, 0x8f, 0x80, 0x93, 0x80, 0x5a, 0x80, 0x6e, 0x87, 0xa1,
  0x80, 0x50, 0x74, 0x80, 0xe2, 0x68, 0x65, 0xd8, 0xa5, 0x70, 0x80, 0x71, 0xf2, 0x80, 0x70, 0x80, 0x97, 0x0a, 0xe2, 0x80,
  0x80, 0xbe, 0x00, 0x44, 0x65, 0x80, 0x80, 0x9c, 0xd7, 0x80, 0x50, 0x74, 0x80, 0xe2, 0xa6, 0x80, 0x3c, 0x77, 0x9a, 0x6e,
  0xb2, 0x99, 0x80, 0x0c, 0x93, 0xa6, 0xe1, 0x8a, 0x80, 0xa8, 0x89, 0x80, 0xd4, 0xa2, 0x80, 0xff, 0x00, 0x44, 0x65, 0x80,
  0x80, 0x9c, 0x4f, 0x6e, 0x80, 0x47, 0xdf, 0x81, 0x8a, 0x99, 0x8e, 0x80, 0x53, 0x80, 0xb7, 0xe2, 0x80, 0x80, 0xa5, 0x80,
  0xbe, 0x97, 0x72, 0x75, 0x84, 0xf4, 0xa1, 0x73, 0x8a, 0x67, 0xa2, 0x64, 0x62, 0x80, 0x51, 0x65, 0x00, 0x44, 0x65, 0x80,
  0x80, 0x9c, 0xc8, 0x80, 0x55, 0x8d, 0xc0, 0x93, 0x2d, 0xfd, 0x8e, 0x27, 0x82, 0x80, 0xbe, 0x70, 0x20, 0xaa, 0x67, 0xda,
  0xdc, 0x70, 0x80, 0x71, 0x80, 0xbf, 0x83, 0x00, 0x44, 0x65, 0x80, 0x80, 0x9c, 0xc8, 0x80, 0x55, 0x8d, 0xc0, 0x93, 0x2d,
  0xfd, 0x8e, 0x27, 0x82, 0xd3, 0x66, 0x8c, 0x81, 0xa7, 0x6f, 0x6c, 0x86, 0xa4, 0x74, 0xcd, 0x00, 0x44, 0x65, 0x80, 0x80,
  0x9c, 0xc8, 0x80, 0x55, 0x8d, 0xc0, 0x93, 0x2d, 0xfd, 0x8e, 0x27, 0x82, 0x80, 0xd7, 0x74, 0x77, 0xa0, 0xe2, 0x99, 0x8a,
  0xef, 0xa4, 0x74, 0xcd, 0x73, 0x00, 0x44, 0x65, 0x80, 0x80, 0x9c, 0x59, 0x80, 0xa4, 0xfd, 0x8e, 0x27, 0x82, 0x72, 0x75,
  0x84, 0x80, 0xa5, 0x80, 0x37, 0x6d, 0x80, 0x3f, 0x80, 0x82, 0x80, 0xd9, 0xa1, 0xe2, 0x80, 0x80, 0xef, 0xa6, 0x9e, 0x80,
  0x16, 0x67, 0x80, 0x2e, 0x73, 0x00, 0x44, 0x65, 0x80, 0x80, 0x9c, 0x59, 0x80, 0xa4, 0xfd, 0x8e, 0x27, 0x82, 0x72, 0x75,
  0x84, 0x80, 0xa5, 0x80, 0x37, 0x6d, 0x80, 0x3f, 0xf4, 0x63, 0x89, 0x8d, 0x6f, 0x67, 0x2f, 0x70, 0x80, 0x4d, 0x75, 0x80,
  0x09, 0x2f, 0x80, 0x8d, 0x70, 0x20, 0x80, 0xf0, 0x73, 0x00, 0xd7, 0x80, 0x36, 0x74, 0xdc, 0xbc, 0x80, 0x81, 0x82, 0xc6,
  0x99, 0x85, 0x80, 0x71, 0x80, 0xa1, 0xc1, 0xa7, 0x74, 0x95, 0x8e, 0x82, 0x80, 0xa2, 0x80, 0xea, 0x80, 0x1a, 0x87, 0xa7,
  0x80, 0x90, 0x6e, 0x74, 0x0a, 0x80, 0xae, 0x81, 0x6c, 0x80, 0x06, 0xbf, 0x2e, 0x00, 0x49, 0x42, 0x4d, 0x20, 0x47, 0x80,
  0xda, 0xdc, 0x53, 0x80, 0xd2, 0x4b, 0x80, 0xab, 0x28, 0x47, 0x53, 0x4b, 0xbf, 0x80, 0xd8, 0x6c, 0x80, 0xd4, 0x72, 0x80,
  0xeb, 0x63, 0x8d, 0x80, 0x20, 0x80, 0xec, 0x00, 0x45, 0x6e, 0x63, 0x72, 0xc4, 0x74, 0x9b, 0x80, 0x85, 0x97, 0x8b, 0x80,
  0xad, 0xa9, 0x00, 0x53, 0xfc, 0x74, 0xc7, 0xc6, 0x95, 0x63, 0x72, 0xc4, 0x74, 0x9b, 0x80, 0x85, 0x97, 0x80, 0xec, 0x00,
  0x45, 0x6e, 0x63, 0x72, 0xc4, 0x74, 0x9b, 0xc6, 0x80, 0xa6, 0x80, 0xec, 0x00, 0x44, 0x92, 0x72, 0xc4, 0x74, 0x9b, 0xc6,
  0x80, 0xa6, 0x80, 0xec, 0x00, 0x80, 0xb9, 0x80, 0x2f, 0x64, 0xc7, 0x93, 0x8a, 0xbf, 0x69, 0x8d, 0x80, 0x2b, 0xc7, 0x95,
  0x63, 0x72, 0xc4, 0x74, 0x9b, 0x63, 0x69, 0x70, 0x68, 0x83, 0x2e, 0x00, 0x80, 0xb9, 0x80, 0xb5, 0xc7, 0x93, 0x80, 0xcf,
  0x73, 0xc7, 0xa7, 0x45, 0x6e, 0x63, 0x72, 0xc4, 0x74, 0x9b, 0x4b, 0x65, 0x97, 0x80, 0xe1, 0x80, 0x1e, 0xc2, 0x00, 0x45,
  0x6e, 0x63, 0x72, 0xc4, 0x74, 0x9b, 0x53, 0x75, 0x62, 0x80, 0x99, 0x80, 0xe7, 0x20, 0x80, 0x08, 0x8a, 0xbf, 0x69, 0x8d,
  0x80, 0x2b, 0xbe, 0x00, 0x54, 0x95, 0x8e, 0x82, 0x50, 0x49, 0x80, 0x32, 0x52, 0x65, 0x99, 0x85, 0x81, 0x47, 0x95, 0x83,
  0xda, 0x20, 0x80, 0x8a, 0x85, 0x00, 0x80, 0xb9, 0x8a, 0xbf, 0x69, 0x8d, 0x80, 0x2b, 0xc7, 0xe1, 0x95, 0x63, 0x72, 0xc4,
  0x74, 0x94, 0x53, 0x68, 0x61, 0x8c, 0x86, 0x44, 0x80, 0x31, 0x80, 0x12, 0x53, 0x92, 0xdf, 0x64, 0x80, 0xeb, 0x80, 0x03,
  0x80, 0x1c, 0x2e, 0x00, 0x45, 0x6e, 0x63, 0x72, 0xc4, 0x74, 0x9b, 0x4b, 0x65, 0x97, 0x80, 0xe1, 0x80, 0x1e, 0x81, 0x93,
  0x99, 0xb9, 0x68, 0x80, 0x4b, 0x8b, 0x80, 0xad, 0xa9, 0x00, 0x80, 0xba, 0x80, 0x29, 0xba, 0x80, 0x9e, 0xa1, 0x62, 0xab,
  0x6b, 0xe6, 0x20, 0x98, 0x70, 0x97, 0x80, 0xb7, 0x45, 0x6e, 0x63, 0x72, 0xc4, 0x74, 0x9b, 0x4b, 0x65, 0x97, 0x80, 0xe1,
  0x80, 0x1e, 0xc2, 0x00, 0x80, 0xb9, 0x73, 0x95, 0x64, 0xc7, 0x6e, 0x80, 0xe3, 0x95, 0x63, 0x72, 0xc4, 0x74, 0x9b, 0x80,
  0x85, 0x97, 0xba, 0x53, 0x44, 0x53, 0x20, 0x88, 0xe2, 0x28, 0x73, 0x29, 0x00, 0x80, 0x24, 0x20, 0x43, 0x8e, 0x27, 0x82,
  0x70, 0x75, 0x82, 0x80, 0x8d, 0x70, 0x20, 0x6c, 0xf5, 0x6f, 0xde, 0x80, 0x8b, 0x8a, 0xba, 0xa1, 0x80, 0x67, 0x6d, 0x8e,
  0xd5, 0x80, 0xf0, 0x00, 0x80, 0x23, 0x80, 0xaa, 0x9b, 0x99, 0x89, 0xc2, 0x00, 0x4d, 0xe4, 0x74, 0x69, 0x70, 0x9d, 0x2d,
  0x80, 0x03, 0x80, 0xb8, 0x80, 0xaa, 0x9b, 0x8b, 0x80, 0x7e, 0xbe, 0x00, 0x43, 0xdf, 0x6e, 0x80, 0x77, 0x80, 0x46, 0x9e,
  0xa8, 0xc2, 0x00, 0x43, 0xdf, 0x6e, 0x80, 0x77, 0x80, 0x49, 0x80, 0x5b, 0x2e, 0x00, 0x80, 0x23, 0x80, 0xa2, 0x95, 0x80,
  0xa7, 0x9a, 0x6e, 0x6d, 0x80, 0xee, 0x00, 0x80, 0x23, 0x80, 0xf2, 0x80, 0x77, 0x80, 0xb2, 0xc2, 0x00, 0x43, 0xdf, 0x6e,
  0x80, 0x77, 0x80, 0x26, 0xfb, 0x75, 0x8c, 0x2e, 0x00, 0x80, 0x66, 0x80, 0xf2, 0x80, 0x77, 0xba, 0xea, 0x73, 0x80, 0xf2,
  0xb6, 0x2e, 0x00, 0x52, 0x92, 0xdf, 0x6e, 0x80, 0x8b, 0xba, 0x27, 0xa3, 0x27, 0x20, 0x80, 0x03, 0x80, 0xb8, 0xba, 0x80,
  0x67, 0x80, 0x4a, 0x20, 0xa7, 0x80, 0xa2, 0x80, 0x8f, 0x89, 0x80, 0x17, 0x00, 0x53, 0x83, 0x80, 0xb8, 0x8c, 0x6a, 0xb6,
  0x94, 0xa7, 0x80, 0xf2, 0xb6, 0x80, 0x17, 0x00, 0x44, 0x80, 0x31, 0x80, 0xf2, 0x80, 0x8b, 0xb3, 0x80, 0xfa, 0x00, 0x49,
  0x6d, 0x70, 0x80, 0x60, 0x80, 0xab, 0x80, 0xf2, 0x80, 0x77, 0x8b, 0x80, 0x9b, 0x61, 0x66, 0x80, 0x9f, 0xe1, 0x80, 0x74,
  0x80, 0x60, 0x80, 0xab, 0x80, 0xf2, 0xb6, 0x80, 0x17, 0x00, 0xc8, 0x80, 0x55, 0x8d, 0xcb, 0x2e, 0x00, 0x4f, 0x6e, 0x80,
  0x47, 0xa7, 0x80, 0x90, 0x6e, 0x82, 0x80, 0xf2, 0x80, 0x77, 0x63, 0xe1, 0xe0, 0x6d, 0xd8, 0x81, 0x64, 0x85, 0x6d, 0x8e,
  0x80, 0xb6, 0x00, 0x4e, 0x65, 0x94, 0xba, 0x80, 0x2c, 0x63, 0x80, 0x0c, 0x80, 0xe6, 0x80, 0x77, 0x93, 0x80, 0xf1, 0x80,
  0xb3, 0x80, 0x29, 0x80, 0x97, 0x80, 0x2a, 0x81, 0xa8, 0xc7, 0xbf, 0x2e, 0x00, 0x80, 0x66, 0x80, 0x1d, 0x8a, 0x80, 0x4a,
  0xef, 0xc1, 0x80, 0xe6, 0x80, 0x77, 0x93, 0x80, 0xf1, 0xa6, 0x80, 0x05, 0x61, 0xfb, 0x96, 0x80, 0x01, 0x00, 0x80, 0x66,
  0x73, 0x75, 0x80, 0x91, 0x80, 0x89, 0x80, 0x5b, 0x87, 0x80, 0x3c, 0x80, 0xe6, 0x80, 0x77, 0x93, 0x80, 0xe4, 0x2e, 0x00,
  0x80, 0x66, 0x80, 0xe6, 0x80, 0x77, 0x93, 0x80, 0xf1, 0x80, 0xb3, 0x80, 0x29, 0x80, 0x16, 0x80, 0xa7, 0x64, 0xbe, 0x00,
  0xc8, 0x70, 0x75, 0x82, 0x80, 0xb3, 0x80, 0x29, 0x80, 0x1d, 0x80, 0x49, 0x80, 0xdf, 0x80, 0x91, 0x80, 0xe6, 0x80, 0x77,
  0x93, 0x80, 0xf1, 0x80, 0x7c, 0xbf, 0x80, 0x17, 0x00, 0x4f, 0x6e, 0x80, 0x47, 0xdf, 0x81, 0x80, 0xf1, 0x80, 0x9b, 0x8a,
  0xba, 0xa1, 0x80, 0xe6, 0x80, 0x77, 0x80, 0x93, 0xa1, 0x74, 0x80, 0x06, 0xc2, 0x00, 0x48, 0x6f, 0x80, 0xfc, 0x80, 0xb3,
  0x80, 0x29, 0x80, 0x1d, 0x80, 0x56, 0x80, 0x97, 0x80, 0x02, 0xd3, 0x8e, 0x67, 0x80, 0x5c, 0xfc, 0x77, 0x65, 0x80, 0x02,
  0x66, 0xfc, 0xd3, 0xd2, 0x93, 0x70, 0xee, 0xf7, 0x00, 0x48, 0x6f, 0x80, 0xfc, 0x80, 0xb3, 0x80, 0x29, 0x80, 0x08, 0x6c,
  0xf5, 0x65, 0x88, 0x75, 0x67, 0x80, 0xe5, 0xba, 0x80, 0xc4, 0x6c, 0x86, 0xa7, 0x80, 0xa6, 0x8c, 0x74, 0xb0, 0x6e, 0x94,
  0x80, 0xcc, 0xa7, 0x80, 0x03, 0x80, 0x1c, 0x2e, 0x00, 0x80, 0x23, 0x80, 0x96, 0xb4, 0x80, 0xee, 0x00, 0x4e, 0x65, 0x94,
  0x6d, 0x85, 0x81, 0x6d, 0xb7, 0x85, 0x97, 0xba, 0x99, 0x85, 0x81, 0xa7, 0xc3, 0x61, 0x2e, 0x00, 0x4d, 0xbd, 0x73, 0x80,
  0x71, 0x80, 0xe0, 0x80, 0xad, 0xa9, 0x00, 0x80, 0x28, 0x80, 0x45, 0x52, 0x80, 0x32, 0x80, 0x3f, 0x80, 0xdc, 0x80, 0xed,
  0x80, 0x10, 0xfd, 0x9f, 0xe0, 0x80, 0x67, 0x80, 0x4a, 0x94, 0xf4, 0x52, 0x4f, 0x57, 0x20, 0x80, 0xc4, 0x80, 0xfc, 0x80,
  0xb3, 0x96, 0x9d, 0xf7, 0x00, 0x80, 0xdc, 0x53, 0x43, 0x52, 0x49, 0x42, 0x45, 0x20, 0x8a, 0x80, 0x4a, 0xef, 0xc1, 0x80,
  0xa5, 0x80, 0xf9, 0x80, 0x08, 0x80, 0x05, 0x61, 0xfb, 0x80, 0x29, 0x80, 0x93, 0x80, 0xa5, 0x74, 0x80, 0x06, 0xc2, 0x00,
  0x43, 0xe1, 0x8b, 0xa4, 0x92, 0xee, 0x81, 0xe1, 0x45, 0x58, 0x45, 0x43, 0x55, 0x80, 0x10, 0x20, 0x80, 0xf9, 0x80, 0x82,
  0x80, 0x02, 0x80, 0xdc, 0x46, 0x45, 0x52, 0x80, 0x5d, 0x44, 0x5f, 0x50, 0x80, 0x5d, 0x50, 0x41, 0x80, 0x5d, 0x20, 0x66,
  0x65, 0x89, 0xb0, 0x81, 0xa6, 0x95, 0x96, 0x9d, 0xa9, 0x00, 0xac, 0x80, 0x1f, 0x73, 0x63, 0x9a, 0x6c, 0x80, 0x20, 0x93,
  0x80, 0xc4, 0x6c, 0x86, 0x80, 0x38, 0x73, 0x93, 0xfa, 0xfd, 0x6c, 0x69, 0xd5, 0x80, 0xe6, 0xb6, 0xca, 0xf7, 0x00, 0xac,
  0x80, 0xd5, 0x80, 0x4b, 0x63, 0xbf, 0x6f, 0x78, 0x6d, 0x73, 0x80, 0xc2, 0x70, 0xbc, 0x2e, 0x00, 0x4d, 0x65, 0x8f, 0x6f,
  0x86, 0x8b, 0x80, 0x7e, 0x94, 0x9e, 0x80, 0xa5, 0x80, 0x1c, 0x73, 0x80, 0x17, 0x00, 0x80, 0x6f, 0x6d, 0x62, 0x8a, 0xef,
  0xc6, 0x46, 0xfc, 0x41, 0x80, 0x7a, 0x53, 0x80, 0x2b, 0x65, 0x80, 0x0b, 0x44, 0x65, 0x80, 0x7f, 0x8c, 0x64, 0x2d, 0x50,
  0x80, 0x5d, 0x50, 0x41, 0x80, 0x5d, 0x80, 0x0b, 0x80, 0x3f, 0x4f, 0x50, 0x54, 0x4f, 0x46, 0x43, 0x20, 0x80, 0x08, 0x80,
  0x7e, 0xbe, 0x00, 0x45, 0x6e, 0x80, 0xa7, 0x9a, 0x6e, 0x6d, 0xd5, 0x62, 0x80, 0x78, 0x80, 0x12, 0xa6, 0x67, 0x8c, 0x89,
  0xa5, 0x8f, 0xe1, 0x33, 0x32, 0x20, 0x4b, 0x2e, 0x00, 0xac, 0x80, 0xd5, 0x80, 0x4b, 0xbf, 0x6f, 0x78, 0x6d, 0x73, 0x80,
  0xc2, 0x70, 0xbc, 0x2e, 0x00, 0x4d, 0x65, 0x8f, 0x6f, 0x86, 0x8b, 0x80, 0x7e, 0x80, 0x1a, 0x00, 0x42, 0x80, 0xda, 0x20,
  0x8b, 0x80, 0xad, 0x64, 0x00, 0x43, 0x8e, 0x27, 0x82, 0x80, 0x9e, 0x6e, 0x80, 0xe3, 0x6f, 0xf6, 0x00, 0x80, 0xdb, 0x77,
  0x2f, 0x80, 0x89, 0x80, 0x63, 0x20, 0x80, 0xa4, 0x82, 0xc6, 0x80, 0x04, 0x67, 0x65, 0x00, 0x43, 0x8e, 0x27, 0x82, 0xaa,
  0x80, 0x73, 0x64, 0x72, 0xf8, 0x83, 0x00, 0xc8, 0x80, 0x95, 0x8c, 0x63, 0x82, 0x55, 0x52, 0x80, 0x6b, 0x80, 0x4a, 0x89,
  0x00, 0xc8, 0x80, 0xa8, 0x9d, 0x80, 0x98, 0x8a, 0x70, 0xee, 0x00, 0x80, 0x23, 0xe5, 0x8d, 0x69, 0xaf, 0x83, 0x00, 0x43,
  0x8e, 0x27, 0x82, 0x74, 0x61, 0x6b, 0x81, 0x6e, 0xe4, 0x80, 0x20, 0x8a, 0x70, 0xee, 0x00, 0x80, 0xb9, 0x9e, 0xc3, 0x81,
  0x80, 0x4a, 0x89, 0x9c, 0xa3, 0x00, 0x53, 0x79, 0x6e, 0x74, 0x61, 0x78, 0xc0, 0x93, 0x9e, 0x53, 0x51, 0x80, 0x6b, 0xbd,
  0x63, 0x61, 0x70, 0x81, 0x63, 0x80, 0x54, 0xa8, 0x65, 0x9c, 0xa3, 0x00, 0x80, 0xb9, 0x9e, 0x74, 0x80, 0x06, 0x81, 0x80,
  0x4a, 0x89, 0x00, 0x80, 0xb9, 0x9e, 0x74, 0x80, 0x06, 0x65, 0x99, 0xbc, 0x70, 0x20, 0x80, 0x4a, 0x89, 0x00, 0xc8, 0x80,
  0x95, 0x8c, 0x63, 0x82, 0x80, 0xbf, 0x80, 0xf8, 0x80, 0x96, 0xb4, 0xcd, 0x73, 0x00, 0x54, 0xc4, 0x81, 0x8b, 0x80, 0x7e,
  0x80, 0x1a, 0x00, 0x53, 0x79, 0x6e, 0x74, 0x61, 0x78, 0xcb, 0x00, 0x53, 0x79, 0x80, 0xe7, 0x80, 0xde, 0x8a, 0x80, 0x55,
  0x8d, 0xcb, 0x00, 0x80, 0x23, 0xe5, 0x8d, 0x69, 0xaf, 0xa5, 0x6c, 0x95, 0x67, 0x8f, 0x00, 0x80, 0x23, 0xe5, 0x8d, 0x69,
  0xaf, 0xa5, 0x99, 0x90, 0x82, 0x98, 0xe2, 0x00, 0x80, 0x23, 0xe5, 0x8d, 0x69, 0xaf, 0xa5, 0x95, 0x86, 0x98, 0xe2, 0x00,
  0x80, 0x23, 0xe5, 0x8d, 0x69, 0xaf, 0xa5, 0x99, 0x90, 0x82, 0x93, 0x95, 0x86, 0x98, 0xe2, 0x00, 0x80, 0x23, 0x8a, 0xd0,
  0xb1, 0x20, 0x80, 0x3a, 0x8a, 0x67, 0x00, 0x4e, 0xb4, 0x83, 0xda, 0x20, 0xd3, 0x90, 0xab, 0xd0, 0x28, 0x73, 0x80, 0xd8,
  0x80, 0x74, 0xb6, 0x80, 0x1a, 0x00, 0x44, 0x80, 0xfe, 0x80, 0x06, 0xbf, 0xa5, 0xd3, 0x90, 0xab, 0xd0, 0x28, 0x73, 0x80,
  0xd8, 0x80, 0x74, 0xb6, 0x80, 0x1a, 0x00, 0x43, 0x68, 0x90, 0xab, 0xd0, 0x28, 0x73, 0x80, 0xd8, 0x80, 0x74, 0xb6, 0x80,
  0x1a, 0x00, 0x45, 0x78, 0x80, 0xdd, 0xa1, 0xd3, 0x90, 0xab, 0xd0, 0x28, 0x73, 0x80, 0xd8, 0x80, 0xad, 0x64, 0x00, 0x4e,
  0xe4, 0x80, 0x20, 0x53, 0x51, 0x80, 0x6b, 0x80, 0x61, 0xcd, 0x00, 0x53, 0x74, 0x80, 0x39, 0xd5, 0x80, 0xc8, 0x8b, 0x70,
  0x8c, 0x70, 0x61, 0x8c, 0x64, 0x00, 0x80, 0xba, 0x6b, 0x88, 0x77, 0x84, 0x6f, 0xde, 0x80, 0x8b, 0xd4, 0x65, 0x00, 0x4d,
  0x65, 0x8f, 0x6f, 0x86, 0x63, 0xe1, 0x8b, 0x74, 0x61, 0x6b, 0x81, 0x80, 0x96, 0xb4, 0xcd, 0x00, 0x43, 0xdf, 0x6e, 0x80,
  0x77, 0x8b, 0x65, 0x99, 0x96, 0x6c, 0x80, 0x31, 0x68, 0x80, 0x1a, 0x00, 0x4d, 0x61, 0x78, 0x80, 0xdb, 0x77, 0x87, 0x80,
  0xa4, 0x82, 0xc6, 0x80, 0x04, 0x67, 0x65, 0x00, 0x49, 0x6c, 0x9d, 0x67, 0xdc, 0x80, 0x38, 0x73, 0x93, 0x80, 0xb2, 0x65,
  0x00, 0x80, 0x66, 0x80, 0x27, 0x80, 0xc6, 0x80, 0x2e, 0xe4, 0x74, 0x00, 0x80, 0x28, 0x46, 0x4f, 0x52, 0x4d, 0x49, 0x58,
  0x80, 0x45, 0x52, 0x56, 0x45, 0x80, 0x62, 0x80, 0x56, 0xba, 0xe0, 0x80, 0x21, 0x80, 0x1a, 0x00, 0x43, 0x8e, 0x27, 0x82,
  0x8a, 0x99, 0x8e, 0x74, 0x69, 0x80, 0x0c, 0x80, 0x16, 0x80, 0x36, 0xdb, 0x00, 0x80, 0x66, 0x80, 0xf2, 0xb6, 0xca, 0x2f,
  0x80, 0xf9, 0x65, 0x99, 0x96, 0x6c, 0x80, 0x31, 0x68, 0x94, 0x79, 0xfc, 0x00, 0x80, 0x66, 0x6d, 0xfc, 0xa1, 0xc3, 0x61,
  0x00, 0x80, 0x66, 0x73, 0x75, 0x80, 0x91, 0x80, 0x89, 0x80, 0xb2, 0x65, 0x00, 0x80, 0x66, 0x80, 0x90, 0x6e, 0x82, 0x80,
  0xe4, 0x00, 0x80, 0x66, 0x80, 0xf9, 0x80, 0xb5, 0x65, 0x00, 0x43, 0x8e, 0x27, 0x82, 0xcf, 0x80, 0x1c, 0x82, 0x80, 0x36,
  0x00, 0x43, 0x8e, 0x27, 0x82, 0xcf, 0x80, 0x1c, 0x82, 0x80, 0xac, 0x6d, 0x00, 0xac, 0xaa, 0x80, 0x73, 0xa7, 0x80, 0x84,
  0x49, 0x66, 0x78, 0x50, 0x9a, 0x80, 0x36, 0xdb, 0xfd, 0x6c, 0xb9, 0x73, 0x00, 0x54, 0x80, 0x83, 0xca, 0x87, 0x8b, 0x80,
  0x7e, 0x80, 0x1a, 0x00, 0x52, 0x65, 0x80, 0x73, 0xdf, 0x80, 0x47, 0x80, 0x41, 0x64, 0x81, 0x8b, 0x80, 0x7e, 0x80, 0x1a,
  0x00, 0x80, 0x66, 0x54, 0x80, 0x83, 0x9b, 0x49, 0x73, 0x6f, 0x6c, 0xef, 0xf4, 0x80, 0xb1, 0x2d, 0xaa, 0x80, 0xf5, 0xc7,
  0x64, 0x62, 0x27, 0x73, 0x00, 0x80, 0x23, 0x80, 0xaa, 0x9b, 0x80, 0x31, 0x6f, 0x6c, 0xef, 0x9d, 0x76, 0x80, 0xfe, 0x00,
  0x43, 0x8e, 0x27, 0x82, 0x80, 0x78, 0x80, 0x12, 0xa7, 0x80, 0xf2, 0xb6, 0xca, 0x00, 0x4e, 0x80, 0x9a, 0x80, 0xf8, 0x8a,
  0x70, 0x75, 0x82, 0x80, 0x13, 0xd2, 0x80, 0x49, 0x80, 0xdf, 0x80, 0x91, 0x80, 0xbf, 0x80, 0xf8, 0xe5, 0x65, 0x99, 0x9b,
  0xe7, 0x6b, 0x73, 0x00, 0x4d, 0x65, 0x8f, 0x6f, 0x86, 0xdf, 0x80, 0x47, 0xc1, 0x80, 0x76, 0x69, 0xbd, 0x00, 0x46, 0x85,
  0x77, 0x90, 0x86, 0x66, 0xfc, 0x80, 0x91, 0xdf, 0x6c, 0x80, 0x9c, 0x20, 0x28, 0x9e, 0x4a, 0x80, 0xb4, 0x43, 0x20, 0x31,
  0x2e, 0x32, 0x29, 0x00, 0xc8, 0x73, 0x75, 0x66, 0xaf, 0x63, 0x69, 0xd5, 0x42, 0x80, 0xda, 0x20, 0xc3, 0x61, 0x00, 0x4f,
  0x75, 0x82, 0xc6, 0x42, 0x80, 0xda, 0x20, 0x6d, 0xb7, 0x85, 0x79, 0x00, 0x57, 0x72, 0xbf, 0x81, 0x46, 0x61, 0xe4, 0x74,
  0x00, 0x4f, 0xde, 0x80, 0x8b, 0xa6, 0x6e, 0xe4, 0x6c, 0x00, 0x80, 0x48, 0x99, 0x90, 0x82, 0x80, 0x22, 0x27, 0x6a, 0x64,
  0x62, 0x63, 0x27, 0x00, 0x80, 0x23, 0x73, 0x75, 0x62, 0x2d, 0x80, 0x16, 0x80, 0x36, 0xdb, 0x20, 0xae, 0x00, 0x80, 0x23,
  0x80, 0xc4, 0x80, 0xfc, 0x80, 0x46, 0x93, 0x49, 0x50, 0x20, 0xd8, 0x64, 0x80, 0x2e, 0x87, 0xae, 0x00, 0x80, 0x23, 0x80,
  0x19, 0x82, 0x80, 0xbf, 0xa5, 0xae, 0x00, 0x80, 0x23, 0x80, 0xa2, 0x80, 0x46, 0xae, 0x00, 0x80, 0x23, 0x50, 0x80, 0x58,
  0x83, 0x74, 0x97, 0x80, 0x4a, 0x89, 0x00, 0x41, 0x74, 0x80, 0x8d, 0x70, 0x82, 0xba, 0x80, 0xf2, 0x80, 0x8b, 0xba, 0xa1,
  0x88, 0x84, 0x35, 0x2e, 0x78, 0x20, 0x80, 0x03, 0x80, 0x1c, 0x2e, 0x00, 0x55, 0x70, 0xc3, 0xd2, 0x80, 0x87, 0x8b, 0x80,
  0x9b, 0xf4, 0x80, 0x5d, 0x41, 0x44, 0x5f, 0x80, 0x8e, 0x4c, 0x59, 0xfd, 0xb0, 0x73, 0x80, 0xfa, 0x00, 0x80, 0x23, 0x46,
  0xfc, 0x80, 0x91, 0x44, 0x69, 0x80, 0x9d, 0x9b, 0x80, 0x13, 0xc2, 0x00, 0x52, 0xbd, 0xe4, 0x74, 0x53, 0x65, 0x82, 0x54,
  0xc4, 0x81, 0xa6, 0x54, 0x59, 0x50, 0x45, 0x5f, 0x46, 0x45, 0x54, 0x43, 0x48, 0x5f, 0x46, 0x4f, 0x52, 0x57, 0x41, 0x52,
  0x44, 0x80, 0x0b, 0x80, 0xe8, 0x9b, 0x63, 0xe1, 0xdf, 0x80, 0x47, 0xe0, 0x46, 0x45, 0x54, 0x43, 0x48, 0x5f, 0x46, 0x4f,
  0x52, 0x57, 0x41, 0x52, 0x44, 0x2e, 0x00, 0xc8, 0x80, 0x95, 0x8c, 0x63, 0x82, 0x46, 0xfc, 0x80, 0x91, 0x53, 0x80, 0x2b,
  0x81, 0x80, 0x13, 0xc2, 0x00, 0x52, 0xbd, 0xe4, 0x74, 0x53, 0x65, 0x82, 0x54, 0xc4, 0x81, 0xa6, 0x54, 0x59, 0x50, 0x45,
  0x5f, 0x46, 0x4f, 0x52, 0x57, 0x41, 0x52, 0x44, 0x5f, 0x80, 0x8e, 0x4c, 0x59, 0x2e, 0x00, 0xc8, 0x80, 0x95, 0x8c, 0x63,
  0x82, 0x80, 0xf1, 0x80, 0x13, 0xc2, 0x00, 0x41, 0xfd, 0x75, 0x99, 0x6f, 0x6d, 0x80, 0x2b, 0x94, 0x80, 0x1d, 0x80, 0xbe,
  0x70, 0x20, 0xa6, 0x8c, 0xe5, 0x69, 0x8c, 0x86, 0xc1, 0x80, 0xa5, 0x80, 0xa6, 0x80, 0x1d, 0x80, 0x25, 0x00, 0xac, 0x80,
  0x2f, 0x86, 0xa7, 0x53, 0x51, 0x4c, 0x54, 0xc4, 0x65, 0x4e, 0xfe, 0x80, 0x84, 0x80, 0x3c, 0x53, 0x51, 0x4c, 0x80, 0xe1,
  0xa1, 0x93, 0x53, 0x80, 0xdd, 0x75, 0x63, 0x82, 0x80, 0xcb, 0xb9, 0xf7, 0x00, 0xc8, 0x70, 0x75, 0x82, 0x80, 0x6d, 0x80,
  0x08, 0xb1, 0x69, 0xa9, 0x00, 0x80, 0x66, 0x6d, 0x85, 0x81, 0x80, 0xa6, 0xba, 0x8c, 0x80, 0x73, 0x93, 0x77, 0x72, 0xbf,
  0xc2, 0x20, 0x56, 0x83, 0x69, 0x80, 0xca, 0x79, 0x80, 0xd1, 0x20, 0x53, 0x51, 0x4c, 0x80, 0xe1, 0xa1, 0x80, 0xcb, 0xb9,
  0x87, 0x93, 0x67, 0xfc, 0x53, 0x51, 0x4c, 0x54, 0xc4, 0x65, 0x4e, 0xbc, 0x65, 0x28, 0x80, 0xd8, 0x80, 0x3a, 0x8a, 0x80,
  0xc2, 0x00, 0x80, 0x23, 0x80, 0x96, 0xb4, 0xcd, 0xf7, 0x00, 0x80, 0xba, 0x80, 0x29, 0xba, 0x80, 0x9e, 0x80, 0x78, 0xdc,
  0xaf, 0x80, 0x01, 0x00, 0x4f, 0x6e, 0x80, 0x47, 0x54, 0x59, 0x50, 0x45, 0x5f, 0x53, 0x43, 0x52, 0x4f, 0x4c, 0x4c, 0x5f,
  0x80, 0x28, 0x80, 0x45, 0x4e, 0x53, 0x49, 0x54, 0x49, 0x56, 0x45, 0x20, 0x80, 0x3f, 0x54, 0x59, 0x50, 0x45, 0x5f, 0x46,
  0x4f, 0x52, 0x57, 0x41, 0x52, 0x44, 0x5f, 0x80, 0x8e, 0x4c, 0x59, 0x20, 0x80, 0x87, 0x80, 0x7e, 0xbe, 0x00, 0x54, 0xc4,
  0x81, 0x8c, 0xe5, 0x65, 0x99, 0x94, 0xcc, 0x80, 0x09, 0xbd, 0x6e, 0x27, 0x82, 0x80, 0xdf, 0x80, 0x91, 0x80, 0xf1, 0x80,
  0x1d, 0x8a, 0x80, 0x4a, 0xef, 0xcc, 0x80, 0xff, 0x00, 0x80, 0x43, 0x80, 0x0d, 0x2f, 0x77, 0x72, 0xbf, 0x65, 0x80, 0x0d,
  0x28, 0x80, 0xd8, 0xdf, 0x80, 0x47, 0x80, 0x7e, 0x87, 0x55, 0x44, 0x54, 0x27, 0x73, 0x80, 0x0b, 0x44, 0x80, 0x11, 0x8a,
  0xed, 0x87, 0x80, 0x3f, 0x80, 0xa8, 0x9d, 0x78, 0x20, 0xd4, 0x80, 0xaf, 0x00, 0x54, 0xc4, 0x81, 0x80, 0xbe, 0x70, 0x70,
  0xc7, 0x80, 0xcb, 0xb9, 0x87, 0x80, 0x88, 0xa1, 0x6a, 0x80, 0x05, 0x61, 0x2e, 0xee, 0xfb, 0x2e, 0x80, 0x6f, 0x80, 0xc3,
  0x80, 0x77, 0x80, 0x06, 0x70, 0x9d, 0x6d, 0xcd, 0x89, 0x80, 0x17, 0x00, 0x54, 0xa0, 0x8a, 0x80, 0x03, 0x82, 0x6e, 0xe4,
  0x80, 0x20, 0x80, 0xa6, 0x8a, 0xba, 0xa1, 0x80, 0xf1, 0x80, 0x1f, 0x6a, 0x80, 0x05, 0xa1, 0x6e, 0xe4, 0x80, 0x20, 0x8c,
  0x70, 0x80, 0x2e, 0xcd, 0x89, 0x80, 0x17, 0x00, 0x80, 0xe1, 0xa1, 0xfa, 0x80, 0xd6, 0x80, 0xe6, 0x80, 0x77, 0x80, 0x48,
  0x8d, 0x80, 0x20, 0xe0, 0xa7, 0x73, 0xfe, 0x6a, 0x80, 0x05, 0xa1, 0x80, 0xcb, 0xb9, 0x87, 0x80, 0x3f, 0x6c, 0x95, 0x67,
  0x8f, 0x2e, 0x00, 0xc8, 0x80, 0x33, 0x2f, 0x80, 0x6f, 0xb5, 0x82, 0x80, 0xa4, 0x82, 0xc6, 0x80, 0x04, 0x67, 0xc2, 0x00,
  0x4d, 0x65, 0x8f, 0x6f, 0x86, 0x63, 0xe1, 0xe0, 0x63, 0x8d, 0x6c, 0x94, 0xdf, 0x80, 0x47, 0xdf, 0x63, 0xc2, 0x00, 0x45,
  0x6e, 0x98, 0x64, 0xc7, 0x93, 0x98, 0x64, 0x81, 0x80, 0x4d, 0x82, 0x8b, 0x80, 0x7e, 0xbe, 0x00, 0x4c, 0x80, 0xa3, 0x8d,
  0x81, 0x8b, 0x80, 0x7e, 0xbe, 0x00, 0x80, 0xba, 0x80, 0x29, 0xba, 0xcf, 0x80, 0x1c, 0x82, 0x4a, 0x80, 0xb4, 0x43, 0x20,
  0xbd, 0x63, 0x61, 0x70, 0x81, 0x80, 0x4a, 0x80, 0x93, 0xc3, 0x81, 0x80, 0x3a, 0xc7, 0xba, 0x80, 0x78, 0x8d, 0x80, 0x2b,
  0x94, 0xc3, 0x81, 0x80, 0x3a, 0x8a, 0x80, 0xc2, 0x00, 0x80, 0xba, 0x80, 0x29, 0xba, 0x80, 0xf3, 0xfb, 0x86, 0xa1, 0x44,
  0x80, 0x0c, 0x6f, 0xde, 0x80, 0x8b, 0x62, 0xb9, 0x94, 0xf4, 0x80, 0x78, 0x8d, 0x80, 0x2b, 0x94, 0xc3, 0x81, 0x80, 0x3a,
  0xc7, 0x8c, 0x70, 0x80, 0x2e, 0xcd, 0x89, 0x80, 0x17, 0x00, 0x42, 0x80, 0xda, 0x2f, 0x43, 0x80, 0xda, 0x20, 0x6f, 0xde,
  0x80, 0x8b, 0x80, 0x56, 0x8b, 0x80, 0x97, 0x80, 0x02, 0x80, 0xb5, 0x94, 0x80, 0xcc, 0xa1, 0x42, 0x80, 0x7b, 0x42, 0x2f,
  0x43, 0x80, 0x7b, 0x42, 0x20, 0x80, 0x8c, 0x2e, 0x00, 0x42, 0x6f, 0x8f, 0x20, 0xa8, 0xa5, 0x80, 0x46, 0x80, 0x3f, 0x70,
  0xb9, 0x73, 0x80, 0xc0, 0x86, 0x80, 0x88, 0x80, 0x21, 0xbe, 0x00, 0x53, 0x83, 0x80, 0xb8, 0x80, 0x49, 0x80, 0x5e, 0x82,
  0x47, 0x4c, 0x53, 0x20, 0x80, 0xb3, 0x96, 0x9d, 0x87, 0x80, 0xb4, 0x5f, 0x80, 0x7b, 0x43, 0x41, 0x80, 0xed, 0x80, 0x0b,
  0x43, 0x4c, 0x49, 0x45, 0x4e, 0x54, 0x5f, 0x80, 0x7b, 0x43, 0x41, 0x80, 0xed, 0x80, 0xde, 0x47, 0x4c, 0x5f, 0x44, 0x41,
  0x80, 0x10, 0x2e, 0x00, 0x80, 0x23, 0x80, 0xa8, 0x9d, 0x78, 0x20, 0x80, 0x1d, 0x80, 0x7c, 0x80, 0xe2, 0x80, 0x3a, 0x8a,
  0x80, 0xc2, 0x00, 0x80, 0x23, 0x6f, 0xf6, 0x2e, 0x20, 0xac, 0xe0, 0x8a, 0x80, 0x03, 0x74, 0x94, 0x8a, 0xba, 0x63, 0x80,
  0xda, 0x2f, 0x62, 0x80, 0xda, 0x20, 0x80, 0x8c, 0x2e, 0x00, 0x80, 0xdb, 0x80, 0x0f, 0x80, 0x48, 0x80, 0x5a, 0x61, 0x9e,
  0xc3, 0x61, 0x2e, 0x00, 0x80, 0xe1, 0xa1, 0x9e, 0x90, 0x72, 0x61, 0x97, 0x80, 0x09, 0xbd, 0x6e, 0x27, 0x82, 0x80, 0xdf,
  0x80, 0x91, 0x67, 0xfc, 0x42, 0xb9, 0x65, 0x54, 0xc4, 0x65, 0x28, 0x80, 0xd8, 0x80, 0x13, 0xc2, 0x00, 0x80, 0xdb, 0x80,
  0x0f, 0x6c, 0x95, 0x67, 0x8f, 0x20, 0x80, 0x16, 0x80, 0xa7, 0x64, 0x94, 0xcc, 0x80, 0x09, 0xbd, 0x6e, 0x27, 0x82, 0x80,
  0xdf, 0x80, 0x91, 0x80, 0xf1, 0x80, 0x1d, 0x8a, 0x80, 0x4a, 0xef, 0x80, 0x25, 0x00, 0x80, 0xdb, 0x80, 0x0f, 0xa4, 0x74,
  0x95, 0x64, 0x94, 0xe9, 0x80, 0x16, 0x80, 0xa7, 0x64, 0x94, 0xcc, 0x80, 0x09, 0xbd, 0x6e, 0x27, 0x82, 0x80, 0xdf, 0x80,
  0x91, 0x80, 0xf1, 0x80, 0x1d, 0x8a, 0x80, 0x4a, 0xef, 0x80, 0x25, 0x00, 0xac, 0x80, 0x2f, 0x86, 0x55, 0x44, 0x54, 0x80,
  0x0b, 0xea, 0x99, 0x8a, 0x63, 0x82, 0x93, 0x80, 0xb2, 0x94, 0x80, 0xf1, 0xcc, 0x9e, 0x80, 0x3e, 0xc2, 0x00, 0x80, 0xb4,
  0x44, 0x41, 0x80, 0x10, 0x20, 0x73, 0xfc, 0x74, 0xc7, 0x80, 0x88, 0x80, 0x93, 0x9d, 0xb9, 0x82, 0x34, 0x20, 0xd3, 0x90,
  0xab, 0xd0, 0x87, 0x80, 0x3f, 0x80, 0xe9, 0xaa, 0x6e, 0x67, 0xa5, 0x8f, 0xe1, 0x36, 0x20, 0xd3, 0x90, 0xab, 0xd0, 0xf7,
  0x00, 0x80, 0xc5, 0x6e, 0xb4, 0x83, 0xda, 0xdc, 0x79, 0x65, 0x90, 0x20, 0x80, 0x74, 0x8e, 0x80, 0x6a, 0xa6, 0x8c, 0xe5,
  0x69, 0x8c, 0x86, 0x61, 0x66, 0x80, 0x9f, 0x27, 0x59, 0x27, 0x20, 0xd3, 0x90, 0x80, 0x27, 0xa5, 0x9e, 0x80, 0xb4, 0x44,
  0x41, 0x80, 0x10, 0x20, 0x80, 0x3a, 0x8a, 0x80, 0xc2, 0x00, 0x41, 0x84, 0x8a, 0x80, 0x00, 0xd3, 0x90, 0x80, 0x27, 0xa5,
  0xa6, 0x80, 0xad, 0x86, 0x9e, 0x80, 0xb4, 0x44, 0x41, 0x80, 0x10, 0x20, 0x80, 0x3a, 0xc7, 0x61, 0x66, 0x80, 0x9f, 0xa7,
  0x27, 0x59, 0x27, 0x20, 0xd3, 0x90, 0xab, 0xd0, 0x2e, 0x00, 0x80, 0x66, 0x27, 0x59, 0x27, 0x20, 0xd3, 0x90, 0x80, 0x27,
  0xa5, 0xa6, 0x80, 0x21, 0x80, 0x5c, 0x65, 0x80, 0x2a, 0x81, 0xa7, 0x6e, 0xb4, 0x83, 0xda, 0xdc, 0x79, 0x65, 0x90, 0x20,
  0x80, 0x74, 0x8e, 0x80, 0x6a, 0x80, 0x13, 0xc2, 0x00, 0x41, 0x84, 0x8a, 0x80, 0x00, 0xd3, 0x90, 0x80, 0x27, 0xa5, 0xa6,
  0x80, 0xad, 0x86, 0x9e, 0x80, 0xb4, 0x44, 0x41, 0x80, 0x10, 0x20, 0x80, 0x4a, 0x80, 0x93, 0x80, 0x3a, 0x8a, 0x80, 0xc2,
  0x00, 0x4e, 0x6f, 0x82, 0x65, 0x88, 0x75, 0x67, 0x80, 0xe5, 0x80, 0x36, 0x6b, 0x95, 0x87, 0x80, 0x87, 0x80, 0x84, 0x80,
  0x3c, 0x80, 0x3a, 0xc7, 0x8c, 0x70, 0x80, 0x2e, 0xcd, 0xef, 0xc6, 0xa1, 0xc3, 0x81, 0x80, 0x13, 0xc2, 0x00, 0x44, 0x80,
  0x0c, 0x80, 0x3a, 0xc7, 0x80, 0x63, 0x20, 0x80, 0xa4, 0x82, 0xc6, 0x62, 0x80, 0x81, 0x64, 0x87, 0x64, 0xb0, 0xc7, 0xc3,
  0x81, 0x80, 0x4a, 0x80, 0x93, 0x80, 0x50, 0x73, 0xc7, 0xba, 0x80, 0xf3, 0xfb, 0x86, 0x44, 0x80, 0x0c, 0x6f, 0xf6, 0x2e,
  0x00, 0x80, 0x66, 0x6d, 0x85, 0x81, 0x80, 0x36, 0x6b, 0x95, 0x87, 0x80, 0x87, 0x80, 0xad, 0x86, 0x9e, 0x80, 0xb4, 0x44,
  0x41, 0x80, 0x10, 0x20, 0x80, 0x3a, 0xc7, 0x8c, 0x70, 0x80, 0x2e, 0xcd, 0xef, 0xc6, 0xa1, 0xc3, 0x81, 0x80, 0x13, 0xc2,
  0x00, 0x80, 0x66, 0x83, 0xa1, 0x64, 0xbd, 0x69, 0x67, 0x6e, 0xef, 0x80, 0xad, 0x86, 0x9e, 0x80, 0xb4, 0x44, 0x41, 0x80,
  0x10, 0x2f, 0x47, 0x4c, 0x5f, 0x44, 0x41, 0x80, 0x10, 0x20, 0x80, 0x3a, 0xc7, 0x8c, 0x70, 0x80, 0x2e, 0xcd, 0xef, 0xc6,
  0xc3, 0x81, 0x80, 0x13, 0xc2, 0x00, 0x4e, 0xb4, 0x83, 0xda, 0xdc, 0x64, 0x61, 0x97, 0x80, 0x6d, 0x63, 0xe1, 0x8b, 0xe0,
  0xe2, 0xd0, 0x6d, 0x8a, 0x94, 0x80, 0xcc, 0xc3, 0x81, 0x80, 0x3a, 0xc7, 0x62, 0xb9, 0x94, 0xf4, 0x80, 0xb4, 0x44, 0x41,
  0x80, 0x10, 0x2e, 0x00, 0x4e, 0xb4, 0x83, 0xda, 0xdc, 0x6d, 0xdf, 0x8f, 0x20, 0x80, 0x6d, 0x63, 0xe1, 0x8b, 0xe0, 0xe2,
  0xd0, 0x6d, 0x8a, 0x94, 0x80, 0xcc, 0xc3, 0x81, 0x80, 0x3a, 0xc7, 0x62, 0xb9, 0x94, 0xf4, 0x80, 0xb4, 0x44, 0x41, 0x80,
  0x10, 0x2e, 0x00, 0x4e, 0x6f, 0x82, 0x65, 0x88, 0x75, 0x67, 0x80, 0xe5, 0x80, 0x36, 0x6b, 0x95, 0x87, 0x80, 0x84, 0x9e,
  0x25, 0x80, 0xc9, 0x80, 0xe8, 0x80, 0xc6, 0x8c, 0x70, 0x80, 0x2e, 0xcd, 0xef, 0xc6, 0xc3, 0x81, 0x80, 0x3a, 0x8a, 0x80,
  0xc2, 0x00, 0x4e, 0x6f, 0x82, 0x65, 0x88, 0x75, 0x67, 0x80, 0xe5, 0x80, 0x36, 0x6b, 0x95, 0x87, 0x80, 0x84, 0x9e, 0x25,
  0x78, 0x20, 0x80, 0xe8, 0x80, 0xc6, 0x8c, 0x70, 0x80, 0x2e, 0xcd, 0xef, 0xc6, 0xc3, 0x81, 0x80, 0x3a, 0x8a, 0x80, 0xc2,
  0x00, 0xce, 0xa6, 0x8c, 0x9d, 0xb9, 0x81, 0xc6, 0x4a, 0x80, 0xb4, 0x43, 0x20, 0x8c, 0xe5, 0x69, 0x8c, 0x87, 0xba, 0xe0,
  0x72, 0x75, 0x84, 0x80, 0x22, 0x4a, 0x44, 0x4b, 0x20, 0x31, 0x2e, 0x32, 0x2b, 0x2e, 0x00, 0x43, 0xdf, 0x6e, 0x80, 0x77,
  0xfa, 0x80, 0xa4, 0x82, 0xa8, 0x83, 0x2f, 0x70, 0xb9, 0x73, 0x80, 0xc0, 0x86, 0x8b, 0x80, 0x7e, 0xbe, 0x00, 0xa8, 0x83,
  0x2f, 0x50, 0xb9, 0x73, 0x80, 0xc0, 0x86, 0x80, 0x49, 0x80, 0xdf, 0x80, 0x91, 0x80, 0x22, 0xc3, 0xb9, 0x80, 0xd1, 0x63,
  0xc2, 0x00, 0xac, 0x63, 0x8d, 0x80, 0x20, 0x73, 0xfc, 0x42, 0x8a, 0x64, 0x80, 0x6f, 0x6c, 0x54, 0xc4, 0x65, 0x28, 0x80,
  0xd8, 0x61, 0x66, 0x80, 0x9f, 0xa4, 0x92, 0xee, 0x65, 0x51, 0x75, 0x83, 0x79, 0x28, 0x29, 0x2e, 0x00, 0x42, 0x80, 0xda,
  0x2f, 0x43, 0x80, 0xda, 0x20, 0x6f, 0xde, 0x80, 0x8b, 0xa6, 0x65, 0x69, 0x8f, 0xa5, 0x63, 0xaa, 0x73, 0x94, 0x93, 0x8a,
  0xb1, 0x69, 0xa9, 0x00, 0x4e, 0x6f, 0x82, 0x9e, 0xc8, 0x80, 0x03, 0x82, 0x80, 0x41, 0x64, 0xc2, 0x20, 0x4e, 0x65, 0x94,
  0xba, 0x63, 0x8d, 0x80, 0x20, 0x80, 0x41, 0x76, 0x65, 0x54, 0x6f, 0xc8, 0x80, 0x03, 0x74, 0x80, 0xdb, 0x77, 0x28, 0x80,
  0xd8, 0xaf, 0x72, 0x99, 0x2e, 0x00, 0xac, 0xe2, 0xd0, 0x6d, 0x80, 0x44, 0xa7, 0xf2, 0x80, 0xb2, 0xc2, 0x00, 0x80, 0x66,
  0x80, 0x03, 0x69, 0x8d, 0x80, 0x0b, 0x9a, 0xf0, 0x64, 0x80, 0x0b, 0x93, 0x70, 0x80, 0x59, 0xe7, 0x97, 0x80, 0x85, 0x97,
  0x80, 0x84, 0x80, 0x3c, 0x80, 0x61, 0x80, 0xee, 0x00, 0x53, 0x74, 0x80, 0x39, 0xd5, 0xcf, 0x80, 0x90, 0x6e, 0x63, 0x97,
  0x80, 0x1d, 0x80, 0x08, 0x80, 0x4d, 0x82, 0xba, 0x43, 0x80, 0x8e, 0x43, 0x55, 0x52, 0x5f, 0x55, 0x50, 0x44, 0x41, 0x54,
  0x41, 0x42, 0x80, 0xed, 0x2e, 0x00, 0x53, 0x74, 0xfb, 0x80, 0x20, 0x9e, 0xc8, 0x80, 0x03, 0x82, 0x80, 0x41, 0x64, 0xc2,
  0x20, 0x43, 0x8d, 0x80, 0x20, 0x80, 0x41, 0x76, 0x65, 0x54, 0x6f, 0x43, 0xb0, 0x8c, 0x6e, 0x74, 0x80, 0xdb, 0x77, 0x28,
  0x80, 0xd8, 0xaf, 0x72, 0x99, 0x2e, 0x00, 0x46, 0x80, 0x7d, 0x80, 0x5a, 0x80, 0x6e, 0x87, 0xe1, 0x6f, 0xee, 0x70, 0x75,
  0x82, 0x80, 0x50, 0xbc, 0x65, 0xd0, 0x2e, 0x00, 0x4e, 0xfe, 0xb5, 0x6e, 0x92, 0xbd, 0x73, 0x80, 0xeb, 0xc1, 0x80, 0xa5,
  0x80, 0xa6, 0x80, 0xff, 0x00, 0x4f, 0x55, 0x80, 0x32, 0x80, 0x50, 0xbc, 0xfc, 0xa5, 0x80, 0x56, 0x8b, 0x80, 0x97, 0x80,
  0x02, 0x8c, 0x67, 0x80, 0x11, 0x83, 0xbe, 0x00, 0x80, 0x28, 0x20, 0x80, 0x50, 0xbc, 0xfc, 0xa5, 0x80, 0x56, 0x8b, 0x80,
  0x97, 0x80, 0x02, 0x73, 0xfc, 0x2e, 0x00, 0x4f, 0x55, 0x80, 0x32, 0x80, 0x50, 0xbc, 0xfc, 0xa5, 0x80, 0x56, 0x8b, 0x80,
  0x97, 0x80, 0x02, 0x73, 0xfc, 0x2e, 0x00, 0x54, 0xc4, 0x81, 0x80, 0x46, 0xa6, 0x8c, 0xe5, 0x69, 0x8c, 0x86, 0xc1, 0x80,
  0xa5, 0x80, 0xa6, 0x80, 0xff, 0x00, 0x41, 0x6d, 0x62, 0x69, 0x67, 0x75, 0x80, 0xa4, 0x87, 0x6a, 0x80, 0x05, 0x61, 0x2e,
  0x73, 0x71, 0x6c, 0x2e, 0x54, 0xc4, 0x65, 0x80, 0x0b, 0x80, 0x1f, 0x49, 0x66, 0x78, 0x52, 0x65, 0x67, 0x80, 0x11, 0x83,
  0x4f, 0xee, 0x50, 0x90, 0xbc, 0x65, 0xd0, 0x28, 0x29, 0x2e, 0x00, 0x46, 0x80, 0x7d, 0x80, 0x09, 0xbd, 0x6e, 0x27, 0x82,
  0x80, 0xd7, 0xe1, 0x6f, 0xee, 0x70, 0x75, 0x82, 0x80, 0x50, 0xbc, 0xfc, 0xa5, 0x93, 0xa7, 0x80, 0xa4, 0x82, 0x80, 0x50,
  0xbc, 0xfc, 0xa5, 0x80, 0x31, 0x6e, 0x27, 0x82, 0x8c, 0x74, 0xb0, 0x6e, 0xbe, 0x00, 0x46, 0x80, 0x7d, 0x80, 0x50, 0xbc,
  0xfc, 0xa5, 0x80, 0x84, 0x80, 0x31, 0x6e, 0x27, 0x82, 0xe1, 0x4f, 0x55, 0x80, 0x32, 0x80, 0x50, 0xbc, 0x65, 0xd0, 0x2e,
  0x00, 0x80, 0x23, 0x80, 0xe8, 0x80, 0xc6, 0xa8, 0x94, 0xc1, 0xa7, 0x47, 0x4c, 0x5f, 0x44, 0x41, 0x80, 0x10, 0x20, 0x95,
  0x80, 0xa7, 0x9a, 0x6e, 0x6d, 0xd5, 0x80, 0xb3, 0x96, 0x80, 0x01, 0x00, 0xc8, 0x73, 0x75, 0x66, 0xaf, 0x63, 0x69, 0xd5,
  0x8a, 0x80, 0x4a, 0xef, 0x67, 0xf8, 0x80, 0x02, 0xc1, 0x80, 0xf3, 0xfb, 0x64, 0xc7, 0xa1, 0x54, 0x80, 0x06, 0x81, 0x93,
  0x54, 0x80, 0x06, 0x65, 0x99, 0xbc, 0x70, 0x20, 0x4a, 0x80, 0x05, 0xa1, 0x6f, 0xf6, 0x2e, 0x00, 0x45, 0x78, 0x80, 0x5f,
  0x80, 0x1a, 0x94, 0x80, 0xbe, 0x78, 0x80, 0x06, 0xb4, 0x20, 0x88, 0x2e, 0x20, 0xc6, 0x80, 0xf2, 0xb6, 0xca, 0x87, 0xcf,
  0xaf, 0x67, 0x75, 0x8c, 0x86, 0xc1, 0x43, 0xdf, 0x6e, 0x80, 0x77, 0x50, 0x6f, 0x6f, 0x80, 0x20, 0x4d, 0x8e, 0xeb, 0x83,
  0x2e, 0x00, 0x4e, 0xfc, 0x73, 0x63, 0x61, 0x70, 0x81, 0x45, 0x78, 0x80, 0x5f, 0x80, 0x6c, 0xca, 0x21, 0x20, 0x50, 0x83,
  0x6d, 0x80, 0x31, 0x80, 0x6a, 0xba, 0x80, 0xf2, 0x80, 0x8b, 0x64, 0x95, 0x69, 0x80, 0x5c, 0x97, 0xa8, 0x83, 0x2e, 0x00,
  0x4e, 0xfc, 0x73, 0x63, 0x61, 0x70, 0x81, 0x45, 0x78, 0x80, 0x5f, 0x80, 0x6c, 0xca, 0x21, 0x20, 0x80, 0xba, 0x6b, 0x88,
  0x77, 0x84, 0x80, 0xea, 0x80, 0x6c, 0x9b, 0x80, 0x82, 0x80, 0xd9, 0x95, 0x96, 0x6c, 0xc7, 0x70, 0x72, 0xf8, 0x80, 0x4e,
  0x67, 0xc2, 0x00, 0x44, 0x80, 0x11, 0x80, 0x59, 0x62, 0xee, 0x94, 0x80, 0xaa, 0xca, 0x87, 0x28, 0x58, 0x41, 0x80, 0xd8,
  0x8b, 0x80, 0x7e, 0x80, 0x5c, 0x97, 0x80, 0xa5, 0x80, 0x03, 0x80, 0x1c, 0x2e, 0x00, 0x80, 0xdb, 0x77, 0x53, 0x65, 0x82,
  0xa6, 0x80, 0x4d, 0x82, 0xba, 0x52, 0x65, 0xd8, 0x4f, 0x6e, 0x6c, 0x80, 0x9c, 0x00, 0x50, 0x9a, 0x78, 0x97, 0x80, 0x8a,
  0x85, 0x9c, 0x80, 0x66, 0x80, 0xa2, 0x80, 0xf2, 0xb6, 0x80, 0x17, 0x00, 0x50, 0x9a, 0x78, 0x97, 0x80, 0x8a, 0x85, 0x9c,
  0xc8, 0x70, 0xee, 0x2f, 0x6f, 0xee, 0x70, 0x75, 0x82, 0xb3, 0x93, 0x80, 0x82, 0x80, 0xd9, 0x80, 0x37, 0x6d, 0xb5, 0xda,
  0x89, 0xc7, 0x80, 0x22, 0x80, 0x3e, 0xc2, 0x00, 0xac, 0xa4, 0x92, 0xee, 0x81, 0xd3, 0x8e, 0xc5, 0x80, 0x67, 0x6d, 0x80,
  0x31, 0x80, 0x6a, 0x80, 0x37, 0x6d, 0x80, 0x3f, 0x28, 0xd3, 0x80, 0x41, 0x64, 0x2f, 0x89, 0x74, 0x80, 0x59, 0x62, 0x29,
  0x2e, 0x00, 0x53, 0xfe, 0x4a, 0x90, 0x20, 0x53, 0x51, 0x80, 0x6b, 0x80, 0x46, 0x80, 0x68, 0x80, 0x5b, 0x87, 0x80, 0x3c,
  0x80, 0x99, 0x80, 0xe7, 0xfd, 0x89, 0x8d, 0x6f, 0x80, 0xc2, 0x00, 0x80, 0xba, 0x80, 0x29, 0xba, 0x98, 0x70, 0x97, 0x6a,
  0x90, 0x20, 0x80, 0x4b, 0x80, 0xac, 0x6d, 0xfd, 0x6c, 0x69, 0xd5, 0xba, 0x80, 0x03, 0x80, 0x1c, 0x2e, 0x00, 0x80, 0x23,
  0x93, 0xc8, 0xcf, 0x73, 0x80, 0x11, 0xd5, 0x54, 0xb5, 0xc7, 0x50, 0x90, 0xbc, 0x65, 0xd0, 0x87, 0xc1, 0x43, 0xdf, 0x6e,
  0x80, 0x77, 0x50, 0x6f, 0x6f, 0x80, 0x20, 0x80, 0xe1, 0xb9, 0x80, 0xd1, 0x63, 0xc2, 0x00, 0x80, 0x66, 0x55, 0x44, 0x80,
  0x62, 0x8a, 0x80, 0x4a, 0xef, 0x80, 0xc8, 0x80, 0x4d, 0x82, 0x9e, 0x55, 0x44, 0x52, 0x4d, 0xfc, 0x61, 0x80, 0xe1, 0x61,
  0x2e, 0x00, 0x53, 0x51, 0x80, 0x6b, 0x80, 0x46, 0x80, 0xb7, 0x6a, 0x90, 0x20, 0x80, 0x4b, 0x80, 0xc8, 0x8b, 0x80, 0x4d,
  0x82, 0x9e, 0x55, 0x44, 0x52, 0x2f, 0x55, 0x44, 0x80, 0x32, 0x6d, 0xfc, 0x61, 0xc3, 0x61, 0x2e, 0x00, 0x43, 0x8e, 0x27,
  0x82, 0x80, 0xb5, 0x65, 0x2f, 0x8c, 0x80, 0x41, 0x76, 0x81, 0x55, 0x44, 0x54, 0x2f, 0x55, 0x44, 0x80, 0x62, 0xf3, 0x80,
  0xe9, 0x80, 0xa2, 0xa6, 0x80, 0x84, 0x80, 0x3c, 0x80, 0xf2, 0xb6, 0x80, 0x17, 0x00, 0x4a, 0x90, 0x20, 0x80, 0x4b, 0xf4,
  0xa7, 0x80, 0xcb, 0x69, 0xd5, 0x80, 0x49, 0xa4, 0x80, 0x31, 0x82, 0x93, 0x63, 0x8e, 0x27, 0x82, 0xe0, 0x8c, 0x61, 0xa9,
  0x00, 0x80, 0x23, 0x4a, 0x90, 0x20, 0x80, 0x4b, 0x80, 0xb2, 0xc2, 0x00, 0xd7, 0x27, 0x6a, 0x80, 0x05, 0xab, 0x27, 0x80,
  0xde, 0x27, 0x6a, 0x90, 0x27, 0x20, 0x80, 0x37, 0x6d, 0x80, 0x3f, 0x80, 0xec, 0x00, 0x53, 0xfe, 0x55, 0x44, 0x80, 0x32,
  0x53, 0x51, 0x80, 0x6b, 0x80, 0x46, 0x80, 0x68, 0x80, 0x5b, 0x87, 0x80, 0x3c, 0x80, 0x99, 0x80, 0xe7, 0xfd, 0x89, 0x8d,
  0x6f, 0x80, 0xc2, 0x00, 0x55, 0x44, 0x80, 0x32, 0x53, 0x51, 0x80, 0x6b, 0x80, 0x46, 0x80, 0xc8, 0x8b, 0x80, 0x4d, 0x82,
  0x9e, 0x55, 0x44, 0x54, 0x4d, 0xfc, 0x61, 0x80, 0xe1, 0x61, 0x2e, 0x00, 0x55, 0x44, 0x80, 0x32, 0xaf, 0x80, 0xfe, 0x86,
  0x98, 0xb5, 0x82, 0x80, 0xc8, 0x8b, 0x80, 0x4d, 0x82, 0x9e, 0x55, 0x44, 0x54, 0x4d, 0xfc, 0x61, 0x80, 0xe1, 0x61, 0x2e,
  0x00, 0x55, 0x44, 0x80, 0x32, 0x6c, 0x95, 0x67, 0x8f, 0x20, 0x80, 0xc8, 0x8b, 0x80, 0x4d, 0x82, 0x9e, 0x55, 0x44, 0x54,
  0x4d, 0xfc, 0x61, 0x80, 0xe1, 0x61, 0x2e, 0x00, 0x55, 0x44, 0x80, 0x32, 0xaf, 0x80, 0xfe, 0x86, 0x80, 0x46, 0x93, 0xaf,
  0x80, 0xfe, 0x86, 0x80, 0x1d, 0x80, 0xc8, 0x8b, 0x80, 0x4d, 0x82, 0x9e, 0x55, 0x44, 0x54, 0x4d, 0xfc, 0x61, 0x80, 0xe1,
  0x61, 0x2e, 0x00, 0x80, 0x66, 0x80, 0xcb, 0xb9, 0x87, 0x80, 0x4b, 0xba, 0xe0, 0x70, 0x75, 0x82, 0x8a, 0xba, 0xa7, 0x6a,
  0x90, 0x80, 0x0b, 0x93, 0xdf, 0x81, 0x80, 0xb7, 0x80, 0xcb, 0xb9, 0x87, 0xaf, 0x9d, 0x87, 0x80, 0x49, 0x80, 0x5b, 0x2e,
  0x00, 0x55, 0x44, 0x80, 0x32, 0x6a, 0x80, 0x05, 0xa1, 0x80, 0xcb, 0xb9, 0x87, 0x80, 0x48, 0x80, 0x06, 0x70, 0x9d, 0x6d,
  0xd5, 0x6a, 0x80, 0x05, 0x61, 0x2e, 0x73, 0x71, 0x6c, 0x2e, 0x53, 0x51, 0x4c, 0x80, 0xe1, 0xa1, 0x8a, 0xd0, 0x66, 0xab,
  0xc2, 0x00, 0x53, 0x70, 0xf1, 0xaf, 0x94, 0x55, 0x44, 0x80, 0x32, 0x6a, 0x80, 0x05, 0xa1, 0x80, 0xcb, 0xb9, 0x87, 0x80,
  0x08, 0x80, 0xad, 0xa9, 0x00, 0x53, 0x70, 0xf1, 0xaf, 0x94, 0x55, 0x44, 0x80, 0x32, 0x80, 0x49, 0xa4, 0x80, 0x31, 0x82,
  0x80, 0x3c, 0x80, 0x3e, 0xc2, 0x00, 0x80, 0x23, 0x80, 0x5e, 0x82, 0x66, 0x80, 0x7d, 0x80, 0xff, 0x00, 0xd7, 0x80, 0x37,
  0x6d, 0x80, 0x3f, 0xba, 0x8c, 0x80, 0x41, 0x76, 0x81, 0x80, 0x4b, 0xf4, 0xa7, 0x80, 0xcb, 0x69, 0xd5, 0x80, 0xec, 0x00,
  0x80, 0x23, 0x55, 0x44, 0x80, 0x32, 0xaf, 0x80, 0xfe, 0x86, 0x80, 0xbf, 0x83, 0x2e, 0x00, 0x41, 0x6d, 0x62, 0x69, 0x67,
  0x75, 0x80, 0xa4, 0x87, 0x6a, 0x80, 0x05, 0xa1, 0xd4, 0x65, 0x28, 0x73, 0x80, 0xd8, 0x2d, 0xfd, 0x8e, 0x27, 0x82, 0x80,
  0x1f, 0x80, 0x0d, 0x2f, 0x53, 0x51, 0x4c, 0x80, 0xe1, 0xa1, 0xf3, 0x6d, 0x65, 0x8f, 0x6f, 0x86, 0x80, 0x96, 0xb4, 0xcd,
  0x28, 0x73, 0x29, 0x2e, 0x00, 0x53, 0x70, 0xf1, 0xaf, 0x94, 0x55, 0x44, 0x80, 0x32, 0xaf, 0x80, 0xfe, 0x86, 0x80, 0x1d,
  0x80, 0x56, 0x80, 0xe9, 0x4a, 0x80, 0x05, 0xa1, 0x80, 0x1d, 0x80, 0xdf, 0xd3, 0x2e, 0x00, 0x80, 0x23, 0x55, 0x44, 0x80,
  0x32, 0xaf, 0x80, 0xfe, 0x86, 0x80, 0xff, 0x00, 0x55, 0x44, 0x80, 0x32, 0xaf, 0x80, 0xfe, 0x86, 0x6c, 0x95, 0x67, 0x8f,
  0x20, 0x80, 0xc8, 0x8b, 0x80, 0x4d, 0x82, 0x9e, 0x55, 0x44, 0x54, 0x4d, 0xfc, 0x61, 0x80, 0xe1, 0x61, 0x2e, 0x00, 0x53,
  0x74, 0x80, 0x39, 0xd5, 0x6c, 0x95, 0x67, 0x8f, 0x20, 0x80, 0xea, 0x80, 0x1a, 0x87, 0x80, 0xbe, 0x78, 0x80, 0x06, 0xb4,
  0x2e, 0x00, 0x27, 0x53, 0x74, 0x80, 0x39, 0xcd, 0x27, 0x20, 0x80, 0x68, 0x63, 0xaa, 0x73, 0xbe, 0x00, 0x52, 0xbd, 0xe4,
  0x74, 0x53, 0x65, 0x82, 0x8b, 0xe3, 0x95, 0x80, 0x0b, 0x80, 0xfb, 0x8b, 0x80, 0x67, 0x6d, 0xbf, 0x74, 0xbe, 0x00, 0x4e,
  0x65, 0x67, 0x89, 0x80, 0xc6, 0x74, 0x80, 0x06, 0x65, 0x80, 0xa4, 0x82, 0x80, 0x6d, 0x67, 0xf8, 0x95, 0x2e, 0x00, 0x80,
  0x23, 0x80, 0x50, 0xbc, 0xfc, 0xa5, 0x80, 0x6d, 0xc1, 0x73, 0xfc, 0x74, 0xc7, 0x80, 0xbe, 0x78, 0x80, 0x06, 0xb4, 0x20,
  0xaf, 0x80, 0xfe, 0x86, 0x80, 0xae, 0xc2, 0x00, 0x52, 0xbd, 0xe4, 0x74, 0x53, 0x65, 0x82, 0x8b, 0xe3, 0x95, 0x80, 0x0b,
  0x80, 0xfb, 0x27, 0x6e, 0xa4, 0x74, 0x27, 0x20, 0x8b, 0x80, 0x67, 0x6d, 0xbf, 0x74, 0xbe, 0x20, 0x56, 0x83, 0x69, 0x80,
  0xca, 0x8f, 0x80, 0x93, 0x61, 0xee, 0x6f, 0x80, 0x37, 0x6d, 0x80, 0xab, 0xa6, 0x4f, 0x46, 0x46, 0x00, 0x41, 0x84, 0xb5,
  0x80, 0x74, 0xb6, 0x94, 0x80, 0xea, 0x80, 0x6c, 0x9b, 0x80, 0xc8, 0x8f, 0x80, 0xe4, 0x6e, 0x2e, 0x80, 0x72, 0x53, 0x65,
  0x81, 0x6e, 0xa4, 0x82, 0x80, 0xea, 0x80, 0x6c, 0x9b, 0xc1, 0xe2, 0x74, 0x61, 0xfb, 0xf7, 0x00, 0x80, 0xba, 0x80, 0x29,
  0xba, 0x80, 0x4d, 0x82, 0x4a, 0x44, 0x4b, 0x20, 0x56, 0x83, 0x80, 0x6a, 0xc1, 0xa7, 0x44, 0x72, 0xf8, 0x83, 0x2e, 0x00,
  0x41, 0x6c, 0x80, 0x64, 0x9e, 0x80, 0x78, 0xdc, 0x80, 0xaa, 0xca, 0x80, 0x0b, 0x73, 0xa0, 0x80, 0x70, 0x99, 0x90, 0x82,
  0x58, 0x80, 0xc5, 0x80, 0xaa, 0x80, 0x17, 0x00, 0x4d, 0x65, 0x8f, 0x6f, 0x86, 0x8b, 0x80, 0x7e, 0x94, 0x80, 0x22, 0x80,
  0xa5, 0x80, 0x03, 0x80, 0x1c, 0x2e, 0x00, 0x43, 0x6c, 0xb9, 0x87, 0x8f, 0x80, 0x93, 0x80, 0x06, 0x70, 0x9d, 0x6d, 0xcd,
  0x87, 0x49, 0x66, 0x6d, 0x78, 0x50, 0xd6, 0x20, 0x8a, 0xd0, 0x66, 0xab, 0x81, 0x98, 0x80, 0xd3, 0xe0, 0x80, 0x78, 0x89,
  0x94, 0x93, 0xaa, 0xd8, 0xbe, 0x00, 0x43, 0x6c, 0xb9, 0x87, 0x80, 0x48, 0x80, 0x06, 0x70, 0x9d, 0x6d, 0xd5, 0x80, 0x37,
  0x2e, 0x8a, 0x80, 0x4a, 0x69, 0x78, 0x2e, 0x6a, 0x64, 0x62, 0x63, 0x2e, 0x49, 0x66, 0x6d, 0x78, 0x50, 0xd6, 0x20, 0x8a,
  0xd0, 0x66, 0xab, 0x81, 0xc1, 0x50, 0xd6, 0x20, 0x66, 0x80, 0x3d, 0xca, 0x8d, 0xbf, 0x80, 0x9c, 0x00, 0x50, 0xd6, 0x20,
  0x61, 0x75, 0x8f, 0x85, 0x80, 0x2b, 0xef, 0x80, 0x56, 0x80, 0xec, 0x00, 0x50, 0xd6, 0x20, 0x52, 0xbd, 0x70, 0xdf, 0x73,
  0x81, 0x4d, 0xbd, 0x73, 0x80, 0x71, 0x53, 0x80, 0x2b, 0x81, 0x80, 0xea, 0x80, 0x1a, 0x87, 0x80, 0xbe, 0x78, 0x80, 0x06,
  0xb4, 0x20, 0x80, 0xae, 0x81, 0x80, 0x42, 0xbe, 0x00, 0x50, 0x90, 0xbc, 0xfc, 0xa5, 0x80, 0x46, 0x8b, 0x80, 0xad, 0xa9,
  0x00, 0x50, 0x90, 0xbc, 0x65, 0xd0, 0x87, 0x8a, 0x64, 0xda, 0x89, 0x80, 0x5c, 0x97, 0x62, 0x6f, 0x8f, 0x20, 0x80, 0x46,
  0x80, 0x3f, 0x80, 0x63, 0x20, 0xc1, 0x43, 0x8d, 0x6c, 0x96, 0x9d, 0x53, 0x74, 0x80, 0x39, 0xd5, 0x6f, 0xf6, 0x2e, 0x00,
  0xac, 0x80, 0x4d, 0x82, 0x73, 0x80, 0x05, 0x65, 0x80, 0x52, 0x8a, 0x74, 0x80, 0x0b, 0x9a, 0x80, 0xc3, 0x62, 0xab, 0x80,
  0x12, 0xba, 0xa1, 0x73, 0x80, 0x05, 0x65, 0x80, 0x52, 0x8a, 0x74, 0x80, 0x0b, 0x93, 0x8c, 0x9d, 0xb9, 0x81, 0xa1, 0x73,
  0x80, 0x05, 0x65, 0x80, 0x52, 0x8a, 0x82, 0x80, 0x82, 0x80, 0x02, 0x61, 0xee, 0x6f, 0x2d, 0x80, 0x37, 0x6d, 0x80, 0xab,
  0x80, 0x41, 0x64, 0x81, 0xa6, 0xdf, 0x2e, 0x00, 0xac, 0x80, 0x4d, 0x82, 0x73, 0x80, 0x05, 0x65, 0x80, 0x52, 0x8a, 0x74,
  0x80, 0x0b, 0x9a, 0x80, 0xc3, 0x62, 0xab, 0x80, 0x12, 0xba, 0xa1, 0x73, 0x80, 0x05, 0x65, 0x80, 0x52, 0x8a, 0x74, 0x80,
  0x0b, 0x93, 0x8c, 0x9d, 0xb9, 0x81, 0xa1, 0x73, 0x80, 0x05, 0x65, 0x80, 0x52, 0x8a, 0x82, 0xfa, 0x9e, 0x58, 0x80, 0xc5,
  0x80, 0xaa, 0x80, 0x17, 0x00, 0x53, 0x80, 0x05, 0x65, 0x80, 0x52, 0x8a, 0x82, 0x80, 0x46, 0xc1, 0xa7, 0x4e, 0xbc, 0x94,
  0x73, 0x80, 0x05, 0x65, 0x80, 0x52, 0x8a, 0x82, 0x80, 0xe0, 0x6e, 0xe4, 0x6c, 0x2e, 0x00, 0x53, 0x80, 0x05, 0x65, 0x80,
  0x52, 0x8a, 0x82, 0x80, 0xe0, 0x6e, 0xe4, 0x80, 0x20, 0xc1, 0x9a, 0x80, 0xc3, 0x62, 0xab, 0x80, 0x12, 0xba, 0xa1, 0x73,
  0x80, 0x05, 0x65, 0x80, 0x52, 0x8a, 0x82, 0x93, 0x8c, 0x9d, 0xb9, 0x81, 0xa1, 0x73, 0x80, 0x05, 0x65, 0x80, 0x52, 0x8a,
  0x80, 0xb6, 0x00, 0x53, 0x80, 0x05, 0x65, 0x80, 0x52, 0x8a, 0x82, 0x8b, 0x80, 0x00, 0x9e, 0x80, 0x90, 0x6e, 0x82, 0x80,
  0xf2, 0xb6, 0x80, 0x17, 0x00, 0x43, 0xe1, 0x8b, 0x67, 0x65, 0x82, 0x73, 0x80, 0x05, 0x65, 0x80, 0x52, 0x8a, 0x82, 0xe9,
  0xc1, 0x80, 0xb2, 0x94, 0x73, 0x80, 0x05, 0x65, 0x80, 0x52, 0x8a, 0x80, 0xb6, 0x00, 0x43, 0xe1, 0x8b, 0x67, 0x65, 0x82,
  0x73, 0x80, 0x05, 0x65, 0x80, 0x52, 0x8a, 0x82, 0x80, 0x46, 0xc1, 0xb5, 0x2d, 0x80, 0xb2, 0x94, 0x73, 0x80, 0x05, 0x65,
  0x80, 0x52, 0x8a, 0x80, 0xb6, 0x00, 0xc8, 0x80, 0x95, 0x8c, 0x63, 0x82, 0x80, 0xf2, 0x80, 0x77, 0x90, 0x72, 0x61, 0x97,
  0x80, 0x63, 0x20, 0x80, 0x3c, 0x80, 0xf2, 0x80, 0x77, 0x80, 0x52, 0x6f, 0x6c, 0x2e, 0x00, 0x4e, 0xe4, 0x80, 0x20, 0x80,
  0x96, 0xb4, 0xd5, 0x80, 0x4f, 0x70, 0x6c, 0x69, 0x94, 0xae, 0x00, 0x50, 0x80, 0x58, 0x83, 0x74, 0x97, 0x8b, 0x80, 0x7c,
  0x94, 0x93, 0xa6, 0x6e, 0xe4, 0x80, 0x20, 0xae, 0x00, 0x4d, 0xbd, 0x73, 0x80, 0x71, 0x74, 0xa4, 0x82, 0xf0, 0x6c, 0x80,
  0x20, 0xe0, 0x80, 0x16, 0x80, 0xa7, 0x64, 0x94, 0x9e, 0x6c, 0x89, 0xa5, 0x8c, 0x9d, 0xb9, 0xbd, 0x00, 0x41, 0x80, 0x7a,
  0x61, 0x97, 0xa6, 0x80, 0x68, 0x66, 0x8c, 0x80, 0x1a, 0x00, 0x80, 0x0e, 0x6f, 0xde, 0x80, 0x8b, 0xa6, 0x80, 0x68, 0x66,
  0x8c, 0x80, 0x1a, 0x00, 0x80, 0x23, 0x6c, 0xf5, 0x6f, 0xde, 0x80, 0x8b, 0x80, 0x52, 0x73, 0x80, 0xe2, 0x93, 0x6c, 0x95,
  0x67, 0x8f, 0x00, 0xac, 0xb5, 0x77, 0x72, 0x61, 0x70, 0x20, 0x8a, 0xba, 0xcc, 0xa7, 0x70, 0xb9, 0x73, 0x94, 0x9e, 0x80,
  0xcb, 0xb9, 0x87, 0xcc, 0x00, 0xac, 0x80, 0x1f, 0x53, 0x51, 0x4c, 0x54, 0xc4, 0x81, 0xcc, 0xc1, 0x50, 0x8c, 0x70, 0x61,
  0x8c, 0x64, 0x53, 0x74, 0x80, 0x39, 0x80, 0xee, 0x73, 0xfc, 0x80, 0x0d, 0x28, 0x29, 0x2e, 0x00, 0x53, 0x74, 0x80, 0x39,
  0xd5, 0xa4, 0x92, 0xee, 0x9b, 0x80, 0xea, 0x80, 0x1a, 0x94, 0x74, 0x80, 0x06, 0x65, 0x80, 0xa4, 0x82, 0xc6, 0x80, 0xa0,
  0x73, 0x92, 0xdf, 0x64, 0x73, 0x00, 0x41, 0x84, 0xb3, 0x93, 0x80, 0xa3, 0x80, 0x90, 0x86, 0x80, 0x16, 0x80, 0x35, 0x73,
  0xc7, 0xa1, 0x80, 0xa8, 0x9d, 0x78, 0x20, 0x6f, 0xf6, 0x00, 0x80, 0xc5, 0x6e, 0xfc, 0x80, 0xc0, 0x6b, 0xc0, 0x93, 0x80,
  0xa3, 0x80, 0x90, 0x86, 0x80, 0x37, 0x6d, 0xb5, 0xda, 0x89, 0xc7, 0x80, 0x22, 0xa7, 0x80, 0x03, 0x80, 0x1c, 0x2e, 0x20,
  0x43, 0x68, 0x92, 0x80, 0x12, 0xa7, 0x80, 0x03, 0x80, 0xb8, 0xa6, 0xdf, 0x6c, 0x80, 0x44, 0x80, 0x3f, 0x8c, 0xab, 0x68,
  0x80, 0x29, 0x80, 0xcc, 0xa7, 0x80, 0xcb, 0x69, 0x80, 0xee, 0x00, 0x9c, 0x46, 0x72, 0x80, 0x27, 0x9b, 0x73, 0x80, 0xc4,
  0x80, 0x92, 0x99, 0x90, 0x82, 0x80, 0x22, 0x30, 0x80, 0xde, 0x2e, 0x00, 0x9c, 0x46, 0x69, 0x72, 0x80, 0xfc, 0xaf, 0x80,
  0xfe, 0x86, 0x73, 0x80, 0xc4, 0x80, 0x92, 0x80, 0xd7, 0xea, 0x67, 0xbf, 0x73, 0x00, 0x9c, 0x46, 0x69, 0x72, 0x80, 0xfc,
  0xaf, 0x80, 0xfe, 0x86, 0x80, 0x56, 0x80, 0x75, 0x6d, 0x80, 0xf7, 0xea, 0x67, 0xbf, 0x73, 0x00, 0x9c, 0x41, 0x82, 0x80,
  0x52, 0x73, 0xbf, 0xca, 0x00, 0x9c, 0x4d, 0x80, 0x31, 0x73, 0x8a, 0x67, 0x00, 0x9c, 0x49, 0x84, 0x6f, 0xee, 0xa5, 0x6a,
  0x6f, 0x8a, 0x00, 0x9c, 0x80, 0x23, 0x53, 0x51, 0x80, 0x6b, 0xbd, 0x63, 0x61, 0x70, 0x81, 0x80, 0x99, 0x6e, 0x74, 0x61,
  0x78, 0x00, 0x9c, 0x43, 0x8e, 0x27, 0x82, 0xe0, 0x3c, 0x20, 0x30, 0x00, 0x9c, 0x8a, 0x74, 0x00, 0x9c, 0xc8, 0x74, 0x65,
  0x67, 0x83, 0x00, 0x9c, 0xaa, 0x6e, 0x67, 0x00, 0x9c, 0x4c, 0xdf, 0x67, 0x00, 0x9c, 0x73, 0x68, 0x85, 0x74, 0x00, 0x9c,
  0x53, 0x68, 0x85, 0x74, 0x00, 0x9c, 0x42, 0x69, 0x67, 0x44, 0xf1, 0x6d, 0x8d, 0x00, 0x9c, 0x62, 0x79, 0x74, 0x65, 0x00,
  0x9c, 0x62, 0x79, 0x80, 0x98, 0x90, 0x72, 0x61, 0x79, 0x00, 0x9c, 0x42, 0x79, 0x74, 0x65, 0x00, 0x9c, 0x62, 0x6f, 0x6f,
  0x9d, 0x8e, 0x00, 0x9c, 0x42, 0x6f, 0x6f, 0x9d, 0x8e, 0x00, 0x9c, 0x66, 0xaa, 0x89, 0x00, 0x9c, 0x46, 0xaa, 0x89, 0x00,
  0x9c, 0x80, 0x09, 0x75, 0x62, 0x9d, 0x00, 0x9c, 0x44, 0x80, 0xa4, 0x62, 0x9d, 0x00, 0x9c, 0x80, 0xe1, 0x65, 0x00, 0x9c,
  0x54, 0x80, 0x06, 0x65, 0x00, 0x9c, 0x54, 0x80, 0x06, 0x65, 0x99, 0xbc, 0x70, 0x00, 0x9c, 0x53, 0x80, 0xdd, 0x8a, 0x67,
  0x00, 0x9c, 0x8a, 0x70, 0x75, 0x82, 0x99, 0x8c, 0xbc, 0x00, 0x9c, 0x41, 0x53, 0x43, 0x49, 0x49, 0x20, 0x99, 0x8c, 0xbc,
  0x00, 0x9c, 0x62, 0x8a, 0x80, 0xeb, 0x99, 0x8c, 0xbc, 0x00, 0x9c, 0x80, 0x0d, 0x00, 0x9c, 0xc8, 0x80, 0x4a, 0x69, 0x78,
  0x20, 0x8a, 0x80, 0xbb, 0x80, 0x4a, 0x89, 0x00, 0xc1, 0x63, 0x72, 0xbf, 0xda, 0xdc, 0x6d, 0xbd, 0x73, 0x80, 0x71, 0x74,
  0x80, 0x69, 0x80, 0x7f, 0x00, 0xc8, 0x80, 0x4a, 0x69, 0x78, 0xc0, 0x93, 0x98, 0xe2, 0x00, 0x55, 0x52, 0x4c, 0x00, 0xc8,
  0xd0, 0xb1, 0x59, 0x4d, 0x00, 0xc8, 0xd0, 0xb1, 0x44, 0x46, 0x00, 0xc8, 0xd0, 0xb1, 0x00, 0x43, 0x68, 0x90, 0x80, 0x27,
  0xa5, 0x99, 0x8c, 0xbc, 0x00, 0x49, 0x66, 0x78, 0x42, 0x53, 0x80, 0x8e, 0x80, 0x0d, 0x00, 0x41, 0x64, 0x64, 0xc7, 0x4c,
  0x64, 0x61, 0x70, 0x20, 0xcd, 0x72, 0x79, 0x3a, 0xd9, 0x3e, 0x5c, 0x6e, 0x00, 0x44, 0x65, 0x9d, 0x74, 0xc7, 0x4c, 0x64,
  0x61, 0x70, 0x20, 0xcd, 0x72, 0x79, 0x3a, 0xd9, 0x3e, 0x5c, 0x6e, 0x00, 0x3c, 0xd9, 0x2d, 0x20, 0x45, 0x6e, 0x80, 0xdd,
  0x97, 0x45, 0x78, 0x80, 0x11, 0x87, 0x80, 0x3c, 0x53, 0x83, 0x80, 0x1c, 0x80, 0x0b, 0x8b, 0xd8, 0x64, 0xbe, 0x00, 0x80,
  0xc1, 0x80, 0x71, 0xd9, 0x2d, 0x3e, 0x5c, 0x6e, 0x53, 0x71, 0x6c, 0x68, 0x55, 0x70, 0xaa, 0x80, 0x73, 0x73, 0x71, 0x6c,
  0x80, 0xc4, 0x99, 0x73, 0x5f, 0x80, 0x4b, 0x6c, 0x64, 0x61, 0x70, 0x5f, 0x80, 0xc4, 0x99, 0x3a, 0x80, 0x19, 0x82, 0x5b,
  0x73, 0x71, 0x6c, 0x80, 0xc4, 0x99, 0x73, 0x52, 0x64, 0x6e, 0x5d, 0x00, 0x5c, 0x6e, 0x2a, 0x80, 0xfd, 0x80, 0xfd, 0x80,
  0xfd, 0x80, 0xfd, 0x80, 0xfd, 0x80, 0xfd, 0x80, 0xfd, 0x3e, 0x5c, 0x6e, 0xce, 0xa6, 0xee, 0xfb, 0x80, 0x79, 0xe6, 0xaa,
  0xd8, 0x87, 0xa7, 0x53, 0x71, 0x6c, 0x80, 0xc4, 0x99, 0x87, 0x80, 0xa6, 0x9e, 0x66, 0x80, 0x54, 0x82, 0xb9, 0x63, 0x69,
  0x69, 0x20, 0x80, 0x4b, 0x5c, 0x80, 0xb1, 0xba, 0xa7, 0x53, 0x71, 0x6c, 0x80, 0xc4, 0x99, 0x87, 0x73, 0x75, 0x62, 0x74,
  0x8c, 0x81, 0x9e, 0x4c, 0x44, 0x41, 0x50, 0x20, 0x80, 0x3c, 0x70, 0x80, 0x2e, 0x63, 0x80, 0x59, 0x62, 0x94, 0x80, 0x4a,
  0x89, 0x3a, 0x5c, 0x6e, 0x5c, 0x84, 0x4e, 0x6f, 0x74, 0x65, 0x9c, 0xd7, 0x53, 0x83, 0x76, 0xda, 0x81, 0xaf, 0x80, 0xfe,
  0x86, 0x28, 0x34, 0x8f, 0x20, 0xaf, 0x80, 0xfe, 0x86, 0x80, 0x3c, 0x73, 0x71, 0x6c, 0x80, 0xc4, 0x99, 0x87, 0xaf, 0x80,
  0xfe, 0x64, 0x29, 0x5c, 0x6e, 0x73, 0x80, 0xc4, 0x80, 0x92, 0xff, 0x80, 0xca, 0xe1, 0xc8, 0x74, 0x65, 0x67, 0xa5, 0x80,
  0x19, 0x82, 0x80, 0xbf, 0x83, 0x2e, 0x5c, 0x6e, 0x3c, 0x80, 0xfd, 0x80, 0xfd, 0x80, 0xfd, 0x80, 0xfd, 0x80, 0xfd, 0x80,
  0xfd, 0x80, 0xfd, 0xd9, 0x2a, 0x5c, 0x6e, 0x00, 0x80, 0xc1, 0x80, 0x71, 0xd9, 0x2d, 0x3e, 0x5c, 0x6e, 0x53, 0x71, 0x6c,
  0x68, 0x44, 0x65, 0x9d, 0x80, 0x98, 0x6c, 0x64, 0x61, 0x70, 0x5f, 0x80, 0xc4, 0x99, 0x3a, 0x80, 0x19, 0x82, 0x5b, 0x73,
  0x71, 0x6c, 0x80, 0xc4, 0x99, 0x73, 0x52, 0x64, 0x6e, 0x5d, 0x00, 0x5c, 0x6e, 0x2a, 0x80, 0xfd, 0x80, 0xfd, 0x80, 0xfd,
  0x80, 0xfd, 0x80, 0xfd, 0x80, 0xfd, 0x80, 0xfd, 0x3e, 0x5c, 0x6e, 0xce, 0xa6, 0xee, 0xfb, 0x80, 0x79, 0xe2, 0x9d, 0x74,
  0xd2, 0xa7, 0x53, 0x71, 0x6c, 0x80, 0xc4, 0x99, 0x87, 0x80, 0xa6, 0x80, 0xcc, 0xa7, 0x4c, 0x44, 0x41, 0x50, 0x20, 0x80,
  0x03, 0x80, 0x1c, 0x2e, 0x5c, 0x6e, 0x3c, 0x80, 0xfd, 0x80, 0xfd, 0x80, 0xfd, 0x80, 0xfd, 0x80, 0xfd, 0x80, 0xfd, 0x80,
  0xfd, 0xd9, 0x2a, 0x5c, 0x6e, 0x00, 0x5c, 0x6e, 0x45, 0x6e, 0x80, 0x9f, 0xa7, 0x44, 0x4e, 0x20, 0xc1, 0xc8, 0x80, 0x4a,
  0x69, 0x78, 0x20, 0x9e, 0x79, 0x80, 0xd1, 0x20, 0x4c, 0x44, 0x41, 0x50, 0x20, 0x74, 0x8c, 0x81, 0x3d, 0x3d, 0x3e, 0x00,
  0x5c, 0x6e, 0x45, 0x6e, 0x80, 0x9f, 0xa7, 0xb5, 0xfe, 0xc1, 0x4c, 0x64, 0x61, 0x70, 0x20, 0xaa, 0x67, 0x9e, 0x28, 0x65,
  0x67, 0x9c, 0x63, 0x6e, 0x3d, 0x9a, 0x6f, 0x74, 0x80, 0x0b, 0x6f, 0x3d, 0xab, 0x6d, 0x65, 0x2c, 0xfd, 0x3d, 0xa8, 0x80,
  0xd8, 0x3d, 0x3d, 0x3e, 0x00, 0x5c, 0x6e, 0x45, 0x6e, 0x80, 0x9f, 0xa7, 0x70, 0xb9, 0x73, 0x80, 0xc0, 0x86, 0xc1, 0x4c,
  0x64, 0x61, 0x70, 0x20, 0xaa, 0x67, 0x9e, 0x3d, 0x3d, 0x3e, 0x00, 0x5c, 0x84, 0xd7, 0x8a, 0x70, 0x75, 0x82, 0x80, 0x96,
  0xb4, 0xcd, 0x87, 0xd9, 0x2d, 0x3e, 0x3b, 0x00, 0x5c, 0x82, 0xd7, 0x80, 0x4b, 0x80, 0x46, 0xd9, 0x3e, 0x00, 0x5c, 0x82,
  0xd7, 0x4c, 0x44, 0x41, 0x50, 0x20, 0x55, 0x52, 0x80, 0x6b, 0xd9, 0x3e, 0x00, 0x5c, 0x82, 0xd7, 0xc8, 0x80, 0x4a, 0x69,
  0x78, 0x20, 0x62, 0xb9, 0x81, 0xd9, 0x3e, 0x00, 0x5c, 0x82, 0xd7, 0x53, 0x71, 0x6c, 0x80, 0xc4, 0x99, 0x87, 0x62, 0xb9,
  0x81, 0xd9, 0x3e, 0x00, 0x5c, 0x82, 0xd7, 0x80, 0xf4, 0x4e, 0xfe, 0xd9, 0x3e, 0x00, 0x5c, 0x84, 0x49, 0x66, 0x20, 0xa7,
  0x80, 0x96, 0xb4, 0xcd, 0x87, 0x80, 0x87, 0x8b, 0x6f, 0x6b, 0x80, 0x0b, 0x70, 0x9d, 0xb9, 0x81, 0x99, 0x90, 0x82, 0x6f,
  0x80, 0x1c, 0x2e, 0x5c, 0x6e, 0x5c, 0x84, 0x45, 0x6e, 0x80, 0x9f, 0x5b, 0x71, 0x5d, 0x20, 0xba, 0xe5, 0x80, 0xab, 0x93,
  0x5b, 0x63, 0x5d, 0x20, 0xba, 0x80, 0x5a, 0x8a, 0x75, 0x81, 0x3d, 0x3d, 0x3e, 0x00, 0x5c, 0x84, 0x80, 0xb9, 0x80, 0x82,
  0x80, 0xd9, 0x80, 0x43, 0xc7, 0xa7, 0x54, 0x83, 0x6d, 0x8a, 0xdc, 0xc8, 0x70, 0xee, 0x00, 0x5c, 0x84, 0x55, 0x70, 0xaa,
  0xd8, 0xc7, 0x53, 0x71, 0x6c, 0x80, 0xc4, 0x99, 0x87, 0x80, 0x4b, 0x80, 0xa6, 0xba, 0x4c, 0x44, 0x41, 0x50, 0x20, 0x53,
  0x83, 0x80, 0xb8, 0xd9, 0x2d, 0x3e, 0x00, 0x5c, 0x84, 0x44, 0x65, 0x9d, 0x74, 0xc7, 0x53, 0x71, 0x6c, 0x80, 0xc4, 0x99,
  0x87, 0x80, 0xa6, 0x80, 0xcc, 0x80, 0xcc, 0x4c, 0x44, 0x41, 0x50, 0x20, 0x53, 0x83, 0x80, 0xb8, 0xd9, 0x2d, 0x3e, 0x00,
  0x4a, 0x4e, 0x53, 0x20, 0xc8, 0x80, 0xbb, 0x80, 0x8a, 0x80, 0xfa, 0x00, 0x4a, 0x4e, 0x53, 0x9c, 0x80, 0xb9, 0x80, 0x82,
  0x80, 0xd9, 0x8a, 0xbf, 0x69, 0x8d, 0x80, 0x2b, 0xc7, 0x4c, 0x64, 0x61, 0x70, 0x20, 0x43, 0xdf, 0x74, 0xa4, 0x80, 0xb6,
  0x00, 0x4a, 0x4e, 0x53, 0x9c, 0x80, 0xb9, 0x80, 0x82, 0x80, 0xd9, 0x80, 0x4d, 0x90, 0xd3, 0xc7, 0x4c, 0x64, 0x61, 0x70,
  0x20, 0x53, 0x83, 0x80, 0x1c, 0x2e, 0x00, 0x4a, 0x4e, 0x53, 0x9c, 0x80, 0xb9, 0x80, 0x82, 0x80, 0xd9, 0xe6, 0xc3, 0xc7,
  0x4c, 0x64, 0x61, 0x70, 0x20, 0x53, 0x83, 0x80, 0x1c, 0x2e, 0x00, 0xc8, 0xbf, 0x44, 0x69, 0x72, 0x43, 0x74, 0x78, 0x20,
  0xc1, 0x53, 0x71, 0x6c, 0x48, 0x6f, 0x99, 0x87, 0x9e, 0x53, 0x71, 0x6c, 0x48, 0x6f, 0x99, 0x73, 0x28, 0x80, 0xd8, 0x46,
  0x61, 0x80, 0x4e, 0x64, 0x00, 0x53, 0x65, 0x90, 0x80, 0x91, 0x93, 0x52, 0xbd, 0xe4, 0x74, 0x87, 0x80, 0xfb, 0x9e, 0x67,
  0xfc, 0x53, 0x83, 0x80, 0x1c, 0x28, 0x29, 0x3a, 0x3a, 0x00, 0x45, 0x6d, 0x80, 0x6c, 0x97, 0x80, 0x4d, 0x82, 0x9e, 0x53,
  0x65, 0x90, 0x80, 0x91, 0x80, 0xfb, 0x9e, 0x67, 0xfc, 0x53, 0x83, 0x80, 0x1c, 0x28, 0x29, 0x3a, 0x3a, 0x00, 0x43, 0x68,
  0x92, 0x6b, 0xfd, 0x8c, 0x64, 0xcd, 0x69, 0x8d, 0x87, 0xc1, 0x4c, 0x44, 0x41, 0x50, 0x00, 0x53, 0x65, 0x90, 0x80, 0x91,
  0x93, 0x52, 0xbd, 0xe4, 0x74, 0x87, 0x80, 0xfb, 0x9e, 0x67, 0xfc, 0x53, 0x83, 0x80, 0x1c, 0x47, 0x9a, 0xe6, 0x28, 0x29,
  0x3a, 0x3a, 0x00, 0x55, 0x70, 0xc3, 0x81, 0x80, 0xfb, 0x9e, 0xd8, 0x64, 0x53, 0x83, 0x80, 0x1c, 0x28, 0x29, 0x3a, 0x3a,
  0x00, 0x55, 0x70, 0xc3, 0x81, 0x80, 0xfb, 0x9e, 0xd8, 0x64, 0x45, 0x6e, 0x80, 0xdd, 0x79, 0x28, 0x29, 0x3a, 0x3a, 0x00,
  0x55, 0x70, 0xc3, 0x81, 0x80, 0xfb, 0x9e, 0xe2, 0x6c, 0x53, 0x83, 0x80, 0x1c, 0x28, 0x29, 0x3a, 0x3a, 0x00, 0x55, 0x70,
  0xc3, 0x81, 0x80, 0xfb, 0x9e, 0xe2, 0x99, 0x9a, 0x79, 0x53, 0x71, 0x6c, 0x80, 0xc4, 0x99, 0x73, 0x28, 0x29, 0x3a, 0x3a,
  0x00, 0x55, 0x70, 0xc3, 0x81, 0x80, 0xfb, 0x9e, 0xe6, 0xaa, 0xd8, 0x54, 0x6f, 0x4c, 0x64, 0x61, 0x70, 0x28, 0x29, 0x3a,
  0x3a, 0x00, 0x55, 0x70, 0xc3, 0x81, 0x80, 0xfb, 0x9e, 0xe6, 0xc3, 0x65, 0x53, 0x71, 0x6c, 0x80, 0xc4, 0x99, 0x73, 0x28,
  0x29, 0x3a, 0x3a, 0x00, 0x80, 0xb9, 0x9e, 0x46, 0x80, 0x4e, 0x53, 0x71, 0x6c, 0x80, 0xc4, 0x99, 0x73, 0x28, 0x29, 0x3a,
  0x3a, 0x00, 0x53, 0x65, 0x90, 0x80, 0x91, 0x80, 0xfb, 0x9e, 0x67, 0xfc, 0x53, 0x83, 0x80, 0x1c, 0x28, 0x80, 0xd8, 0x5b,
  0xaf, 0x9d, 0x5d, 0x3a, 0x3a, 0x00, 0x55, 0x70, 0xc3, 0x81, 0x80, 0xfb, 0x9e, 0xe6, 0xaa, 0xd8, 0x54, 0x6f, 0x4c, 0x64,
  0x61, 0x70, 0x28, 0x29, 0x3a, 0x3a, 0x00, 0x53, 0xb5, 0x7c, 0x4d, 0xdf, 0x7c, 0x54, 0x75, 0x65, 0x7c, 0x57, 0x80, 0x1a,
  0x7c, 0xce, 0x75, 0x7c, 0x46, 0x80, 0x59, 0x7c, 0x53, 0x89, 0x7c, 0x00, 0x4a, 0x8e, 0x7c, 0x46, 0x65, 0x62, 0x7c, 0x4d,
  0x90, 0x7c, 0x41, 0x70, 0x72, 0x7c, 0x4d, 0x61, 0x79, 0x7c, 0x4a, 0xb5, 0x7c, 0x4a, 0xe4, 0x7c, 0x41, 0x75, 0x67, 0x7c,
  0x53, 0x65, 0x70, 0x7c, 0x4f, 0xed, 0x7c, 0x4e, 0x6f, 0x76, 0x7c, 0x44, 0x92, 0x7c, 0x00, 0x50, 0x80, 0x2e, 0x87, 0x80,
  0x5d, 0x54, 0x55, 0x52, 0x4e, 0x20, 0xba, 0x80, 0x5a, 0x8a, 0x75, 0xc2, 0x00, 0xac, 0x80, 0x2f, 0x86, 0x6d, 0xbd, 0x73,
  0x80, 0x71, 0xaf, 0x80, 0x01, 0x80, 0x72, 0x43, 0x68, 0x92, 0x80, 0x12, 0x80, 0x28, 0x46, 0x4f, 0x52, 0x4d, 0x49, 0x58,
  0x44, 0x49, 0x80, 0x62, 0x80, 0x3f, 0x80, 0xb4, 0x4c, 0x41, 0x4e, 0x47, 0x2e, 0x00, 0xd7, 0x80, 0x1d, 0xc6, 0x79, 0x80,
  0xd1, 0x20, 0xd0, 0x6d, 0x8a, 0xdc, 0xa6, 0xb5, 0x6b, 0x88, 0x77, 0x84, 0xba, 0xa7, 0x80, 0x99, 0x80, 0xe7, 0x2e, 0x00,
  0x31, 0x32, 0x38, 0x2d, 0x31, 0x37, 0x33, 0x00, 0x4a, 0x8e, 0x75, 0x90, 0x79, 0x7c, 0x46, 0x65, 0x62, 0x72, 0x75, 0x90,
  0x79, 0x7c, 0x4d, 0x90, 0xd3, 0x7c, 0x41, 0x70, 0x72, 0xfb, 0x7c, 0x4d, 0x61, 0x79, 0x7c, 0x4a, 0xb5, 0x65, 0x7c, 0x00,
  0x4a, 0xe4, 0x79, 0x7c, 0x41, 0x75, 0x67, 0x75, 0x99, 0x7c, 0x53, 0x65, 0x80, 0x6c, 0xb7, 0x62, 0x83, 0x7c, 0x4f, 0xed,
  0x6f, 0x62, 0x83, 0x7c, 0x4e, 0x6f, 0x76, 0xb7, 0x62, 0x83, 0x7c, 0x44, 0x92, 0xb7, 0x62, 0x83, 0x7c, 0x00, 0x45, 0x6e,
  0x80, 0xa7, 0x9a, 0x6e, 0x6d, 0xd5, 0x80, 0xb3, 0x80, 0x29, 0x80, 0xa0, 0xa6, 0x80, 0x75, 0xaa, 0x6e, 0xb2, 0x28, 0x80,
  0xbe, 0x78, 0x80, 0x06, 0xb4, 0x20, 0xa6, 0x25, 0x86, 0xd3, 0x90, 0xab, 0xd0, 0x73, 0x29, 0x2e, 0x00, 0x80, 0x6f, 0x6d,
  0x6d, 0x80, 0x3f, 0x6c, 0x80, 0x44, 0x80, 0x96, 0xb4, 0xd5, 0x80, 0xa0, 0xa6, 0x80, 0x75, 0xaa, 0x6e, 0xb2, 0x28, 0x80,
  0xbe, 0x78, 0x80, 0x06, 0xb4, 0x20, 0xa6, 0x25, 0x86, 0xd3, 0x90, 0xab, 0xd0, 0x73, 0x29, 0x2e, 0x00, 0x4e, 0x80, 0x9a,
  0xa5, 0xa6, 0x80, 0x75, 0x6c, 0xf5, 0xc1, 0xa1, 0x80, 0xdc, 0x43, 0x49, 0x4d, 0x41, 0x80, 0x6b, 0x80, 0xa6, 0xd4, 0x65,
  0x00, 0x4e, 0x80, 0x9a, 0xa5, 0xa6, 0x80, 0x75, 0x73, 0x6d, 0x8d, 0x80, 0x20, 0xc1, 0xa1, 0x80, 0xdc, 0x43, 0x49, 0x4d,
  0x41, 0x80, 0x6b, 0x80, 0xa6, 0xd4, 0x65, 0x00, 0x41, 0x84, 0x89, 0x80, 0x8d, 0x70, 0x82, 0x80, 0xc8, 0x6d, 0xd8, 0x81,
  0xba, 0xea, 0x80, 0xa7, 0x64, 0x81, 0x62, 0x97, 0x7a, 0x83, 0x6f, 0x2e, 0x00, 0x56, 0x8d, 0x75, 0xd2, 0xa8, 0x94, 0x80,
  0xd6, 0x4d, 0x41, 0x54, 0x43, 0x48, 0x20, 0x80, 0x48, 0x62, 0x6f, 0x8f, 0x20, 0xe0, 0x80, 0x1d, 0x43, 0x48, 0x41, 0x52,
  0x41, 0x43, 0x80, 0x10, 0x52, 0x00, 0x80, 0x23, 0x79, 0x65, 0x90, 0x20, 0x9e, 0xc3, 0x65, 0x00, 0x80, 0x23, 0x6d, 0xdf,
  0x8f, 0x20, 0x9e, 0xc3, 0x65, 0x00, 0x80, 0x23, 0x64, 0x61, 0x97, 0x9e, 0xc3, 0x65, 0x00, 0x43, 0xdf, 0x80, 0x1c, 0x74,
  0x94, 0x80, 0x6d, 0x80, 0x49, 0xaf, 0x82, 0x8a, 0xba, 0xa7, 0x80, 0x2c, 0x74, 0x74, 0x94, 0x80, 0x51, 0x65, 0x00, 0xce,
  0x83, 0x81, 0xa6, 0x80, 0xe9, 0xcf, 0x80, 0x1c, 0x80, 0x6a, 0x80, 0xcc, 0x80, 0xb1, 0x2d, 0xd3, 0x90, 0x80, 0x27, 0xa5,
  0x80, 0x13, 0xd2, 0xba, 0xd3, 0x90, 0x80, 0x27, 0xa5, 0x80, 0x13, 0xbd, 0x00, 0x57, 0x69, 0x8f, 0x80, 0xa4, 0x82, 0x80,
  0xf7, 0xe2, 0x6c, 0x80, 0x06, 0xbf, 0x83, 0x73, 0x80, 0x0b, 0x80, 0xa5, 0xc3, 0x81, 0x80, 0x48, 0x80, 0x5a, 0x61, 0x9e,
  0xa4, 0x80, 0x27, 0x80, 0x47, 0x36, 0x80, 0xde, 0x38, 0x20, 0xea, 0x67, 0xbf, 0x73, 0x00, 0x44, 0x80, 0x0c, 0x98, 0x80,
  0xd3, 0xe0, 0xcf, 0x80, 0x1c, 0x74, 0x94, 0xba, 0x6d, 0xdf, 0x8f, 0x2f, 0x64, 0x61, 0x79, 0x2f, 0x79, 0x65, 0x90, 0x20,
  0x80, 0x4a, 0x89, 0x00, 0x4f, 0x75, 0x82, 0xc6, 0x6d, 0xb7, 0x85, 0x79, 0x00, 0x44, 0x80, 0x0c, 0xcf, 0x80, 0x1c, 0x80,
  0x6a, 0x80, 0x4a, 0x80, 0x93, 0x80, 0x48, 0x80, 0x5a, 0x61, 0x80, 0xd6, 0x6d, 0xdf, 0x8f, 0x80, 0x0b, 0x64, 0x61, 0x79,
  0x80, 0x0b, 0x80, 0x3f, 0x79, 0x65, 0x90, 0x20, 0x80, 0xa8, 0xdf, 0xcd, 0x00, 0x80, 0xc5, 0xd3, 0x90, 0x80, 0x27, 0xa5,
  0xba, 0x6e, 0xb4, 0x83, 0xda, 0x20, 0xcf, 0x80, 0x1c, 0x80, 0x6a, 0x80, 0x16, 0x80, 0x35, 0x87, 0x80, 0xce, 0x64, 0x00,
  0x56, 0x8d, 0x75, 0x81, 0x80, 0xea, 0x80, 0x1a, 0x87, 0x6c, 0x80, 0x06, 0x80, 0xab, 0xc6, 0x53, 0x4d, 0x41, 0x4c, 0x4c,
  0x80, 0x28, 0x80, 0x32, 0x70, 0x8c, 0x63, 0x80, 0x31, 0xca, 0x00, 0x56, 0x8d, 0x75, 0x81, 0x80, 0xea, 0x80, 0x1a, 0x87,
  0x6c, 0x80, 0x06, 0x80, 0xab, 0xc6, 0x80, 0x28, 0x80, 0x10, 0x47, 0x45, 0x80, 0x62, 0x70, 0x8c, 0x63, 0x80, 0x31, 0xca,
  0x00, 0x49, 0x6c, 0x9d, 0x67, 0xdc, 0x80, 0x74, 0xdf, 0xcd, 0x00, 0xd7, 0x80, 0x4a, 0x80, 0x93, 0x80, 0x3a, 0xc7, 0xa6,
  0x80, 0x75, 0x6c, 0x80, 0x96, 0x65, 0x00, 0x53, 0x80, 0xdd, 0xc7, 0xba, 0xc3, 0x81, 0xcf, 0x80, 0x1c, 0x80, 0x6a, 0xb3,
  0x85, 0x00, 0x4e, 0xb4, 0x83, 0xda, 0x20, 0x80, 0x6d, 0x80, 0xcc, 0x80, 0xa2, 0xa6, 0x80, 0x75, 0x6c, 0xf5, 0xc1, 0x43,
  0x4f, 0x42, 0x4f, 0x80, 0x6b, 0x80, 0xa6, 0xbf, 0xb7, 0x2e, 0x00, 0x4e, 0xb4, 0x83, 0xda, 0x20, 0x80, 0x6d, 0x80, 0xcc,
  0x80, 0xa2, 0xa6, 0x80, 0x75, 0x73, 0x6d, 0x8d, 0x80, 0x20, 0xc1, 0x43, 0x4f, 0x42, 0x4f, 0x80, 0x6b, 0x80, 0xa6, 0xbf,
  0xb7, 0x2e, 0x00, 0xac, 0xcf, 0x80, 0x1c, 0x82, 0x6e, 0xe4, 0x80, 0x20, 0x80, 0xa6, 0xd4, 0x80, 0xaf, 0x00, 0x56, 0x8d,
  0x75, 0x81, 0xf0, 0x6c, 0x80, 0x20, 0x8b, 0xaf, 0x82, 0x80, 0xd6, 0x53, 0x4d, 0x41, 0x4c, 0x4c, 0x46, 0x80, 0x7b, 0x41,
  0x54, 0x2e, 0x00, 0x56, 0x8d, 0x75, 0x81, 0xf0, 0x6c, 0x80, 0x20, 0x8b, 0xaf, 0x82, 0x80, 0xd6, 0x46, 0x80, 0x7b, 0x41,
  0x54, 0x2e, 0x00, 0x80, 0x23, 0x64, 0xf1, 0x6d, 0xdc, 0x80, 0xbf, 0x83, 0x00, 0x80, 0x6f, 0x6c, 0xb4, 0x84, 0x80, 0x49,
  0xd8, 0x6d, 0x80, 0xab, 0xa1, 0x4e, 0x55, 0x4c, 0x80, 0x6b, 0x80, 0x13, 0xc2, 0x00, 0x44, 0xf1, 0x6d, 0xdc, 0x93, 0x6d,
  0xdf, 0x65, 0x97, 0x80, 0x6d, 0x80, 0xea, 0x80, 0x1a, 0x87, 0x80, 0xbe, 0x78, 0x80, 0x06, 0xb4, 0x20, 0x70, 0x8c, 0x63,
  0x80, 0x31, 0x80, 0x17, 0x00, 0x4d, 0xbd, 0x73, 0x80, 0x71, 0x80, 0x4b, 0x8b, 0x80, 0xad, 0x86, 0x00, 0x4d, 0xbd, 0x73,
  0x80, 0x71, 0x80, 0xbf, 0xa5, 0x8b, 0x80, 0xad, 0x86, 0x9e, 0x6d, 0xbd, 0x73, 0x80, 0x71, 0x80, 0x4b, 0x00, 0xc8, 0x80,
  0xa8, 0x89, 0x80, 0xd4, 0xa2, 0x6d, 0xbd, 0x73, 0x80, 0x71, 0x80, 0x4b, 0x00, 0x42, 0x80, 0x73, 0x6d, 0xbd, 0x73, 0x80,
  0x71, 0x80, 0x4b, 0x80, 0x46, 0x80, 0x4a, 0xe4, 0x89, 0xca, 0x00, 0xac, 0x80, 0x4d, 0x65, 0x80, 0x12, 0xfa, 0x9e, 0x6d,
  0xbd, 0x73, 0x80, 0x71, 0xaf, 0x9d, 0x00, 0x4d, 0xbd, 0x73, 0x80, 0x71, 0x80, 0xf3, 0x66, 0x66, 0xa5, 0x80, 0x75, 0x73,
  0x6d, 0x8d, 0x6c, 0x00, 0x80, 0x23, 0x80, 0xc4, 0xb0, 0x80, 0x0b, 0x6d, 0x8a, 0xee, 0x65, 0x80, 0x0b, 0x93, 0x73, 0x92,
  0xdf, 0x64, 0x00, 0x46, 0x80, 0x7d, 0x80, 0xbe, 0x97, 0xe0, 0x61, 0x70, 0x70, 0x6c, 0x69, 0x94, 0xdf, 0x80, 0x47, 0xba,
  0xc3, 0xfc, 0x80, 0x06, 0x81, 0x80, 0xa6, 0xd4, 0xbd, 0x00, 0x43, 0x68, 0x90, 0x80, 0x27, 0xa5, 0x80, 0xc4, 0x80, 0xfc,
  0x80, 0xb3, 0x80, 0x29, 0xa6, 0x80, 0x75, 0x73, 0x68, 0x85, 0x82, 0xc1, 0xa7, 0xc3, 0x61, 0x2e, 0x00, 0x80, 0x23, 0x83,
  0x61, 0x80, 0x0b, 0x98, 0x80, 0xd3, 0xb9, 0x73, 0x69, 0x67, 0x84, 0x83, 0xa1, 0xc3, 0x65, 0x00, 0x53, 0x70, 0xf1, 0xaf,
  0x94, 0x83, 0xa1, 0x80, 0x08, 0x80, 0x7c, 0x80, 0x1a, 0x00, 0x46, 0x61, 0xfb, 0x94, 0xba, 0x8a, 0xbf, 0x69, 0x8d, 0x80,
  0x2b, 0x81, 0x83, 0xa1, 0x8a, 0x80, 0x4a, 0xef, 0x80, 0xcc, 0x80, 0x78, 0x8d, 0x65, 0x00, 0x53, 0x70, 0xf1, 0xaf, 0x94,
  0x83, 0xa1, 0x79, 0x65, 0x90, 0x20, 0x6f, 0x80, 0x1c, 0x66, 0xaa, 0x77, 0x87, 0x80, 0x04, 0xc5, 0xc6, 0x83, 0x61, 0x00,
  0x80, 0xba, 0x80, 0x29, 0xba, 0x80, 0x9e, 0x70, 0x69, 0x70, 0x80, 0xaf, 0x00, 0x80, 0xba, 0x80, 0x29, 0xba, 0x80, 0x9e,
  0x73, 0x68, 0x61, 0x8c, 0x86, 0x6d, 0xb7, 0x85, 0x80, 0x9c, 0x20, 0x73, 0xb7, 0x67, 0x65, 0x82, 0x80, 0xec, 0x00, 0x80,
  0xba, 0x80, 0x29, 0xba, 0x80, 0x9e, 0x73, 0x68, 0x61, 0x8c, 0x86, 0x6d, 0xb7, 0x85, 0x80, 0x9c, 0x20, 0x73, 0x68, 0x6d,
  0x67, 0x65, 0x82, 0x80, 0xec, 0x00, 0x80, 0xba, 0x80, 0x29, 0xba, 0x80, 0xf2, 0x80, 0x8b, 0xba, 0x8c, 0x80, 0x41, 0x80,
  0x98, 0x80, 0xc4, 0x99, 0x2e, 0x00, 0x4f, 0x80, 0x67, 0x89, 0xc7, 0x80, 0x99, 0x80, 0xe7, 0xfd, 0x9f, 0x80, 0x2a, 0x80,
  0x12, 0x80, 0x16, 0x80, 0x35, 0x87, 0xc1, 0x62, 0xab, 0x80, 0x12, 0x95, 0xa9, 0x00, 0xac, 0x89, 0x74, 0xab, 0x80, 0xe5,
  0xba, 0x73, 0x68, 0x61, 0x8c, 0x86, 0x6d, 0xb7, 0x85, 0x97, 0xa8, 0x94, 0xba, 0x80, 0x37, 0x6d, 0xb5, 0xda, 0x80, 0x0c,
  0x80, 0x22, 0x62, 0xab, 0x80, 0x12, 0x95, 0xa9, 0x00, 0x49, 0x82, 0x80, 0x08, 0x80, 0x52, 0x73, 0x73, 0x80, 0xd4, 0xa2,
  0xba, 0xcf, 0x80, 0x1c, 0x82, 0x62, 0xfc, 0x77, 0x65, 0x80, 0x02, 0xa7, 0x80, 0x84, 0xd4, 0x80, 0xaf, 0x00, 0x54, 0x6f,
  0xa0, 0x6d, 0x80, 0xf7, 0xea, 0x67, 0xbf, 0x87, 0x80, 0x3c, 0xaf, 0x72, 0x80, 0xfc, 0xaf, 0x80, 0xfe, 0x86, 0xc6, 0xc3,
  0xfc, 0x80, 0x06, 0x81, 0x93, 0x8a, 0xd0, 0xb1, 0x2e, 0x00, 0x4e, 0xdf, 0x2d, 0x6e, 0xb4, 0x83, 0xda, 0x20, 0xd3, 0x90,
  0x80, 0x27, 0xa5, 0x9e, 0xc3, 0xfc, 0x80, 0x06, 0x81, 0x93, 0x8a, 0xd0, 0xb1, 0x2e, 0x00, 0x80, 0xc5, 0xaf, 0x80, 0xfe,
  0x86, 0x80, 0xd6, 0xc3, 0xfc, 0x80, 0x06, 0x81, 0x93, 0x8a, 0xd0, 0xb1, 0x20, 0x80, 0x6d, 0xa6, 0x8a, 0x80, 0x95, 0x8c,
  0x63, 0x82, 0x93, 0xe1, 0xfb, 0x9d, 0x67, 0xdc, 0x80, 0x8f, 0x89, 0xca, 0x0a, 0x80, 0x84, 0xf4, 0xc3, 0xfc, 0x80, 0x06,
  0x81, 0xaf, 0x80, 0xfe, 0xa9, 0x00, 0x45, 0x78, 0x80, 0xdd, 0xa1, 0xd3, 0x90, 0xab, 0xd0, 0x87, 0x80, 0x93, 0xa7, 0x95,
  0x86, 0xc6, 0xa1, 0xc3, 0xfc, 0x80, 0x06, 0x81, 0x93, 0x8a, 0xd0, 0xb1, 0x2e, 0x00, 0x4f, 0x80, 0x1c, 0x66, 0xaa, 0x80,
  0x0f, 0x80, 0xa3, 0x80, 0x90, 0x86, 0xf4, 0xa1, 0xc3, 0xfc, 0x80, 0x06, 0x81, 0x93, 0x8a, 0xd0, 0xb1, 0x20, 0x80, 0x8f,
  0x89, 0x80, 0x17, 0x00, 0xc8, 0xd0, 0xb1, 0x87, 0x93, 0xc3, 0xfc, 0x80, 0x06, 0xd2, 0x80, 0x87, 0x8a, 0x80, 0xa8, 0x89,
  0x80, 0xd4, 0xa2, 0xc1, 0xa7, 0x80, 0x8f, 0x89, 0x80, 0x17, 0x00, 0xd7, 0x80, 0x2e, 0xe4, 0x82, 0xc6, 0xa1, 0xc3, 0xfc,
  0x80, 0x06, 0x81, 0x80, 0xa8, 0xee, 0xef, 0xa6, 0x80, 0xa4, 0x82, 0xc6, 0x80, 0x04, 0x67, 0xc2, 0x00, 0x80, 0x23, 0xc3,
  0xfc, 0x80, 0x06, 0x81, 0x93, 0x8a, 0xd0, 0xb1, 0x20, 0xe5, 0x8d, 0x69, 0xaf, 0x83, 0x2e, 0x00, 0x4c, 0x80, 0xa3, 0x89,
  0x93, 0xcf, 0x80, 0x1c, 0x80, 0x6a, 0xb3, 0x80, 0xfa, 0x00, 0xc8, 0xd0, 0xb1, 0x20, 0x6c, 0xbf, 0x83, 0xdc, 0x80, 0xbe,
  0x97, 0x8b, 0x80, 0xd7, 0xb7, 0x62, 0x80, 0x1a, 0x64, 0x94, 0x6d, 0x8a, 0x75, 0x87, 0x73, 0x69, 0x67, 0x6e, 0x00, 0x4d,
  0x80, 0x31, 0x73, 0xc7, 0x64, 0xf1, 0x6d, 0xdc, 0x80, 0x52, 0x8a, 0x82, 0x9e, 0xc3, 0xfc, 0x80, 0x06, 0x81, 0x93, 0x8a,
  0xd0, 0xb1, 0x20, 0x80, 0x2d, 0x80, 0x27, 0x80, 0x17, 0x00, 0x80, 0x66, 0x8a, 0x70, 0x75, 0x82, 0x80, 0xf3, 0x66, 0x66,
  0xa5, 0x80, 0x56, 0x80, 0x97, 0x80, 0x02, 0x80, 0x21, 0xbe, 0x00, 0x4f, 0xee, 0x70, 0x75, 0x82, 0x80, 0xf3, 0x66, 0x66,
  0xa5, 0xa6, 0x4e, 0x55, 0x4c, 0x80, 0x6b, 0x93, 0x80, 0x75, 0x73, 0x6d, 0x8d, 0x80, 0x20, 0xba, 0x80, 0xc4, 0x6c, 0x86,
  0xa7, 0x80, 0x2e, 0xe4, 0x80, 0xb6, 0x00, 0x80, 0x66, 0x6f, 0xee, 0x70, 0x75, 0x82, 0x80, 0xf3, 0x66, 0x66, 0xa5, 0x80,
  0x56, 0x80, 0x97, 0x80, 0x02, 0x80, 0x21, 0xbe, 0x00, 0x80, 0x23, 0xaf, 0x80, 0xfe, 0x86, 0xf0, 0x64, 0x8f, 0x80, 0xde,
  0x70, 0x8c, 0x63, 0x80, 0x31, 0x9b, 0x9e, 0xc3, 0xfc, 0x80, 0x06, 0x81, 0x93, 0x8a, 0xd0, 0xb1, 0x20, 0x80, 0x4a, 0x80,
  0x93, 0x80, 0x3a, 0x8a, 0x80, 0xc2, 0x00, 0x46, 0x85, 0x6d, 0x80, 0x93, 0xcf, 0x80, 0x1c, 0x80, 0x6a, 0xd3, 0x90, 0x80,
  0x27, 0xa5, 0x8b, 0x80, 0x7e, 0xbe, 0x00, 0xc8, 0x70, 0x75, 0x82, 0x80, 0x49, 0x80, 0xdf, 0x80, 0x91, 0x80, 0x4a, 0x80,
  0x93, 0x80, 0x21, 0x63, 0x89, 0x80, 0x17, 0x00, 0x80, 0x23, 0xbd, 0x63, 0x61, 0x70, 0x81, 0x80, 0x4d, 0xe5, 0x95, 0x63,
  0xc2, 0x00, 0x56, 0x8d, 0x75, 0x81, 0x80, 0xea, 0x80, 0x1a, 0x87, 0x80, 0x3a, 0xc7, 0x80, 0x89, 0x6c, 0x95, 0x67, 0x8f,
  0x2e, 0x00, 0x4c, 0x80, 0xd4, 0x72, 0x80, 0xeb, 0x41, 0x50, 0x49, 0x20, 0x8a, 0x80, 0xa8, 0x89, 0x80, 0xd4, 0xfb, 0x80,
  0x79, 0x80, 0xad, 0x86, 0x9e, 0x6c, 0x80, 0xd4, 0x67, 0x95, 0x2e, 0x73, 0x6f, 0x2e, 0x00, 0x4c, 0x80, 0xd4, 0x72, 0x80,
  0xeb, 0x41, 0x50, 0x49, 0x20, 0x8a, 0x80, 0xa8, 0x89, 0x80, 0xd4, 0xfb, 0x80, 0x79, 0x80, 0xad, 0x86, 0x9e, 0x6c, 0x80,
  0xd4, 0x6f, 0xf7, 0x73, 0x6f, 0x2e, 0x00, 0x4c, 0x80, 0xd4, 0x72, 0x80, 0xeb, 0x41, 0x50, 0x49, 0x20, 0x8a, 0x80, 0xa8,
  0x89, 0x80, 0xd4, 0xfb, 0x80, 0x79, 0x80, 0xad, 0x86, 0x9e, 0x6c, 0x80, 0xd4, 0x73, 0x71, 0x6c, 0x2e, 0x73, 0x6f, 0x2e,
  0x00, 0x4c, 0x80, 0xd4, 0x72, 0x80, 0xeb, 0x41, 0x50, 0x49, 0x20, 0x8a, 0x80, 0xa8, 0x89, 0x80, 0xd4, 0xfb, 0x80, 0x79,
  0x80, 0xad, 0x86, 0x9e, 0x6c, 0x80, 0xd4, 0x67, 0x6c, 0xf7, 0x73, 0x6f, 0x2e, 0x00, 0x56, 0x8d, 0x75, 0x81, 0xf0, 0x6c,
  0x80, 0x20, 0x8b, 0xaf, 0x82, 0x80, 0xd6, 0x42, 0x49, 0x47, 0x80, 0x28, 0x80, 0x32, 0x93, 0xe1, 0x80, 0x28, 0x54, 0x38,
  0x2e, 0x00, 0xc8, 0x80, 0x55, 0x8d, 0xd1, 0x80, 0xa6, 0x80, 0x1d, 0xb5, 0x6b, 0x88, 0x77, 0x6e, 0x2e, 0x00, 0x80, 0x23,
  0x80, 0x6d, 0xc1, 0x95, 0x80, 0xa7, 0x9a, 0x6e, 0x6d, 0xd5, 0x80, 0xb3, 0x80, 0x29, 0x9c, 0x80, 0xd0, 0x00, 0x45, 0x6e,
  0x80, 0xa7, 0x9a, 0x6e, 0x6d, 0xd5, 0x80, 0xb3, 0x80, 0x29, 0x80, 0xa0, 0xa6, 0x80, 0x75, 0xaa, 0x6e, 0x80, 0xc2, 0x00,
  0xd7, 0xb3, 0x93, 0x25, 0x86, 0x80, 0x56, 0x80, 0x97, 0x80, 0x02, 0x95, 0x98, 0xb5, 0xd0, 0x94, 0x25, 0x6c, 0x86, 0x74,
  0x80, 0x06, 0xd2, 0x73, 0x8a, 0x80, 0x53, 0x80, 0xab, 0x80, 0xc8, 0x6c, 0xb9, 0x82, 0x70, 0x72, 0x8a, 0x74, 0x94, 0xba,
  0x8f, 0x65, 0x0a, 0xaa, 0x80, 0xc2, 0x00, 0x4e, 0x6f, 0x82, 0x6f, 0x77, 0x6e, 0x83, 0x00, 0x80, 0x66, 0x73, 0x75, 0x80,
  0x91, 0x80, 0x4b, 0x93, 0x80, 0xe8, 0x85, 0x79, 0x00, 0x80, 0x66, 0x73, 0x75, 0x80, 0x91, 0x80, 0x16, 0x80, 0x35, 0x73,
  0x00, 0xc8, 0x74, 0xb3, 0xe6, 0x74, 0x94, 0x80, 0x99, 0x80, 0xe7, 0xfd, 0x8d, 0x6c, 0x00, 0x49, 0x2f, 0x4f, 0xcb, 0x00,
  0x80, 0x66, 0x73, 0x75, 0x80, 0x91, 0xe2, 0x76, 0xda, 0x81, 0x93, 0xd8, 0x64, 0x80, 0x2e, 0x73, 0x00, 0x41, 0x72, 0xb2,
  0x6c, 0x80, 0x31, 0x82, 0x80, 0x75, 0xaa, 0x6e, 0x67, 0x00, 0x45, 0x78, 0x92, 0x20, 0x80, 0x4a, 0x80, 0x93, 0xb3, 0x85,
  0x00, 0x42, 0x80, 0x73, 0x80, 0x4b, 0x80, 0xbf, 0x83, 0x00, 0x80, 0x66, 0xd3, 0xfb, 0x64, 0x8c, 0x6e, 0x00, 0x80, 0x66,
  0x6d, 0x85, 0x81, 0x80, 0x16, 0x80, 0x35, 0x73, 0xbd, 0x00, 0x4e, 0x6f, 0x82, 0x65, 0x88, 0x75, 0x67, 0x68, 0xfd, 0x85,
  0x65, 0x00, 0x50, 0x83, 0x6d, 0x80, 0x31, 0x80, 0x6a, 0x64, 0x95, 0x69, 0x80, 0x1a, 0x00, 0x42, 0x80, 0x73, 0xd8, 0x64,
  0x80, 0x2e, 0x73, 0x00, 0x42, 0x80, 0x78, 0x80, 0x12, 0xe2, 0x76, 0xda, 0x81, 0x8c, 0xe5, 0x69, 0x8c, 0x64, 0x00, 0x4d,
  0x80, 0x81, 0x82, 0xe2, 0x76, 0xda, 0x81, 0x62, 0xa8, 0x79, 0x00, 0x46, 0x80, 0xd9, 0x80, 0x5b, 0x73, 0x00, 0x43, 0x9a,
  0x73, 0x73, 0x2d, 0xe2, 0x76, 0xda, 0x81, 0x6c, 0x8a, 0x6b, 0x00, 0x80, 0x66, 0x73, 0x75, 0x80, 0x91, 0xe2, 0x76, 0xda,
  0x65, 0x00, 0x4e, 0x6f, 0x82, 0xa1, 0x80, 0xe8, 0x85, 0x79, 0x00, 0x49, 0x87, 0xa1, 0x80, 0xe8, 0x85, 0x79, 0x00, 0x80,
  0x23, 0x80, 0x96, 0xb4, 0xcd, 0x00, 0x46, 0x80, 0xd9, 0xf2, 0x6f, 0x80, 0x1c, 0x66, 0xaa, 0x77, 0x00, 0x54, 0x6f, 0xa0,
  0x6d, 0x80, 0xf7, 0x80, 0xd5, 0xaf, 0x9d, 0x73, 0x00, 0x4e, 0x6f, 0x82, 0xa1, 0xd4, 0x65, 0x77, 0x72, 0xbf, 0x83, 0x00,
  0x54, 0xa4, 0x82, 0x80, 0x4b, 0x62, 0xa8, 0x79, 0x00, 0x46, 0x80, 0xd9, 0x80, 0x75, 0x6c, 0x80, 0x96, 0x65, 0x00, 0x80,
  0x66, 0x80, 0xa1, 0x9d, 0x66, 0x82, 0xf4, 0xe2, 0x76, 0xda, 0x65, 0x00, 0x49, 0x6c, 0x9d, 0x67, 0xdc, 0x80, 0x4d, 0x65,
  0x6b, 0x00, 0x52, 0x65, 0xd8, 0x2d, 0xdf, 0x80, 0x47, 0x80, 0x4b, 0x80, 0x99, 0x80, 0xe7, 0x00, 0x54, 0x6f, 0xa0, 0x6d,
  0x80, 0xf7, 0x6c, 0x8a, 0x6b, 0x73, 0x00, 0x42, 0x9a, 0x6b, 0x80, 0x02, 0x70, 0x69, 0x70, 0x65, 0x00, 0x41, 0x72, 0x67,
  0xb4, 0xd5, 0x80, 0x75, 0x6c, 0x80, 0x96, 0x65, 0x00, 0x52, 0xbd, 0xe4, 0x82, 0x80, 0x75, 0x6c, 0x80, 0x96, 0x65, 0x00,
  0x4f, 0x80, 0x67, 0xef, 0x77, 0x6f, 0x80, 0x92, 0x62, 0x80, 0x78, 0x6b, 0x00, 0x4f, 0x80, 0x67, 0xef, 0x88, 0x80, 0x0f,
  0x9e, 0x80, 0x16, 0x67, 0x80, 0x2e, 0x73, 0x00, 0x4f, 0x80, 0x67, 0xef, 0x80, 0x68, 0x9e, 0x80, 0x16, 0x67, 0x80, 0x2e,
  0x73, 0x00, 0x53, 0x80, 0xa3, 0x80, 0x85, 0x82, 0x80, 0xfb, 0xf4, 0x80, 0xb1, 0x2d, 0x73, 0x80, 0xa3, 0x6b, 0xfc, 0x00,
  0x44, 0x65, 0x99, 0x8a, 0xef, 0xd8, 0x64, 0x80, 0x2e, 0x87, 0x8c, 0xe5, 0x69, 0x8c, 0x64, 0x00, 0x4d, 0xbd, 0x73, 0x80,
  0x71, 0x80, 0x75, 0xaa, 0x6e, 0x67, 0x00, 0x50, 0x9a, 0x80, 0x36, 0xdb, 0x20, 0x77, 0x9a, 0x6e, 0xb2, 0x80, 0x1d, 0xc1,
  0x73, 0x80, 0xa3, 0x6b, 0xfc, 0x00, 0x4f, 0x80, 0x6c, 0x9b, 0x8b, 0x80, 0x7e, 0x80, 0x5c, 0x97, 0x80, 0x16, 0x80, 0x36,
  0xdb, 0x00, 0x50, 0x9a, 0x80, 0x36, 0xdb, 0x20, 0x8b, 0x80, 0x7e, 0x80, 0x1a, 0x00, 0x53, 0x80, 0xa3, 0x80, 0x85, 0x82,
  0x80, 0x1d, 0x8b, 0x80, 0x7e, 0x80, 0x1a, 0x00, 0x4f, 0x80, 0x67, 0xef, 0x8b, 0x80, 0x7e, 0x94, 0xf4, 0x73, 0x80, 0xa3,
  0x6b, 0xfc, 0x00, 0x50, 0x9a, 0x80, 0x36, 0xdb, 0x20, 0x66, 0xbc, 0xfb, 0x97, 0x8b, 0x80, 0x7e, 0x80, 0x1a, 0x00, 0x41,
  0x64, 0x64, 0x80, 0x2e, 0x87, 0x66, 0xbc, 0xfb, 0x97, 0x8b, 0x80, 0x7e, 0x80, 0x5c, 0x97, 0x80, 0x16, 0x80, 0x36, 0xdb,
  0x20, 0x66, 0xbc, 0xfb, 0x79, 0x00, 0x41, 0x64, 0x64, 0x80, 0x2e, 0x87, 0x80, 0x68, 0x9e, 0xa8, 0x65, 0x00, 0x43, 0x8e,
  0x27, 0x82, 0xb9, 0x73, 0x69, 0x67, 0x84, 0x8c, 0xe5, 0x65, 0x99, 0x94, 0xd8, 0x64, 0x80, 0x2e, 0x73, 0x00, 0x4e, 0xfc,
  0x80, 0xc0, 0x80, 0x12, 0xa6, 0x80, 0x09, 0x77, 0x6e, 0x00, 0x4e, 0xfc, 0x80, 0xc0, 0x80, 0x12, 0xa6, 0xb5, 0x8c, 0xab,
  0x68, 0x96, 0x9d, 0x00, 0x4e, 0xfc, 0x80, 0xc0, 0x80, 0x12, 0x80, 0x65, 0x70, 0x94, 0x80, 0xf2, 0x80, 0x77, 0xf4, 0x80,
  0x2e, 0xfc, 0x00, 0x53, 0xbb, 0x74, 0x77, 0x80, 0x87, 0x63, 0x61, 0xa8, 0x94, 0x80, 0xf2, 0x80, 0x77, 0x96, 0x85, 0x74,
  0x00, 0x43, 0xdf, 0x6e, 0x80, 0x77, 0x80, 0x2e, 0x65, 0x82, 0x62, 0x97, 0x70, 0x65, 0x83, 0x00, 0x80, 0x66, 0x80, 0xf3,
  0x66, 0x66, 0xa5, 0x80, 0xa1, 0x80, 0x05, 0x61, 0xfb, 0x96, 0x9d, 0x00, 0x53, 0x80, 0xa3, 0x80, 0x85, 0x82, 0xa6, 0x80,
  0x68, 0x80, 0xf2, 0xb6, 0x80, 0x1a, 0x00, 0x53, 0x80, 0xa3, 0x80, 0x85, 0x82, 0x80, 0x08, 0x80, 0xf2, 0xb6, 0x80, 0x1a,
  0x00, 0x43, 0x8e, 0x27, 0x82, 0x73, 0x95, 0x86, 0x61, 0x66, 0x80, 0x9f, 0x73, 0x80, 0xa3, 0x80, 0x85, 0x82, 0x73, 0x68,
  0xee, 0x80, 0x09, 0x77, 0x6e, 0x00, 0x54, 0x6f, 0xa0, 0x6d, 0x80, 0xf7, 0x80, 0xf6, 0x95, 0x80, 0x35, 0x9c, 0x63, 0x8e,
  0x27, 0x82, 0xc9, 0x80, 0x60, 0x65, 0x00, 0x43, 0xdf, 0x6e, 0x80, 0x77, 0x74, 0x80, 0x06, 0x94, 0x6f, 0xee, 0x00, 0x43,
  0xdf, 0x6e, 0x80, 0x77, 0x8c, 0x66, 0xa8, 0x80, 0x1a, 0x00, 0x54, 0x6f, 0xa0, 0x6d, 0x80, 0xf7, 0x9d, 0x76, 0x80, 0xfe,
  0x87, 0xc6, 0x80, 0x99, 0x6d, 0x62, 0x6f, 0x80, 0x60, 0x20, 0x6c, 0x8a, 0x6b, 0x73, 0x00, 0x46, 0x80, 0xd9, 0x80, 0x46,
  0x80, 0x75, 0xaa, 0x6e, 0x67, 0x00, 0x48, 0x6f, 0x80, 0xfc, 0xa6, 0x80, 0x09, 0x77, 0x6e, 0x00, 0x48, 0x6f, 0x80, 0xfc,
  0xa6, 0xb5, 0x8c, 0xab, 0x68, 0x96, 0x9d, 0x00, 0x44, 0x69, 0x80, 0x9d, 0x85, 0x97, 0x8b, 0xb7, 0x80, 0x6c, 0x79, 0x00,
  0x54, 0x6f, 0xa0, 0x6d, 0x80, 0xf7, 0x80, 0x16, 0x80, 0x35, 0x73, 0xbd, 0x00, 0x54, 0x6f, 0xa0, 0x6d, 0x80, 0xf7, 0xa8,
  0x83, 0x73, 0x00, 0x44, 0x80, 0x31, 0x63, 0x20, 0xe5, 0x6f, 0x74, 0xa1, 0x80, 0xea, 0x65, 0xe2, 0x64, 0x00, 0x53, 0x74,
  0x8d, 0x81, 0x4e, 0x46, 0x53, 0x20, 0x80, 0x4b, 0x68, 0x8e, 0x64, 0x9d, 0x00, 0x54, 0x6f, 0xa0, 0x6d, 0x80, 0xf7, 0x9d,
  0x76, 0x80, 0xfe, 0x87, 0xc6, 0x8c, 0x80, 0x41, 0x80, 0x98, 0x9e, 0x70, 0x89, 0x68, 0x00, 0x4e, 0x6f, 0x82, 0xa1, 0x99,
  0x8c, 0xbc, 0x20, 0xe2, 0x76, 0xda, 0x65, 0x00, 0x54, 0x80, 0x06, 0xa5, 0x80, 0x74, 0x69, 0x8c, 0x64, 0x00, 0x4f, 0x75,
  0x82, 0xc6, 0x99, 0x8c, 0xbc, 0x20, 0x80, 0x2e, 0x80, 0xd1, 0x80, 0x35, 0x00, 0x80, 0x66, 0x6d, 0xbd, 0x73, 0x80, 0x71,
  0xc6, 0x64, 0xbd, 0x69, 0x8c, 0x86, 0xd4, 0x65, 0x00, 0x4e, 0x6f, 0x82, 0xa1, 0x80, 0xa6, 0x6d, 0xbd, 0x73, 0xeb, 0x65,
  0x00, 0x49, 0x64, 0xcd, 0x69, 0xaf, 0xa5, 0x8c, 0x80, 0x41, 0x76, 0x80, 0x1a, 0x00, 0x44, 0x65, 0xd8, 0x80, 0x78, 0x80,
  0x12, 0x73, 0xbf, 0x75, 0xef, 0xe2, 0x74, 0xb6, 0x80, 0x1a, 0x2f, 0x80, 0x05, 0x6f, 0x69, 0xe2, 0x64, 0x00, 0x80, 0x66,
  0x8c, 0x80, 0x95, 0x86, 0x80, 0x78, 0x6b, 0x87, 0x80, 0x05, 0x61, 0xfb, 0x96, 0x9d, 0x00, 0x4e, 0x6f, 0x82, 0x6f, 0x77,
  0x6e, 0x83, 0x00, 0x80, 0x66, 0x73, 0x75, 0x80, 0x91, 0x80, 0x4b, 0x93, 0x80, 0xe8, 0x85, 0x79, 0x00, 0x80, 0x66, 0x73,
  0x75, 0x80, 0x91, 0x80, 0x16, 0x80, 0x35, 0x73, 0x00, 0xc8, 0x74, 0xb3, 0xe6, 0x74, 0x94, 0x80, 0x99, 0x80, 0xe7, 0xfd,
  0x8d, 0x6c, 0x00, 0x49, 0x2f, 0x4f, 0xcb, 0x00, 0x80, 0x66, 0x73, 0x75, 0x80, 0x91, 0xe2, 0x76, 0xda, 0x81, 0x93, 0xd8,
  0x64, 0x80, 0x2e, 0x73, 0x00, 0x41, 0x72, 0xb2, 0x6c, 0x80, 0x31, 0x82, 0x80, 0x75, 0xaa, 0x6e, 0x67, 0x00, 0x45, 0x78,
  0x92, 0x20, 0x80, 0x4a, 0x80, 0x93, 0xb3, 0x85, 0x00, 0x42, 0x80, 0x73, 0x80, 0x4b, 0x80, 0xbf, 0x83, 0x00, 0x80, 0x66,
  0xd3, 0xfb, 0x64, 0x8c, 0x6e, 0x00, 0x80, 0x66, 0x6d, 0x85, 0x81, 0x80, 0x16, 0x80, 0x35, 0x73, 0xbd, 0x00, 0x4e, 0x6f,
  0x82, 0x65, 0x88, 0x75, 0x67, 0x68, 0xfd, 0x85, 0x65, 0x00, 0x50, 0x83, 0x6d, 0x80, 0x31, 0x80, 0x6a, 0x64, 0x95, 0x69,
  0x80, 0x1a, 0x00, 0x42, 0x80, 0x73, 0xd8, 0x64, 0x80, 0x2e, 0x73, 0x00, 0x42, 0x80, 0x78, 0x80, 0x12, 0xe2, 0x76, 0xda,
  0x81, 0x8c, 0xe5, 0x69, 0x8c, 0x64, 0x00, 0x4d, 0x80, 0x81, 0x82, 0xe2, 0x76, 0xda, 0x81, 0x62, 0xa8, 0x79, 0x00, 0x46,
  0x80, 0xd9, 0x80, 0x5b, 0x73, 0x00, 0x43, 0x9a, 0x73, 0x73, 0x2d, 0xe2, 0x76, 0xda, 0x81, 0x6c, 0x8a, 0x6b, 0x00, 0x80,
  0x66, 0x73, 0x75, 0x80, 0x91, 0xe2, 0x76, 0xda, 0x65, 0x00, 0x4e, 0x6f, 0x82, 0xa1, 0x80, 0xe8, 0x85, 0x79, 0x00, 0x49,
  0x87, 0xa1, 0x80, 0xe8, 0x85, 0x79, 0x00, 0x80, 0x23, 0x80, 0x96, 0xb4, 0xcd, 0x00, 0x46, 0x80, 0xd9, 0xf2, 0x6f, 0x80,
  0x1c, 0x66, 0xaa, 0x77, 0x00, 0x54, 0x6f, 0xa0, 0x6d, 0x80, 0xf7, 0x80, 0xd5, 0xaf, 0x9d, 0x73, 0x00, 0x4e, 0x6f, 0x82,
  0xa1, 0xd4, 0x65, 0x77, 0x72, 0xbf, 0x83, 0x00, 0x54, 0xa4, 0x82, 0x80, 0x4b, 0x62, 0xa8, 0x79, 0x00, 0x46, 0x80, 0xd9,
  0x80, 0x75, 0x6c, 0x80, 0x96, 0x65, 0x00, 0x80, 0x66, 0x80, 0xa1, 0x9d, 0x66, 0x82, 0xf4, 0xe2, 0x76, 0xda, 0x65, 0x00,
  0x49, 0x6c, 0x9d, 0x67, 0xdc, 0x80, 0x4d, 0x65, 0x6b, 0x00, 0x52, 0x65, 0xd8, 0x2d, 0xdf, 0x80, 0x47, 0x80, 0x4b, 0x80,
  0x99, 0x80, 0xe7, 0x00, 0x54, 0x6f, 0xa0, 0x6d, 0x80, 0xf7, 0x6c, 0x8a, 0x6b, 0x73, 0x00, 0x42, 0x9a, 0x6b, 0x80, 0x02,
  0x70, 0x69, 0x70, 0x65, 0x00, 0x41, 0x72, 0x67, 0xb4, 0xd5, 0x80, 0x75, 0x6c, 0x80, 0x96, 0x65, 0x00, 0x52, 0xbd, 0xe4,
  0x82, 0x80, 0x75, 0x6c, 0x80, 0x96, 0x65, 0x00, 0x4f, 0x80, 0x67, 0xef, 0x77, 0x6f, 0x80, 0x92, 0x62, 0x80, 0x78, 0x6b,
  0x00, 0x4f, 0x80, 0x67, 0xef, 0x88, 0x80, 0x0f, 0x9e, 0x80, 0x16, 0x67, 0x80, 0x2e, 0x73, 0x00, 0x4f, 0x80, 0x67, 0xef,
  0x80, 0x68, 0x9e, 0x80, 0x16, 0x67, 0x80, 0x2e, 0x73, 0x00, 0x53, 0x80, 0xa3, 0x80, 0x85, 0x82, 0x80, 0xfb, 0xf4, 0x80,
  0xb1, 0x2d, 0x73, 0x80, 0xa3, 0x6b, 0xfc, 0x00, 0x44, 0x65, 0x99, 0x8a, 0xef, 0xd8, 0x64, 0x80, 0x2e, 0x87, 0x8c, 0xe5,
  0x69, 0x8c, 0x64, 0x00, 0x4d, 0xbd, 0x73, 0x80, 0x71, 0x80, 0x75, 0xaa, 0x6e, 0x67, 0x00, 0x50, 0x9a, 0x80, 0x36, 0xdb,
  0x20, 0x77, 0x9a, 0x6e, 0xb2, 0x80, 0x1d, 0xc1, 0x73, 0x80, 0xa3, 0x6b, 0xfc, 0x00, 0x4f, 0x80, 0x6c, 0x9b, 0x8b, 0x80,
  0x7e, 0x80, 0x5c, 0x97, 0x80, 0x16, 0x80, 0x36, 0xdb, 0x00, 0x50, 0x9a, 0x80, 0x36, 0xdb, 0x20, 0x8b, 0x80, 0x7e, 0x80,
  0x1a, 0x00, 0x53, 0x80, 0xa3, 0x80, 0x85, 0x82, 0x80, 0x1d, 0x8b, 0x80, 0x7e, 0x80, 0x1a, 0x00, 0x4f, 0x80, 0x67, 0xef,
  0x8b, 0x80, 0x7e, 0x94, 0xf4, 0x73, 0x80, 0xa3, 0x6b, 0xfc, 0x00, 0x50, 0x9a, 0x80, 0x36, 0xdb, 0x20, 0x66, 0xbc, 0xfb,
  0x97, 0x8b, 0x80, 0x7e, 0x80, 0x1a, 0x00, 0x41, 0x64, 0x64, 0x80, 0x2e, 0x87, 0x66, 0xbc, 0xfb, 0x97, 0x8b, 0x80, 0x7e,
  0x80, 0x5c, 0x97, 0x80, 0x16, 0x80, 0x36, 0xdb, 0x20, 0x66, 0xbc, 0xfb, 0x79, 0x00, 0x41, 0x64, 0x64, 0x80, 0x2e, 0x87,
  0x80, 0x68, 0x9e, 0xa8, 0x65, 0x00, 0x43, 0x8e, 0x27, 0x82, 0xb9, 0x73, 0x69, 0x67, 0x84, 0x8c, 0xe5, 0x65, 0x99, 0x94,
  0xd8, 0x64, 0x80, 0x2e, 0x73, 0x00, 0x4e, 0xfc, 0x80, 0xc0, 0x80, 0x12, 0xa6, 0x80, 0x09, 0x77, 0x6e, 0x00, 0x4e, 0xfc,
  0x80, 0xc0, 0x80, 0x12, 0xa6, 0xb5, 0x8c, 0xab, 0x68, 0x96, 0x9d, 0x00, 0x4e, 0xfc, 0x80, 0xc0, 0x80, 0x12, 0x80, 0x65,
  0x70, 0x94, 0x80, 0xf2, 0x80, 0x77, 0xf4, 0x80, 0x2e, 0xfc, 0x00, 0x53, 0xbb, 0x74, 0x77, 0x80, 0x87, 0x63, 0x61, 0xa8,
  0x94, 0x80, 0xf2, 0x80, 0x77, 0x96, 0x85, 0x74, 0x00, 0x43, 0xdf, 0x6e, 0x80, 0x77, 0x80, 0x2e, 0x65, 0x82, 0x62, 0x97,
  0x70, 0x65, 0x83, 0x00, 0x80, 0x66, 0x80, 0xf3, 0x66, 0x66, 0xa5, 0x80, 0xa1, 0x80, 0x05, 0x61, 0xfb, 0x96, 0x9d, 0x00,
  0x53, 0x80, 0xa3, 0x80, 0x85, 0x82, 0xa6, 0x80, 0x68, 0x80, 0xf2, 0xb6, 0x80, 0x1a, 0x00, 0x53, 0x80, 0xa3, 0x80, 0x85,
  0x82, 0x80, 0x08, 0x80, 0xf2, 0xb6, 0x80, 0x1a, 0x00, 0x43, 0x8e, 0x27, 0x82, 0x73, 0x95, 0x86, 0x61, 0x66, 0x80, 0x9f,
  0x73, 0x80, 0xa3, 0x80, 0x85, 0x82, 0x73, 0x68, 0xee, 0x80, 0x09, 0x77, 0x6e, 0x00, 0x54, 0x6f, 0xa0, 0x6d, 0x80, 0xf7,
  0x80, 0xf6, 0x95, 0x80, 0x35, 0x9c, 0x63, 0x8e, 0x27, 0x82, 0xc9, 0x80, 0x60, 0x65, 0x00, 0x43, 0xdf, 0x6e, 0x80, 0x77,
  0x74, 0x80, 0x06, 0x94, 0x6f, 0xee, 0x00, 0x43, 0xdf, 0x6e, 0x80, 0x77, 0x8c, 0x66, 0xa8, 0x80, 0x1a, 0x00, 0x54, 0x6f,
  0xa0, 0x6d, 0x80, 0xf7, 0x9d, 0x76, 0x80, 0xfe, 0x87, 0xc6, 0x80, 0x99, 0x6d, 0x62, 0x6f, 0x80, 0x60, 0x20, 0x6c, 0x8a,
  0x6b, 0x73, 0x00, 0x46, 0x80, 0xd9, 0x80, 0x46, 0x80, 0x75, 0xaa, 0x6e, 0x67, 0x00, 0x48, 0x6f, 0x80, 0xfc, 0xa6, 0x80,
  0x09, 0x77, 0x6e, 0x00, 0x48, 0x6f, 0x80, 0xfc, 0xa6, 0xb5, 0x8c, 0xab, 0x68, 0x96, 0x9d, 0x00, 0x44, 0x69, 0x80, 0x9d,
  0x85, 0x97, 0x8b, 0xb7, 0x80, 0x6c, 0x79, 0x00, 0x54, 0x6f, 0xa0, 0x6d, 0x80, 0xf7, 0x80, 0x16, 0x80, 0x35, 0x73, 0xbd,
  0x00, 0x54, 0x6f, 0xa0, 0x6d, 0x80, 0xf7, 0xa8, 0x83, 0x73, 0x00, 0x44, 0x80, 0x31, 0x63, 0x20, 0xe5, 0x6f, 0x74, 0xa1,
  0x80, 0xea, 0x65, 0xe2, 0x64, 0x00, 0x53, 0x74, 0x8d, 0x81, 0x4e, 0x46, 0x53, 0x20, 0x80, 0x4b, 0x68, 0x8e, 0x64, 0x9d,
  0x00, 0x54, 0x6f, 0xa0, 0x6d, 0x80, 0xf7, 0x9d, 0x76, 0x80, 0xfe, 0x87, 0xc6, 0x8c, 0x80, 0x41, 0x80, 0x98, 0x9e, 0x70,
  0x89, 0x68, 0x00, 0x4e, 0x6f, 0x82, 0xa1, 0x99, 0x8c, 0xbc, 0x20, 0xe2, 0x76, 0xda, 0x65, 0x00, 0x54, 0x80, 0x06, 0xa5,
  0x80, 0x74, 0x69, 0x8c, 0x64, 0x00, 0x4f, 0x75, 0x82, 0xc6, 0x99, 0x8c, 0xbc, 0x20, 0x80, 0x2e, 0x80, 0xd1, 0x80, 0x35,
  0x00, 0x80, 0x66, 0x6d, 0xbd, 0x73, 0x80, 0x71, 0xc6, 0x64, 0xbd, 0x69, 0x8c, 0x86, 0xd4, 0x65, 0x00, 0x4e, 0x6f, 0x82,
  0xa1, 0x80, 0xa6, 0x6d, 0xbd, 0x73, 0xeb, 0x65, 0x00, 0x49, 0x64, 0xcd, 0x69, 0xaf, 0xa5, 0x8c, 0x80, 0x41, 0x76, 0x80,
  0x1a, 0x00, 0x44, 0x65, 0xd8, 0x80, 0x78, 0x80, 0x12, 0x73, 0xbf, 0x75, 0xef, 0xe2, 0x74, 0xb6, 0x80, 0x1a, 0x2f, 0x80,
  0x05, 0x6f, 0x69, 0xe2, 0x64, 0x00, 0x80, 0x66, 0x8c, 0x80, 0x95, 0x86, 0x80, 0x78, 0x6b, 0x87, 0x80, 0x05, 0x61, 0xfb,
  0x96, 0x9d, 0x00, 0xac, 0x80, 0xd5, 0x80, 0x4b, 0x27, 0xa3, 0x27, 0x2e, 0x00, 0x80, 0xba, 0x6b, 0x88, 0x77, 0x84, 0xb3,
  0x93, 0x6d, 0xbd, 0x73, 0x80, 0x71, 0x25, 0xa9, 0x00, 0x80, 0x24, 0xac, 0xd8, 0x86, 0xcd, 0x72, 0x97, 0xba, 0xaa, 0x66,
  0x86, 0x80, 0x57, 0x00, 0x80, 0x24, 0xac, 0xd8, 0x86, 0xcd, 0x72, 0x97, 0xba, 0xaa, 0x68, 0x86, 0x80, 0x57, 0x00, 0x80,
  0x24, 0xac, 0xd8, 0x86, 0xcd, 0x72, 0x97, 0xba, 0x73, 0x62, 0x80, 0xa1, 0x80, 0x57, 0x00, 0x80, 0x24, 0xac, 0xd8, 0x86,
  0xcd, 0x72, 0x97, 0xba, 0xd3, 0xb5, 0x6b, 0xd8, 0x6a, 0x20, 0x80, 0x57, 0x00, 0x80, 0x24, 0xac, 0xd8, 0x86, 0xcd, 0x72,
  0x97, 0xba, 0x90, 0x80, 0x1b, 0xb2, 0x80, 0x57, 0x00, 0x80, 0x24, 0xac, 0xd8, 0x86, 0xcd, 0x72, 0x97, 0xba, 0x90, 0x63,
  0x80, 0xa1, 0x80, 0x57, 0x00, 0x80, 0x24, 0xac, 0xd8, 0x86, 0x73, 0xf9, 0x6c, 0xf5, 0x6f, 0xde, 0x80, 0x8b, 0x80, 0x36,
  0x00, 0x80, 0x24, 0xac, 0xd8, 0x86, 0x73, 0xf9, 0x6c, 0xf5, 0x6f, 0xde, 0x80, 0x8b, 0xba, 0xe2, 0x9d, 0x80, 0x98, 0x51,
  0x2e, 0x00, 0x80, 0x24, 0xac, 0xe2, 0x9d, 0x80, 0x98, 0xcd, 0x72, 0x97, 0x9e, 0xaa, 0x66, 0x86, 0x80, 0x57, 0x00, 0x80,
  0x24, 0xac, 0xe2, 0x9d, 0x80, 0x98, 0xcd, 0x72, 0x97, 0x9e, 0xaa, 0x68, 0x86, 0x80, 0x57, 0x00, 0x80, 0x24, 0xac, 0xe2,
  0x9d, 0x80, 0x98, 0xcd, 0x72, 0x97, 0x9e, 0x73, 0x62, 0x80, 0xa1, 0x80, 0x57, 0x00, 0x80, 0x24, 0xac, 0xe2, 0x9d, 0x80,
  0x98, 0xcd, 0x72, 0x97, 0x9e, 0xd3, 0xb5, 0x6b, 0xd8, 0x6a, 0x20, 0x80, 0x57, 0x00, 0x80, 0x24, 0xac, 0xe2, 0x9d, 0x80,
  0x98, 0xcd, 0x72, 0x97, 0x9e, 0x90, 0x80, 0x1b, 0x63, 0x20, 0x80, 0x57, 0x00, 0x80, 0x24, 0xac, 0xe2, 0x9d, 0x80, 0x98,
  0xcd, 0x72, 0x97, 0x9e, 0x90, 0x63, 0x80, 0xa1, 0x80, 0x57, 0x00, 0x80, 0x24, 0xac, 0x80, 0x2f, 0x86, 0xcd, 0x72, 0x97,
  0x9e, 0xaa, 0x66, 0x86, 0x80, 0x57, 0x00, 0x80, 0x24, 0xac, 0x80, 0x2f, 0x86, 0xcd, 0x72, 0x97, 0x9e, 0xaa, 0x68, 0x86,
  0x80, 0x57, 0x00, 0x80, 0x24, 0xac, 0x80, 0x2f, 0x86, 0xcd, 0x72, 0x97, 0x9e, 0x73, 0x62, 0x80, 0xa1, 0x80, 0x57, 0x00,
  0x80, 0x24, 0xac, 0x80, 0x2f, 0x86, 0xcd, 0x72, 0x97, 0x9e, 0xd3, 0xb5, 0x6b, 0xd8, 0x6a, 0x20, 0x80, 0x57, 0x00, 0x80,
  0x24, 0xac, 0x80, 0x2f, 0x86, 0xcd, 0x72, 0x97, 0x9e, 0x90, 0x80, 0x1b, 0x63, 0x20, 0x80, 0x57, 0x00, 0x80, 0x24, 0xac,
  0x80, 0x2f, 0x86, 0xcd, 0x72, 0x97, 0x9e, 0x90, 0x63, 0x80, 0xa1, 0x80, 0x57, 0x00, 0x80, 0x24, 0xac, 0xb5, 0x80, 0x78,
  0x80, 0x12, 0xf2, 0xcd, 0x72, 0x80, 0x9c, 0x00, 0x80, 0x24, 0x44, 0xe6, 0x80, 0x60, 0x80, 0x0c, 0x80, 0x85, 0x79, 0x87,
  0x8b, 0x80, 0x42, 0xbe, 0x00, 0x80, 0x24, 0x44, 0xe6, 0x80, 0x60, 0x80, 0x0c, 0xcd, 0x72, 0x97, 0x9e, 0xd3, 0xb5, 0x80,
  0x12, 0xd8, 0x6a, 0xb8, 0x2e, 0x00, 0x80, 0x24, 0xd3, 0xb5, 0x80, 0x12, 0x80, 0xae, 0x81, 0xa6, 0x80, 0x75, 0x73, 0x6d,
  0x8d, 0x6c, 0x2e, 0x00, 0x80, 0x24, 0x43, 0x68, 0xb5, 0x80, 0x12, 0x80, 0x65, 0x70, 0x94, 0x80, 0xcc, 0x73, 0x62, 0x80,
  0x51, 0xc2, 0x00, 0x80, 0x24, 0x43, 0x68, 0xb5, 0x80, 0x12, 0x8b, 0xb7, 0x80, 0x6c, 0x80, 0x9c, 0x00, 0x80, 0x24, 0xac,
  0xe2, 0x9d, 0x80, 0x98, 0x73, 0xf9, 0x6c, 0xf5, 0x6f, 0xf6, 0x2e, 0x00, 0x80, 0x24, 0xac, 0xe2, 0x9d, 0x80, 0x98, 0x53,
  0x42, 0x5f, 0x80, 0x7b, 0x48, 0x44, 0x5f, 0x53, 0x80, 0x7b, 0x54, 0x2e, 0x00, 0x80, 0x24, 0xac, 0xe2, 0x9d, 0x80, 0x98,
  0x53, 0x42, 0x5f, 0x80, 0x7b, 0x4d, 0x41, 0x50, 0x5f, 0x53, 0x80, 0x7b, 0x54, 0x2e, 0x00, 0x80, 0x24, 0xac, 0xe2, 0x9d,
  0x80, 0x98, 0x53, 0x42, 0x5f, 0x55, 0x80, 0x45, 0x52, 0x44, 0x41, 0x54, 0x41, 0x5f, 0x53, 0x80, 0x7b, 0x54, 0x2e, 0x00,
  0x80, 0x24, 0xac, 0x8c, 0x9d, 0xb9, 0x81, 0x6d, 0xb7, 0x85, 0x97, 0x80, 0xf3, 0x66, 0x80, 0x7f, 0x2e, 0x00, 0x80, 0x24,
  0x53, 0x62, 0x80, 0xa1, 0xa6, 0x66, 0xe4, 0x6c, 0x2e, 0x00, 0x80, 0x24, 0x54, 0x80, 0x29, 0xa6, 0x66, 0xe4, 0x6c, 0x2e,
  0x00, 0x80, 0x24, 0xac, 0x8a, 0x80, 0x03, 0x82, 0x53, 0x42, 0x5f, 0x80, 0x7b, 0x48, 0x44, 0x5f, 0x53, 0x80, 0x7b, 0x54,
  0x2e, 0x00, 0x80, 0x24, 0x80, 0x23, 0x80, 0xf3, 0x66, 0x66, 0xa5, 0x80, 0xae, 0xc2, 0x00, 0x80, 0x24, 0x80, 0x23, 0x80,
  0x78, 0x80, 0x12, 0x80, 0xff, 0x00, 0x80, 0x24, 0x80, 0x23, 0x73, 0x62, 0x80, 0xa1, 0x80, 0xb2, 0xc2, 0x00, 0x80, 0x24,
  0x80, 0x23, 0x80, 0x4d, 0x65, 0x80, 0x12, 0x80, 0x52, 0x73, 0xbf, 0x80, 0x17, 0x00, 0x80, 0x24, 0x80, 0x23, 0x80, 0xcf,
  0x87, 0x74, 0x80, 0x06, 0x81, 0x66, 0x80, 0x54, 0xb2, 0x80, 0x37, 0x62, 0x8a, 0x89, 0x80, 0x17, 0x00, 0x80, 0x24, 0x80,
  0x23, 0x80, 0x82, 0x95, 0x80, 0x53, 0x80, 0x6d, 0xc1, 0x80, 0x4d, 0x65, 0x6b, 0x2e, 0x00, 0x80, 0x24, 0x80, 0x23, 0x80,
  0xdd, 0xb5, 0x63, 0x80, 0x0c, 0x80, 0x6d, 0xc1, 0x80, 0xae, 0xc2, 0x00, 0x80, 0x24, 0x53, 0x80, 0x2b, 0x81, 0xc6, 0x73,
  0xf9, 0x6c, 0xf5, 0x6f, 0xde, 0x80, 0x8b, 0x93, 0x80, 0xf3, 0x66, 0x66, 0xa5, 0xa6, 0x80, 0x36, 0x6f, 0x00, 0x80, 0x24,
  0x53, 0x80, 0x2b, 0x81, 0xc6, 0x70, 0x80, 0x71, 0xa6, 0x80, 0x75, 0x62, 0x69, 0x80, 0xc2, 0x00, 0x80, 0x24, 0x80, 0x23,
  0x80, 0x9e, 0x66, 0x6c, 0xeb, 0xf7, 0x00, 0x80, 0x24, 0x80, 0x23, 0x8a, 0x74, 0x65, 0x67, 0x72, 0x80, 0x79, 0x80, 0x1d,
  0x66, 0x80, 0x54, 0xb2, 0x80, 0x37, 0x62, 0x8a, 0x89, 0x80, 0x17, 0x00, 0x80, 0x24, 0x80, 0x23, 0xaa, 0x80, 0xf5, 0xc7,
  0x80, 0x41, 0x64, 0x81, 0x80, 0x37, 0x62, 0x8a, 0x89, 0x80, 0x17, 0x00, 0x80, 0x24, 0xac, 0xcd, 0xa5, 0x63, 0x72, 0xbf,
  0xda, 0xdc, 0x73, 0xb6, 0x80, 0x17, 0x00, 0x80, 0x24, 0x73, 0x62, 0x5f, 0xaa, 0x5f, 0x80, 0xbe, 0x70, 0x5f, 0xbb, 0x66,
  0x87, 0x80, 0xec, 0x00, 0x80, 0x24, 0xb5, 0x69, 0xe5, 0x81, 0x49, 0x80, 0xc9, 0x80, 0x49, 0x80, 0xdf, 0xd3, 0x2e, 0x20,
  0x80, 0x07, 0x6c, 0xf5, 0x6f, 0xf6, 0x00, 0x80, 0x24, 0x80, 0x66, 0x6d, 0xb7, 0x85, 0x80, 0x9c, 0x00, 0x80, 0x24, 0x64,
  0x62, 0x6d, 0x5f, 0x62, 0x66, 0x67, 0xfc, 0x9c, 0xac, 0x67, 0x65, 0x82, 0xa1, 0x6d, 0xb7, 0x85, 0x97, 0x80, 0xf3, 0x66,
  0x80, 0x7f, 0x2e, 0x00, 0x80, 0x24, 0x80, 0x07, 0x6c, 0xf5, 0x6f, 0xde, 0x80, 0x8b, 0x80, 0xc8, 0x8b, 0xe3, 0x95, 0x94,
  0xc1, 0x8c, 0x61, 0xa9, 0x00, 0x80, 0x24, 0x80, 0x07, 0x6c, 0xf5, 0x6f, 0xde, 0x80, 0x8b, 0x80, 0xc8, 0x8b, 0xe3, 0x95,
  0x94, 0xc1, 0x77, 0x72, 0xbf, 0xc2, 0x00, 0x80, 0x24, 0x80, 0x66, 0x73, 0x62, 0x80, 0xa1, 0x80, 0xbf, 0xa5, 0x80, 0x21,
  0xbe, 0x00, 0x80, 0x24, 0xac, 0x80, 0xd5, 0xd3, 0xb5, 0x80, 0x12, 0xd8, 0x6a, 0x20, 0x80, 0x50, 0x74, 0xbf, 0x80, 0x17,
  0x00, 0x80, 0x24, 0xac, 0x80, 0xd5, 0x73, 0xe7, 0x74, 0x2d, 0x6c, 0x80, 0x96, 0x65, 0x2d, 0x6f, 0xde, 0x80, 0x8b, 0x68,
  0x65, 0xd8, 0x83, 0x00, 0x80, 0x24, 0xac, 0x80, 0xd5, 0x73, 0x62, 0x80, 0x51, 0xc2, 0x00, 0x80, 0x24, 0xac, 0x80, 0xd5,
  0x73, 0x62, 0x80, 0xa1, 0x64, 0xbd, 0x63, 0x80, 0x59, 0x80, 0x6c, 0x9b, 0x80, 0x50, 0x74, 0xbf, 0x80, 0x17, 0x00, 0x80,
  0x24, 0xac, 0x8c, 0x80, 0x73, 0xd3, 0xb5, 0x80, 0x12, 0xd8, 0x6a, 0xb5, 0x63, 0x82, 0xcd, 0x72, 0x80, 0x9c, 0x00, 0x80,
  0x24, 0x80, 0xd5, 0x80, 0x26, 0xfb, 0x94, 0x80, 0x93, 0x8c, 0x80, 0x73, 0xc6, 0x73, 0xe7, 0x74, 0x2d, 0x6c, 0x80, 0x96,
  0x65, 0x2d, 0x6f, 0xf6, 0x00, 0x80, 0x24, 0xac, 0x8c, 0x80, 0x73, 0x53, 0x42, 0x5f, 0x80, 0x7b, 0x4d, 0x41, 0x50, 0x5f,
  0x53, 0x80, 0x7b, 0x54, 0x2e, 0x00, 0x80, 0x24, 0xac, 0x8c, 0x80, 0x73, 0xa8, 0xa5, 0xc3, 0x61, 0x2e, 0x00, 0x80, 0x24,
  0x80, 0xb9, 0x9e, 0xa8, 0xa5, 0x80, 0xa6, 0x66, 0x8c, 0x81, 0x6c, 0x80, 0x11, 0x2e, 0x00, 0x80, 0x24, 0xac, 0xe6, 0xc3,
  0x81, 0x53, 0x42, 0x5f, 0x80, 0x7b, 0x48, 0x44, 0x5f, 0x53, 0x80, 0x7b, 0x54, 0x2e, 0x00, 0x80, 0x24, 0xac, 0xe6, 0xc3,
  0x81, 0x53, 0x42, 0x5f, 0x80, 0x7b, 0x4d, 0x41, 0x50, 0x5f, 0x53, 0x80, 0x7b, 0x54, 0x2e, 0x00, 0x80, 0x24, 0xac, 0xe6,
  0xc3, 0x81, 0xe3, 0x74, 0x80, 0x06, 0x80, 0x2b, 0xef, 0xc3, 0x61, 0x2e, 0x00, 0x80, 0x15, 0x87, 0x41, 0x72, 0xd3, 0xf8,
  0x65, 0x9c, 0xac, 0x80, 0xf3, 0xfb, 0x86, 0x70, 0x8c, 0x2d, 0x80, 0x06, 0x80, 0x71, 0x80, 0x8d, 0x80, 0x19, 0x90, 0x79,
  0x00, 0x80, 0x15, 0x87, 0x41, 0x72, 0xd3, 0xf8, 0x65, 0x9c, 0xac, 0xa4, 0x74, 0x95, 0x86, 0x70, 0x8c, 0x2d, 0x80, 0x06,
  0x80, 0x71, 0x80, 0x8d, 0x80, 0x19, 0x90, 0x79, 0x00, 0x80, 0x15, 0x87, 0x41, 0x72, 0xd3, 0xf8, 0x65, 0x9c, 0xac, 0x80,
  0x65, 0x20, 0x70, 0x8c, 0x2d, 0x80, 0x06, 0x80, 0x71, 0x80, 0x8d, 0x80, 0x19, 0x90, 0x79, 0x00, 0x80, 0x15, 0x87, 0x41,
  0x72, 0xd3, 0xf8, 0x65, 0x9c, 0xac, 0x77, 0x72, 0xbf, 0x81, 0x70, 0x8c, 0x2d, 0x80, 0x06, 0x80, 0x71, 0x70, 0x80, 0x71,
  0x80, 0x36, 0x00, 0x80, 0x15, 0x87, 0x41, 0x72, 0xd3, 0xf8, 0x65, 0x9c, 0xac, 0x8c, 0x80, 0x73, 0x70, 0x8c, 0x2d, 0x80,
  0x06, 0x80, 0x71, 0x70, 0x80, 0x71, 0x80, 0xac, 0x6d, 0x00, 0x80, 0x07, 0x42, 0x80, 0xda, 0x87, 0x41, 0x72, 0xd3, 0xf8,
  0x65, 0x9c, 0x44, 0xb0, 0xc7, 0x8c, 0x99, 0x85, 0x65, 0x80, 0x0b, 0xa1, 0x70, 0x80, 0x71, 0x77, 0x72, 0xbf, 0x81, 0x80,
  0xec, 0x00, 0x80, 0x24, 0x4e, 0x6f, 0x82, 0x80, 0x06, 0x70, 0x9d, 0x6d, 0xcd, 0xbe, 0x00, 0x80, 0x15, 0x87, 0x41, 0x72,
  0xd3, 0xf8, 0x65, 0x9c, 0x41, 0x72, 0xd3, 0x80, 0xc6, 0x80, 0x68, 0x80, 0x27, 0x80, 0xc6, 0xf4, 0x73, 0x62, 0x80, 0x51,
  0xc2, 0x00, 0x80, 0x24, 0x46, 0x8c, 0x81, 0xa4, 0x74, 0x95, 0x80, 0x6a, 0x6c, 0x80, 0x31, 0x82, 0x6f, 0x80, 0x1c, 0x66,
  0xaa, 0x77, 0x2e, 0x00, 0x80, 0x15, 0x87, 0x41, 0x72, 0xd3, 0xf8, 0x65, 0x9c, 0xac, 0xe2, 0x9d, 0x80, 0x98, 0x90, 0x80,
  0x91, 0x8c, 0x63, 0x20, 0x80, 0x57, 0x00, 0x80, 0x15, 0x87, 0x41, 0x72, 0xd3, 0xf8, 0x65, 0x9c, 0xac, 0x80, 0x9e, 0x90,
  0x80, 0x91, 0x80, 0xa1, 0x80, 0x57, 0x00, 0x80, 0x15, 0x87, 0x41, 0x72, 0xd3, 0xf8, 0x65, 0x9c, 0x80, 0xba, 0x80, 0x74,
  0xb6, 0x94, 0xa4, 0x80, 0xab, 0xcf, 0x64, 0xbf, 0x80, 0x17, 0x00, 0x80, 0x15, 0x87, 0x41, 0x72, 0xd3, 0xf8, 0x65, 0x9c,
  0x49, 0x6c, 0x9d, 0x67, 0xdc, 0x9d, 0x76, 0x65, 0x80, 0x20, 0x80, 0x84, 0xc1, 0x90, 0xd3, 0xf8, 0x8a, 0x80, 0xc2, 0x00,
  0x80, 0x24, 0xac, 0x64, 0x92, 0x8c, 0x6d, 0xd5, 0x7a, 0x83, 0xa0, 0x80, 0xf6, 0x95, 0x80, 0x53, 0x98, 0xb5, 0x80, 0xb6,
  0x00, 0x80, 0x15, 0x87, 0x41, 0x72, 0xd3, 0xf8, 0x65, 0x9c, 0x50, 0x80, 0x71, 0xa6, 0x6f, 0xee, 0x73, 0x69, 0x64, 0x81,
  0xa8, 0xa5, 0x80, 0xa6, 0x61, 0x8c, 0x61, 0x2e, 0x00, 0x80, 0x15, 0x87, 0x41, 0x72, 0xd3, 0xf8, 0x65, 0x9c, 0xfb, 0x9d,
  0x67, 0xdc, 0x80, 0x5a, 0x9a, 0x80, 0x20, 0x70, 0x80, 0x71, 0x80, 0x1d, 0x9e, 0x90, 0x63, 0x2e, 0x00, 0x80, 0x15, 0x87,
  0x41, 0x72, 0xd3, 0xf8, 0x65, 0x9c, 0x8a, 0x80, 0x00, 0x99, 0x80, 0x0c, 0x95, 0x98, 0xb5, 0xd0, 0xbe, 0x00, 0x80, 0x24,
  0x52, 0x65, 0x99, 0x85, 0x65, 0x9c, 0x45, 0x4e, 0x44, 0x5f, 0x80, 0xdc, 0x53, 0x43, 0x20, 0x8c, 0x80, 0x95, 0x86, 0x80,
  0xad, 0x86, 0x80, 0x97, 0x80, 0x2a, 0x65, 0x00, 0x80, 0x24, 0x52, 0x65, 0x99, 0x85, 0x65, 0x9c, 0x4e, 0x55, 0x4c, 0x80,
  0x6b, 0x80, 0x5a, 0x9a, 0x80, 0x20, 0x8a, 0x66, 0xa0, 0x62, 0x80, 0x78, 0x80, 0x12, 0x80, 0x6c, 0x72, 0x3b, 0x00, 0x80,
  0x24, 0x52, 0x65, 0x99, 0x85, 0x65, 0x9c, 0x53, 0x42, 0x5f, 0x41, 0x52, 0x43, 0x5f, 0x45, 0x4e, 0x44, 0x5f, 0x80, 0xdc,
  0x53, 0x43, 0x20, 0x8c, 0x80, 0x95, 0x86, 0x8b, 0x80, 0xad, 0x64, 0x00, 0x80, 0x24, 0xe3, 0x95, 0x9c, 0x8a, 0x80, 0x00,
  0x80, 0xd5, 0x66, 0x6c, 0xeb, 0x87, 0xe2, 0x74, 0xb6, 0x94, 0x89, 0x00, 0x80, 0x24, 0x8d, 0xd0, 0x9c, 0x89, 0x80, 0x8d,
  0x70, 0x82, 0xba, 0xd3, 0x8e, 0xc5, 0x70, 0x68, 0x79, 0x73, 0xda, 0x8d, 0x00, 0x80, 0x24, 0x80, 0xb5, 0x65, 0x9c, 0x80,
  0xbf, 0x80, 0xf8, 0x65, 0x99, 0x80, 0x06, 0x80, 0x0c, 0x62, 0x79, 0x74, 0xd2, 0x3c, 0x20, 0x2d, 0x31, 0x2e, 0x00, 0x80,
  0x24, 0x80, 0xb5, 0x65, 0x9c, 0x80, 0xae, 0x81, 0x6c, 0x80, 0x06, 0x80, 0xab, 0xc6, 0x73, 0xf9, 0x6c, 0x80, 0x96, 0x65,
  0x00, 0x80, 0x24, 0x80, 0xb5, 0x65, 0x9c, 0x8a, 0x80, 0x00, 0x80, 0x89, 0x80, 0x50, 0xbc, 0x65, 0xd0, 0xf7, 0x00, 0x80,
  0x24, 0xa7, 0x8a, 0x2d, 0x6d, 0xb7, 0x85, 0x97, 0x73, 0x62, 0x80, 0xa1, 0xf2, 0x80, 0x09, 0xbd, 0x6e, 0x27, 0x82, 0x80,
  0x5b, 0x2e, 0x00, 0x80, 0x24, 0x73, 0x62, 0x80, 0xa1, 0x80, 0x5b, 0x87, 0x80, 0xf3, 0x82, 0xa6, 0x80, 0x90, 0x6e, 0x74,
  0x80, 0x47, 0x80, 0x09, 0x77, 0x6e, 0x2e, 0x00, 0x80, 0x24, 0x90, 0xd3, 0x80, 0xc6, 0x80, 0x26, 0xfb, 0x94, 0xba, 0x80,
  0x9e, 0xa1, 0x6d, 0xee, 0xa4, 0x20, 0x8e, 0x64, 0x00, 0x80, 0x24, 0x62, 0x80, 0x73, 0x80, 0x8d, 0x80, 0x19, 0x80, 0xeb,
  0x80, 0x50, 0x74, 0x80, 0xe2, 0x70, 0x80, 0x71, 0x80, 0xbf, 0x83, 0x2e, 0x00, 0x80, 0x24, 0x80, 0xb5, 0x65, 0x9c, 0x80,
  0x23, 0x45, 0x78, 0x80, 0xb6, 0x20, 0x80, 0xae, 0x65, 0x00, 0x80, 0x24, 0x8d, 0xd0, 0x9c, 0x4e, 0x80, 0xe3, 0x80, 0xae,
  0x81, 0x6c, 0x80, 0x06, 0x80, 0xab, 0x3c, 0x20, 0x80, 0xbf, 0x80, 0xf8, 0x62, 0x79, 0x74, 0xd2, 0x8a, 0x00, 0x80, 0x24,
  0x80, 0x23, 0x73, 0xf9, 0x6c, 0xf5, 0x6f, 0xde, 0x80, 0x8b, 0xd8, 0x64, 0x80, 0x2e, 0x87, 0x93, 0x49, 0x44, 0x2e, 0x00,
  0x80, 0x24, 0x53, 0x62, 0x80, 0xa1, 0x80, 0x95, 0x72, 0xe6, 0x74, 0xbe, 0x00, 0x80, 0x24, 0x41, 0x72, 0xd3, 0xf8, 0xa5,
  0x80, 0xad, 0x86, 0xa1, 0x73, 0xf9, 0x6c, 0xf5, 0x6f, 0xde, 0x80, 0x8b, 0x80, 0x22, 0x61, 0x00, 0x80, 0x24, 0x80, 0xc5,
  0x62, 0x80, 0x73, 0x80, 0x6d, 0x80, 0xc8, 0xcd, 0x83, 0x94, 0xc1, 0xa7, 0x73, 0x62, 0x70, 0x80, 0x71, 0xb5, 0xbf, 0x2e,
  0x00, 0x80, 0x24, 0x80, 0xc5, 0x62, 0x80, 0x73, 0x80, 0x6d, 0x80, 0xc8, 0xcd, 0x83, 0x94, 0xc1, 0xa7, 0x80, 0x05, 0x83,
  0xeb, 0x65, 0x00, 0x80, 0x24, 0x80, 0xc5, 0x62, 0x80, 0x73, 0x4d, 0xfc, 0xa1, 0x80, 0xe1, 0xa1, 0x41, 0x8c, 0xa1, 0x80,
  0xc8, 0xcd, 0x83, 0x94, 0xc1, 0x8f, 0x65, 0x00, 0x80, 0x24, 0x41, 0x74, 0x80, 0x8d, 0x70, 0x82, 0xba, 0x80, 0xd5, 0xa1,
  0x80, 0xb1, 0x2d, 0x73, 0x62, 0x80, 0xa1, 0xf3, 0xe1, 0x73, 0x62, 0x80, 0x51, 0xc2, 0x00, 0x80, 0x24, 0xc8, 0xcf, 0x73,
  0x80, 0x11, 0xd5, 0x80, 0x7b, 0x20, 0x80, 0xbe, 0x70, 0x20, 0x80, 0xc8, 0x95, 0x98, 0xb5, 0xd0, 0xbe, 0x00, 0x80, 0x24,
  0x41, 0x84, 0x89, 0x80, 0x8d, 0x70, 0x82, 0xba, 0xd3, 0x8e, 0xc5, 0xa7, 0x73, 0x62, 0x80, 0xa1, 0x80, 0x46, 0x77, 0xb9,
  0x00, 0x80, 0x24, 0x80, 0x6f, 0x80, 0xd3, 0x80, 0x2f, 0x86, 0xe2, 0x9d, 0x80, 0x98, 0x51, 0x20, 0xc1, 0x80, 0xaa, 0x80,
  0x17, 0x00, 0x80, 0x24, 0x80, 0xba, 0x6b, 0x88, 0x77, 0x84, 0x80, 0x1c, 0x73, 0x80, 0x17, 0x00, 0x80, 0x24, 0x43, 0xdf,
  0x80, 0x1c, 0x80, 0x6a, 0x80, 0xec, 0x00, 0x80, 0x24, 0x80, 0x6f, 0x80, 0xd3, 0x80, 0x2f, 0x86, 0x73, 0x75, 0x69, 0xf2,
  0x80, 0xae, 0x81, 0xa4, 0x74, 0x80, 0xee, 0x00, 0x80, 0x24, 0x41, 0x74, 0x80, 0x8d, 0x70, 0x82, 0xba, 0x77, 0x72, 0xbf,
  0x81, 0xba, 0xa1, 0x73, 0xf9, 0x6c, 0xf5, 0x6f, 0xf6, 0x00, 0x80, 0x24, 0x43, 0xdf, 0x80, 0x1c, 0x80, 0x6a, 0x80, 0xcc,
  0xa8, 0xc7, 0x80, 0xf3, 0x66, 0x80, 0x7f, 0x87, 0xba, 0x6c, 0x69, 0x67, 0x68, 0x82, 0x49, 0x4f, 0x00, 0x80, 0x24, 0x41,
  0x74, 0x80, 0x8d, 0x70, 0x82, 0xba, 0xcf, 0x80, 0x1c, 0x82, 0x80, 0xcc, 0xa8, 0xc7, 0x6c, 0x69, 0x67, 0x68, 0x82, 0x49,
  0x4f, 0x20, 0x80, 0x36, 0x00, 0x80, 0x24, 0x41, 0x72, 0xd3, 0x80, 0xc6, 0x8b, 0x99, 0x90, 0x74, 0xbe, 0x00, 0xd7, 0x80,
  0x7b, 0x20, 0x68, 0x65, 0xd8, 0xa5, 0x70, 0x80, 0x71, 0xa6, 0xa1, 0x77, 0x9a, 0x6e, 0xb2, 0x6c, 0x95, 0x67, 0x8f, 0x20,
  0x2d, 0x20, 0x80, 0x16, 0x62, 0x96, 0x80, 0x47, 0x80, 0x95, 0x72, 0xe6, 0x74, 0xbe, 0x00, 0x80, 0x24, 0x42, 0x80, 0x73,
  0x80, 0x7b, 0x20, 0x68, 0x65, 0xd8, 0x83, 0x2e, 0x00, 0x80, 0x24, 0x42, 0x80, 0x73, 0x80, 0x7b, 0x20, 0x68, 0x65, 0xd8,
  0xa5, 0x28, 0x95, 0x98, 0xb5, 0xd0, 0x94, 0x64, 0xb0, 0xc7, 0xe2, 0x9d, 0x74, 0xca, 0x29, 0x2e, 0x00, 0x80, 0x24, 0x42,
  0x80, 0x73, 0x80, 0x7b, 0x20, 0xa4, 0x74, 0xd5, 0x80, 0xbe, 0x70, 0x2e, 0x00, 0x80, 0x24, 0x8c, 0x80, 0x1c, 0x80, 0x6a,
  0xc6, 0x73, 0x62, 0x80, 0xa1, 0x80, 0xec, 0x00, 0x80, 0x24, 0x44, 0xe6, 0x80, 0x60, 0x80, 0x0c, 0x80, 0x85, 0x97, 0x95,
  0x98, 0xb5, 0xd0, 0x94, 0x9e, 0x73, 0x62, 0x80, 0xa1, 0x80, 0xb5, 0xc2, 0x00, 0x80, 0x24, 0xd7, 0x73, 0x62, 0x80, 0xa1,
  0xa6, 0x66, 0x6c, 0xeb, 0x67, 0x94, 0xf3, 0x80, 0x65, 0x70, 0xbe, 0x00, 0x80, 0x24, 0x80, 0x65, 0x20, 0x80, 0xb7, 0x73,
  0x62, 0x80, 0xa1, 0xd3, 0xb5, 0x80, 0x12, 0xa6, 0x8d, 0x80, 0x43, 0x79, 0x00, 0x80, 0x15, 0x9c, 0x4d, 0xfc, 0x61, 0x80,
  0xa6, 0xa6, 0x66, 0xe4, 0x6c, 0x2e, 0x00, 0x80, 0x24, 0xd7, 0x90, 0xd3, 0x80, 0xc6, 0x70, 0x8c, 0x80, 0x06, 0x80, 0x71,
  0x80, 0x50, 0x74, 0x80, 0xe2, 0x80, 0x09, 0xbd, 0x6e, 0x27, 0x74, 0x00, 0x80, 0x24, 0x80, 0x66, 0x6d, 0x85, 0x81, 0x73,
  0xaa, 0x74, 0x87, 0x9e, 0x80, 0x7b, 0x20, 0x68, 0x65, 0xd8, 0xa5, 0x80, 0x50, 0x74, 0xbf, 0x80, 0x17, 0x00, 0x80, 0x24,
  0x80, 0x7b, 0x20, 0x80, 0x08, 0xe3, 0x95, 0x94, 0xc1, 0x62, 0x79, 0x80, 0x98, 0x80, 0x04, 0xc5, 0x80, 0x78, 0x6b, 0x8a,
  0x80, 0xc2, 0x00, 0x80, 0x24, 0x80, 0x23, 0x80, 0x04, 0xc5, 0x80, 0xae, 0x81, 0x9e, 0x62, 0x79, 0x80, 0x98, 0x80, 0x04,
  0x67, 0x65, 0x00, 0x80, 0x24, 0x80, 0x23, 0xbb, 0x66, 0x80, 0x4d, 0x82, 0x9e, 0x62, 0x79, 0x80, 0x98, 0x80, 0x04, 0xc5,
  0x80, 0x78, 0x80, 0x12, 0x2f, 0x20, 0xb5, 0x80, 0x78, 0x6b, 0x00, 0x80, 0x24, 0x46, 0x61, 0xfb, 0x94, 0xba, 0x80, 0x9e,
  0xcf, 0x64, 0x80, 0xe2, 0x80, 0xb3, 0x80, 0x29, 0x8a, 0x00, 0x80, 0x24, 0x46, 0x61, 0xfb, 0x94, 0xba, 0x80, 0x9e, 0xd3,
  0xb5, 0x80, 0x12, 0x62, 0x80, 0xc7, 0x73, 0x6f, 0x6d, 0x65, 0xdf, 0x81, 0x80, 0xfe, 0x80, 0x4d, 0x00, 0x80, 0x24, 0x4d,
  0xfc, 0x61, 0x80, 0xa6, 0x61, 0x8c, 0xa1, 0x80, 0x3c, 0xd3, 0xb5, 0x80, 0x12, 0x80, 0x5a, 0x80, 0x6e, 0x87, 0xc3, 0x61,
  0x2e, 0x00, 0x80, 0x24, 0x80, 0x23, 0x80, 0x78, 0x80, 0x12, 0x80, 0x1d, 0xc1, 0x80, 0x78, 0x80, 0x12, 0x6d, 0x83, 0x67,
  0xc2, 0x00, 0x80, 0x24, 0x44, 0xb0, 0xc7, 0xa7, 0x80, 0x1b, 0xef, 0x80, 0xb7, 0x73, 0x62, 0x80, 0x51, 0x65, 0x80, 0x0b,
  0xa7, 0x64, 0xbd, 0x63, 0x00, 0x80, 0x24, 0x44, 0xb0, 0xc7, 0x80, 0x1b, 0xef, 0x80, 0xb7, 0x73, 0x62, 0x80, 0x51, 0x65,
  0x80, 0x0b, 0xa7, 0x73, 0x62, 0x80, 0x51, 0x65, 0x00, 0x80, 0x24, 0xac, 0x8a, 0xbf, 0x69, 0x8d, 0x80, 0x2b, 0x81, 0xa7,
  0x73, 0xe7, 0x74, 0x2d, 0x6c, 0x80, 0x96, 0x65, 0x2d, 0x6f, 0xf6, 0x00, 0x80, 0x24, 0x73, 0xe7, 0x74, 0x2d, 0x6c, 0x80,
  0x96, 0x65, 0x2d, 0x6f, 0xde, 0x80, 0x8b, 0x80, 0xa1, 0xa6, 0xb1, 0x69, 0xa9, 0x00, 0x80, 0x24, 0x73, 0x62, 0x80, 0xa1,
  0x80, 0x49, 0x80, 0x5b, 0x2e, 0x00, 0x80, 0x24, 0x41, 0x74, 0x80, 0x8d, 0x70, 0x82, 0xba, 0x80, 0xd5, 0xe1, 0x80, 0x7b,
  0x20, 0x80, 0x22, 0x6c, 0x69, 0x67, 0x68, 0x82, 0x49, 0x2f, 0x4f, 0x20, 0x8e, 0x64, 0x00, 0x80, 0x24, 0x73, 0x62, 0x80,
  0xa1, 0x80, 0x08, 0x66, 0xe4, 0x80, 0x47, 0x8c, 0x98, 0x80, 0x1c, 0xbe, 0x00, 0x80, 0x24, 0x80, 0x23, 0x73, 0x62, 0x80,
  0xa1, 0x80, 0xbf, 0x83, 0x2e, 0x00, 0x80, 0x24, 0x80, 0x23, 0xd3, 0xb5, 0x80, 0x12, 0x80, 0xbf, 0x83, 0x2e, 0x00, 0x80,
  0x24, 0x53, 0x6f, 0x6d, 0x81, 0x80, 0xa1, 0xa6, 0x80, 0x2c, 0x63, 0x89, 0xbe, 0x00, 0x47, 0x95, 0x83, 0xdc, 0x54, 0x80,
  0x29, 0x4d, 0x8e, 0xeb, 0x83, 0x9c, 0x80, 0x66, 0x6d, 0x76, 0x80, 0x85, 0x97, 0x66, 0x80, 0x7d, 0x80, 0x16, 0x80, 0xa7,
  0x64, 0xbe, 0x00, 0x80, 0x24, 0x4e, 0xf4, 0x7a, 0x83, 0xa0, 0x80, 0xf6, 0x95, 0x80, 0x53, 0x98, 0xb5, 0x80, 0xb6, 0x00,
  0x80, 0x24, 0x4e, 0xf4, 0x7a, 0x83, 0xa0, 0x80, 0xd5, 0x98, 0xb5, 0x80, 0xb6, 0x00, 0x80, 0x24, 0xac, 0xd8, 0x86, 0x80,
  0x7b, 0x20, 0xba, 0xe2, 0x9d, 0x80, 0x98, 0xb5, 0x64, 0xa0, 0xe5, 0x65, 0x75, 0xc2, 0x00, 0x52, 0x53, 0xd6, 0xd1, 0x4c,
  0xdf, 0xb2, 0x80, 0xaa, 0x9b, 0xe2, 0x74, 0xb6, 0xbe, 0x00, 0x80, 0x24, 0x80, 0x66, 0x66, 0x8c, 0x81, 0xea, 0x73, 0x80,
  0x12, 0x80, 0xa1, 0xc1, 0x90, 0xd3, 0x80, 0xc6, 0x70, 0x8c, 0x80, 0x06, 0xeb, 0x65, 0x00, 0x80, 0x24, 0x80, 0x7b, 0x20,
  0x68, 0x65, 0xd8, 0xa5, 0xf2, 0x9e, 0x6d, 0xb7, 0x85, 0x97, 0xa6, 0x80, 0x95, 0x72, 0xe6, 0x74, 0x00, 0x80, 0x24, 0x80,
  0x23, 0x80, 0x1f, 0xc6, 0xa1, 0x80, 0x8d, 0x80, 0x19, 0x80, 0xeb, 0x73, 0xf9, 0x6c, 0xf5, 0x6f, 0xde, 0x80, 0x8b, 0x80,
  0x51, 0x65, 0x00, 0x80, 0x24, 0x4c, 0xbb, 0x86, 0xa6, 0xa1, 0x8c, 0x80, 0x41, 0x80, 0x98, 0x6f, 0xde, 0x80, 0x8b, 0x2d,
  0x20, 0x80, 0xa5, 0xa6, 0xa1, 0x77, 0x90, 0x6e, 0xc7, 0x6d, 0xbd, 0x73, 0x80, 0x71, 0xdf, 0x6c, 0x79, 0x00, 0x80, 0x24,
  0xc8, 0x80, 0x55, 0x8d, 0xd1, 0x63, 0x8e, 0x27, 0x82, 0x80, 0x2f, 0x86, 0xa7, 0x53, 0x43, 0x42, 0x20, 0xc1, 0xa7, 0x80,
  0xaa, 0xca, 0x00, 0x80, 0x24, 0xa7, 0x80, 0x4b, 0x64, 0xbd, 0x63, 0x80, 0x59, 0x80, 0x6c, 0x93, 0xf2, 0xc1, 0x73, 0xf9,
  0x6c, 0xf5, 0x6f, 0xf6, 0x87, 0xa6, 0x66, 0xe4, 0x6c, 0x00, 0x80, 0x24, 0xa7, 0x80, 0x4b, 0x64, 0xbd, 0x63, 0x80, 0x59,
  0x80, 0x6c, 0x93, 0xf2, 0x9e, 0x73, 0xf9, 0x6c, 0xf5, 0x6f, 0xf6, 0x87, 0x80, 0x95, 0x72, 0xe6, 0x74, 0x00, 0x80, 0x24,
  0x80, 0x50, 0x8d, 0x9d, 0x80, 0x20, 0x8f, 0x8c, 0x80, 0x73, 0x9e, 0x73, 0xfe, 0x80, 0xaa, 0x9b, 0xd3, 0x8e, 0x67, 0x94,
  0x80, 0x4b, 0x64, 0xbd, 0x63, 0x80, 0x59, 0x80, 0x6c, 0x85, 0x00, 0x80, 0x24, 0x80, 0x7b, 0x5f, 0x80, 0x7b, 0x47, 0x4d,
  0x45, 0x54, 0x41, 0x44, 0x41, 0x54, 0x80, 0xc5, 0x66, 0x80, 0x54, 0xb2, 0x80, 0x4d, 0x82, 0xfa, 0x80, 0xa4, 0x82, 0x80,
  0x7b, 0x5f, 0x4e, 0x4f, 0x42, 0x55, 0x46, 0x46, 0x45, 0x52, 0x00, 0x80, 0x24, 0x73, 0xf9, 0x6c, 0xf5, 0x6f, 0xde, 0x80,
  0x8b, 0x80, 0xa1, 0x80, 0x84, 0x9e, 0xdf, 0xcf, 0xaf, 0xb2, 0xa6, 0x80, 0x8d, 0x80, 0x19, 0x90, 0x79, 0x00, 0x43, 0x68,
  0x8e, 0x67, 0x94, 0x80, 0xe1, 0xa1, 0x43, 0x61, 0x80, 0x6c, 0x75, 0x8c, 0x9c, 0x47, 0x95, 0x83, 0xda, 0x20, 0x52, 0x65,
  0x80, 0x73, 0x80, 0x8a, 0x80, 0xfa, 0x00, 0x43, 0x68, 0x8e, 0x67, 0x94, 0x80, 0xe1, 0xa1, 0x43, 0x61, 0x80, 0x6c, 0x75,
  0x8c, 0x9c, 0xd7, 0x89, 0x80, 0x8d, 0x80, 0x6c, 0x94, 0x80, 0xfb, 0x80, 0x08, 0x80, 0x7e, 0xbe, 0x00, 0x43, 0x68, 0x8e,
  0x67, 0x94, 0x80, 0xe1, 0xa1, 0x43, 0x61, 0x80, 0x6c, 0x75, 0x8c, 0x9c, 0xd7, 0x43, 0x44, 0x43, 0x20, 0x73, 0xbd, 0x80,
  0x6a, 0x80, 0x88, 0x63, 0xaa, 0x73, 0xbe, 0x00, 0x43, 0x68, 0x8e, 0x67, 0x94, 0x80, 0xe1, 0xa1, 0x43, 0x61, 0x80, 0x6c,
  0x75, 0x8c, 0x9c, 0x52, 0x65, 0x80, 0x73, 0x80, 0xae, 0x81, 0x73, 0x6d, 0x8d, 0x6c, 0xa5, 0x8f, 0xe1, 0x6d, 0x8a, 0x80,
  0x06, 0xb4, 0x20, 0x80, 0x42, 0xbe, 0x00, 0x43, 0x68, 0x8e, 0x67, 0x94, 0x80, 0xe1, 0xa1, 0x43, 0x61, 0x80, 0x6c, 0x75,
  0x8c, 0x9c, 0x4f, 0xde, 0x80, 0x8b, 0x9e, 0x8a, 0x80, 0x95, 0x8c, 0x63, 0x82, 0x99, 0x80, 0x0c, 0xc1, 0x89, 0x80, 0x8d,
  0x80, 0x6c, 0x94, 0x80, 0x8f, 0x89, 0x80, 0x17, 0x00, 0x43, 0x68, 0x8e, 0x67, 0x94, 0x80, 0xe1, 0xa1, 0x43, 0x61, 0x80,
  0x6c, 0x75, 0x8c, 0x9c, 0x4d, 0xb7, 0x85, 0x97, 0x80, 0x95, 0x72, 0xe6, 0x74, 0x9b, 0xe2, 0x74, 0xb6, 0xbe, 0x00, 0x80,
  0x24, 0x50, 0x9a, 0x80, 0x35, 0x73, 0xc7, 0x80, 0x26, 0xfb, 0x80, 0x5c, 0x80, 0xc7, 0xc6, 0xe1, 0x8a, 0xb1, 0x69, 0x64,
  0x00, 0xa3, 0x9c, 0x80, 0x23, 0x80, 0x03, 0x69, 0xdc, 0x80, 0xbf, 0xa5, 0x8e, 0x64, 0x2f, 0x93, 0x80, 0x85, 0x80, 0x9c,
  0x00, 0xa3, 0x9c, 0xac, 0x80, 0xd5, 0x80, 0x4b, 0xd9, 0x20, 0x80, 0xa0, 0x80, 0x16, 0x62, 0x96, 0x80, 0x47, 0x8b, 0x9e,
  0x80, 0x90, 0x6e, 0x82, 0x80, 0xe8, 0x85, 0x80, 0x9c, 0x00, 0xa3, 0x9c, 0x4c, 0x80, 0xa3, 0xef, 0x25, 0x80, 0xc9, 0xa6,
  0x8a, 0x80, 0x95, 0x8c, 0x63, 0x82, 0xc1, 0xa3, 0x00, 0xa3, 0x9c, 0x80, 0xa0, 0x80, 0x68, 0x62, 0x80, 0x04, 0x64, 0xbe,
  0x00, 0xa3, 0x9c, 0x49, 0x64, 0xcd, 0x69, 0xaf, 0xa5, 0x80, 0x3a, 0xc7, 0x6d, 0xe4, 0x74, 0x69, 0x70, 0x80, 0x47, 0x80,
  0xad, 0x86, 0x9e, 0xa3, 0x00, 0xa3, 0x9c, 0x53, 0x83, 0x69, 0xdc, 0x80, 0xbf, 0xa5, 0xa6, 0x77, 0x9a, 0x6e, 0xb2, 0x6c,
  0x95, 0x67, 0x8f, 0x20, 0x9e, 0xa3, 0x00, 0xa3, 0x9c, 0xac, 0x80, 0xd5, 0xa3, 0x00, 0x80, 0xb9, 0x52, 0x65, 0xd8, 0xc7,
  0x80, 0xcc, 0x46, 0x80, 0x4e, 0x00, 0x80, 0xb9, 0x57, 0x72, 0xbf, 0xc7, 0xba, 0x46, 0x80, 0x4e, 0x00, 0x8a, 0x66, 0x67,
  0x95, 0x9c, 0x80, 0x23, 0x53, 0x51, 0x80, 0x6b, 0x80, 0x03, 0x69, 0xdc, 0x80, 0xbf, 0x83, 0x00, 0xa3, 0x9c, 0xac, 0x80,
  0x9e, 0x99, 0x8c, 0xbc, 0x20, 0xc1, 0xa3, 0x00, 0xa3, 0x9c, 0x49, 0x64, 0xcd, 0x69, 0x80, 0xca, 0x80, 0x3a, 0xc7, 0x8b,
  0x80, 0xad, 0x86, 0x9e, 0xa3, 0x00, 0xa3, 0x9c, 0x57, 0x90, 0x6e, 0x8a, 0x67, 0x9c, 0x80, 0x3a, 0xc7, 0x80, 0xad, 0x86,
  0x25, 0x86, 0x74, 0x80, 0x06, 0xd2, 0x9e, 0x80, 0xd0, 0x00, 0xac, 0x80, 0xd5, 0x22, 0xa3, 0x22, 0x3b, 0x20, 0x80, 0x99,
  0x80, 0xe7, 0xc0, 0x93, 0x25, 0xa9, 0x00, 0x80, 0xba, 0x80, 0x74, 0xb6, 0x94, 0x45, 0x4f, 0x46, 0x20, 0xf4, 0x22, 0xa3,
  0x22, 0x2e, 0x00, 0x73, 0x75, 0x62, 0x73, 0x75, 0x66, 0xaf, 0x78, 0x20, 0x80, 0x3a, 0xc7, 0x80, 0xc8, 0x8b, 0x66, 0xe4,
  0x80, 0x47, 0x80, 0x16, 0x80, 0x35, 0x73, 0x94, 0x22, 0xa3, 0x22, 0x2e, 0x00, 0x0a, 0xa3, 0x9c, 0xa8, 0xeb, 0x65, 0x9c,
  0x80, 0xa0, 0x5b, 0x2d, 0x70, 0x5d, 0x20, 0x5b, 0x2d, 0x87, 0x80, 0x03, 0x69, 0x8d, 0x6e, 0xb4, 0x20, 0x80, 0x85, 0x79,
  0x5d, 0x20, 0xaf, 0x9d, 0x31, 0x20, 0xaf, 0x9d, 0x32, 0x20, 0x2e, 0x2e, 0x2e, 0x00, 0xa3, 0x9c, 0x49, 0x64, 0xcd, 0x69,
  0xaf, 0xa5, 0x80, 0x3a, 0xc7, 0x80, 0xad, 0x86, 0x80, 0x93, 0x25, 0x80, 0xc9, 0x9e, 0xa3, 0x00, 0x0a, 0xa8, 0xeb, 0x65,
  0x9c, 0x80, 0xa0, 0x80, 0x03, 0x69, 0x8d, 0x6e, 0xb4, 0x20, 0x80, 0x85, 0x79, 0x00, 0x0a, 0xd7, 0x2d, 0x80, 0x20, 0x66,
  0x80, 0x54, 0xb2, 0x80, 0x56, 0x8b, 0x80, 0x97, 0x80, 0x02, 0x80, 0x06, 0x70, 0x9d, 0x6d, 0xcd, 0xbe, 0x20, 0x53, 0x85,
  0x72, 0x79, 0x21, 0x00, 0x0a, 0xa3, 0x9c, 0xa8, 0xeb, 0x65, 0x9c, 0x80, 0xa0, 0xaf, 0x9d, 0x31, 0x20, 0xaf, 0x9d, 0x32,
  0x20, 0x2e, 0x2e, 0x2e, 0x00, 0xa8, 0xeb, 0x65, 0x9c, 0x7b, 0x20, 0x80, 0xa0, 0x5b, 0x2d, 0x70, 0x5d, 0x20, 0x5b, 0x2d,
  0x87, 0x80, 0x03, 0x69, 0x8d, 0x6e, 0xb4, 0x20, 0x80, 0x85, 0x79, 0x5d, 0x20, 0x80, 0x4b, 0x2e, 0x2e, 0x2e, 0x20, 0x7c,
  0x20, 0x0a, 0x80, 0x72, 0x80, 0x72, 0x80, 0x72, 0x80, 0x72, 0x20, 0x80, 0xa0, 0x7b, 0x20, 0x2d, 0x72, 0x20, 0x44, 0x54,
  0x5f, 0x52, 0x50, 0x41, 0x54, 0x48, 0x20, 0x7c, 0x20, 0x2d, 0x82, 0x7d, 0x20, 0x80, 0x4b, 0x7d, 0x00, 0xa3, 0x9c, 0xd7,
  0x80, 0x4b, 0x80, 0xa0, 0xa6, 0x65, 0x69, 0x8f, 0xa5, 0x8b, 0xa1, 0x4c, 0x8a, 0x75, 0x78, 0x20, 0x45, 0x4c, 0x46, 0x20,
  0xaf, 0x9d, 0x80, 0x0b, 0x93, 0xa7, 0x45, 0x4c, 0x46, 0x20, 0x68, 0x65, 0xd8, 0xa5, 0xa6, 0x80, 0x95, 0x72, 0xe6, 0x80,
  0xb6, 0x0a, 0x52, 0x83, 0x75, 0x84, 0xa7, 0x80, 0x37, 0x6d, 0x80, 0x3f, 0x80, 0x3f, 0xff, 0x80, 0xca, 0xe1, 0x45, 0x4c,
  0x46, 0x20, 0xaf, 0x80, 0x01, 0x00, 0xa3, 0x9c, 0xd7, 0x45, 0x4c, 0x46, 0x20, 0x80, 0x4b, 0x80, 0xa0, 0x80, 0x49, 0x80,
  0x5a, 0x61, 0x80, 0xd6, 0x44, 0x54, 0x5f, 0x52, 0x50, 0x41, 0x54, 0x48, 0x20, 0x74, 0xeb, 0x2e, 0x20, 0x59, 0x80, 0xa4,
  0xfd, 0x9f, 0xd8, 0x86, 0x80, 0xa5, 0x74, 0xeb, 0x2e, 0x00, 0xa3, 0x9c, 0xac, 0xd3, 0x8e, 0xc5, 0xa7, 0x44, 0x54, 0x5f,
  0x52, 0x50, 0x41, 0x54, 0x48, 0x20, 0x74, 0x61, 0xb2, 0x9e, 0x80, 0xa0, 0xba, 0xa7, 0x80, 0x84, 0x80, 0x13, 0xc2, 0x20,
  0x53, 0x70, 0xf1, 0x80, 0xca, 0xa1, 0x6e, 0x65, 0x77, 0x0a, 0x80, 0x6d, 0x8f, 0x80, 0x93, 0xa6, 0x73, 0x68, 0x85, 0x80,
  0x9f, 0x8f, 0xe1, 0xa7, 0x80, 0x5b, 0xc7, 0x80, 0x13, 0xc2, 0x00, 
};

typedef struct { int32_t code; uint32_t offset; } ifx_code_entry_t;

/* Sorted ascending by `code` -- ifx_errmsg_get() binary-searches this. */
const ifx_code_entry_t ifx_code_table[3412] = {
  {-80507, 72810},
  {-80506, 72786},
  {-80505, 72756},
  {-80504, 72725},
  {-80503, 72703},
  {-80502, 72684},
  {-80501, 72670},
  {-80500, 72657},
  {-80303, 74366},
  {-80302, 74342},
  {-80301, 74324},
  {-80300, 74302},
  {-80299, 74281},
  {-80298, 74258},
  {-80297, 74240},
  {-80296, 74221},
  {-80295, 74203},
  {-80294, 74175},
  {-80293, 74158},
  {-80292, 74130},
  {-80291, 74105},
  {-80290, 74071},
  {-80284, 74047},
  {-80283, 74021},
  {-80282, 73992},
  {-80281, 73980},
  {-80270, 73947},
  {-80269, 73915},
  {-80268, 73894},
  {-80267, 73834},
  {-80266, 73824},
  {-80265, 73808},
  {-80264, 73793},
  {-80263, 73778},
  {-80262, 73768},
  {-80261, 73751},
  {-80260, 73725},
  {-80259, 73680},
  {-80258, 73646},
  {-80257, 73571},
  {-80256, 73528},
  {-80255, 73352},
  {-80254, 73299},
  {-80253, 73272},
  {-80252, 73253},
  {-80251, 73235},
  {-80040, 73225},
  {-80039, 73215},
  {-80038, 73211},
  {-80037, 73205},
  {-80036, 73199},
  {-80035, 73195},
  {-80034, 73185},
  {-80033, 73168},
  {-80032, 73154},
  {-80031, 73150},
  {-80030, 73141},
  {-80029, 73130},
  {-80028, 73121},
  {-80027, 73114},
  {-80026, 73105},
  {-80025, 73099},
  {-80024, 73094},
  {-80023, 73087},
  {-80022, 73080},
  {-80021, 73075},
  {-80020, 73070},
  {-80019, 73063},
  {-80018, 73056},
  {-80017, 73050},
  {-80016, 73040},
  {-80015, 73034},
  {-80014, 73025},
  {-80013, 73019},
  {-80012, 73013},
  {-80011, 73008},
  {-80010, 73003},
  {-80009, 72996},
  {-80008, 72992},
  {-80007, 72982},
  {-80006, 72963},
  {-80005, 72953},
  {-80004, 72945},
  {-80003, 72936},
  {-80002, 72914},
  {-80001, 72892},
  {-80000, 72871},
  {-79999, 72629},
  {-79898, 72611},
  {-79897, 72595},
  {-79896, 72566},
  {-79895, 72534},
  {-79894, 72505},
  {-79893, 72483},
  {-79892, 72435},
  {-79891, 72405},
  {-79890, 72348},
  {-79889, 72280},
  {-79888, 72241},
  {-79887, 72229},
  {-79886, 72192},
  {-79885, 72177},
  {-79884, 72126},
  {-79883, 72087},
  {-79882, 72068},
  {-79881, 72040},
  {-79880, 72016},
  {-79879, 71977},
  {-79878, 71928},
  {-79877, 71899},
  {-79869, 71879},
  {-79868, 71857},
  {-79865, 71842},
  {-79864, 71819},
  {-79863, 71788},
  {-79862, 71775},
  {-79861, 71745},
  {-79860, 71695},
  {-79859, 71680},
  {-79858, 71657},
  {-79857, 71646},
  {-79856, 71625},
  {-79855, 71602},
  {-79854, 71561},
  {-79853, 71523},
  {-79852, 71488},
  {-79851, 71461},
  {-79850, 71432},
  {-79849, 71404},
  {-79848, 71374},
  {-79847, 71352},
  {-79846, 71341},
  {-79845, 71314},
  {-79844, 71277},
  {-79843, 71242},
  {-79842, 71215},
  {-79841, 71178},
  {-79840, 71151},
  {-79839, 71122},
  {-79838, 71088},
  {-79837, 71052},
  {-79836, 71034},
  {-79835, 71014},
  {-79834, 70983},
  {-79833, 70940},
  {-79832, 70902},
  {-79831, 70856},
  {-79830, 70812},
  {-79829, 70781},
  {-79828, 70754},
  {-79827, 70711},
  {-79826, 70666},
  {-79825, 70647},
  {-79824, 70627},
  {-79823, 70608},
  {-79822, 70585},
  {-79821, 70568},
  {-79820, 70547},
  {-79819, 70506},
  {-79818, 70469},
  {-79817, 70438},
  {-79816, 70426},
  {-79815, 70384},
  {-79814, 70357},
  {-79813, 70322},
  {-79812, 70298},
  {-79811, 70275},
  {-79810, 70241},
  {-79809, 70202},
  {-79808, 70163},
  {-79807, 70124},
  {-79806, 70086},
  {-79805, 70041},
  {-79804, 70001},
  {-79803, 69958},
  {-79802, 69921},
  {-79801, 69889},
  {-79800, 69850},
  {-79799, 69810},
  {-79798, 69761},
  {-79797, 69718},
  {-79796, 69692},
  {-79795, 69654},
  {-79794, 69617},
  {-79793, 69584},
  {-79792, 69570},
  {-79791, 69543},
  {-79790, 69524},
  {-79789, 69471},
  {-79788, 69449},
  {-79787, 69410},
  {-79786, 69369},
  {-79785, 69326},
  {-79784, 69316},
  {-79783, 69299},
  {-79782, 69280},
  {-79781, 69263},
  {-79780, 69228},
  {-79779, 69192},
  {-79778, 69153},
  {-79777, 69109},
  {-79776, 69078},
  {-79775, 69024},
  {-79774, 69010},
  {-79773, 69002},
  {-79772, 68945},
  {-79771, 68933},
  {-79770, 68898},
  {-79769, 68867},
  {-79768, 68855},
  {-79767, 68825},
  {-79766, 68807},
  {-79765, 68752},
  {-79764, 68737},
  {-79763, 68712},
  {-79762, 68687},
  {-79761, 68675},
  {-79760, 68667},
  {-79759, 68657},
  {-79758, 68638},
  {-79757, 68624},
  {-79756, 68610},
  {-79755, 68601},
  {-79754, 68592},
  {-79753, 68579},
  {-79752, 68564},
  {-79751, 68538},
  {-79750, 68524},
  {-79749, 68494},
  {-79748, 68480},
  {-79747, 68465},
  {-79746, 68441},
  {-79745, 68424},
  {-79744, 68413},
  {-79743, 68393},
  {-79742, 68381},
  {-79741, 68370},
  {-79740, 68362},
  {-79739, 68353},
  {-79738, 68341},
  {-79737, 68333},
  {-79736, 68313},
  {-79735, 68296},
  {-79734, 68272},
  {-79733, 68261},
  {-79732, 68248},
  {-79731, 68232},
  {-79730, 68216},
  {-79729, 68199},
  {-79728, 68186},
  {-79727, 68171},
  {-79726, 68159},
  {-79725, 68142},
  {-79724, 68127},
  {-79723, 68106},
  {-79722, 68087},
  {-79721, 68076},
  {-79720, 68060},
  {-79719, 68048},
  {-79718, 68035},
  {-79717, 68023},
  {-79716, 68011},
  {-79715, 68003},
  {-79714, 67994},
  {-79713, 67978},
  {-79712, 67963},
  {-79711, 67952},
  {-79710, 67926},
  {-79709, 67915},
  {-79708, 67899},
  {-79707, 67891},
  {-79706, 67881},
  {-79705, 67867},
  {-79704, 67855},
  {-79703, 67837},
  {-79702, 67825},
  {-79701, 67816},
  {-79700, 67805},
  {-32028, 66244},
  {-32027, 66205},
  {-32026, 66192},
  {-32025, 66156},
  {-32024, 66088},
  {-32023, 66017},
  {-32022, 65943},
  {-32021, 65894},
  {-32020, 65858},
  {-32019, 65811},
  {-32018, 65768},
  {-32017, 65736},
  {-32016, 65689},
  {-32015, 65631},
  {-32014, 65574},
  {-32013, 65506},
  {-32012, 65436},
  {-32011, 65366},
  {-32010, 65285},
  {-32009, 65205},
  {-32007, 65143},
  {-32006, 65076},
  {-32005, 65005},
  {-32004, 64922},
  {-32003, 64830},
  {-32002, 64757},
  {-32001, 64691},
  {-32000, 64630},
  {-26993, 58525},
  {-26992, 58500},
  {-26991, 58458},
  {-26977, 58428},
  {-26976, 58386},
  {-26975, 58342},
  {-26974, 58309},
  {-26973, 58284},
  {-26972, 58271},
  {-26971, 58252},
  {-26970, 58219},
  {-26969, 58186},
  {-26968, 58165},
  {-26967, 58141},
  {-26966, 58112},
  {-26965, 58080},
  {-26964, 58061},
  {-26963, 58042},
  {-26962, 58017},
  {-26961, 57997},
  {-26960, 57970},
  {-26959, 57951},
  {-26958, 57930},
  {-26957, 57908},
  {-26956, 57838},
  {-26955, 57796},
  {-26954, 57758},
  {-26953, 57743},
  {-26952, 57717},
  {-26951, 57678},
  {-26950, 57656},
  {-26917, 57612},
  {-26916, 57559},
  {-26915, 57497},
  {-26914, 57447},
  {-26913, 57414},
  {-26912, 57380},
  {-26911, 57333},
  {-26910, 57302},
  {-26908, 57188},
  {-26907, 57147},
  {-26905, 57106},
  {-26904, 57065},
  {-26903, 57016},
  {-26902, 56985},
  {-26901, 56964},
  {-26816, 56929},
  {-26815, 56898},
  {-26814, 56859},
  {-26813, 56821},
  {-26812, 56798},
  {-26811, 56776},
  {-26802, 56707},
  {-26801, 56680},
  {-26736, 56733},
  {-26735, 56673},
  {-26734, 56564},
  {-26733, 56519},
  {-26732, 56449},
  {-26731, 56407},
  {-26730, 56369},
  {-26729, 56331},
  {-26728, 56293},
  {-26727, 56256},
  {-26726, 56184},
  {-26725, 56115},
  {-26724, 56038},
  {-26723, 55965},
  {-26722, 55895},
  {-26721, 55820},
  {-26720, 55784},
  {-26719, 55754},
  {-26718, 55684},
  {-26717, 55610},
  {-26716, 55559},
  {-26715, 55522},
  {-26714, 55446},
  {-26713, 55416},
  {-26712, 55393},
  {-26711, 55378},
  {-26710, 55321},
  {-26709, 55266},
  {-26708, 55201},
  {-26707, 55168},
  {-26706, 55106},
  {-26705, 55054},
  {-26704, 54998},
  {-26703, 54964},
  {-26702, 54929},
  {-26701, 54909},
  {-26700, 54899},
  {-26601, 56640},
  {-26600, 56604},
  {-26565, 54842},
  {-26564, 54808},
  {-26563, 54760},
  {-26561, 54739},
  {-26560, 54720},
  {-26559, 54700},
  {-26558, 54682},
  {-26557, 54671},
  {-26555, 54658},
  {-26552, 54642},
  {-26547, 54570},
  {-26546, 54535},
  {-26544, 54485},
  {-26543, 54421},
  {-26540, 54389},
  {-26538, 54361},
  {-26537, 54336},
  {-26536, 54300},
  {-26534, 54273},
  {-26532, 54238},
  {-26530, 54221},
  {-26529, 54190},
  {-26528, 54159},
  {-26525, 54126},
  {-26520, 54092},
  {-26516, 54061},
  {-26515, 54039},
  {-26514, 54008},
  {-26513, 53952},
  {-26512, 53935},
  {-26510, 53921},
  {-26509, 53901},
  {-26508, 53880},
  {-26507, 53857},
  {-26506, 53839},
  {-26505, 53821},
  {-26504, 53789},
  {-26503, 53774},
  {-26502, 53734},
  {-26501, 53711},
  {-26500, 53694},
  {-26491, 53669},
  {-26484, 53623},
  {-26483, 53608},
  {-26482, 53573},
  {-26481, 53551},
  {-26480, 53531},
  {-26479, 53504},
  {-26478, 53478},
  {-26477, 53463},
  {-26476, 53445},
  {-26475, 53419},
  {-26474, 53385},
  {-26473, 53354},
  {-26472, 53326},
  {-26471, 53291},
  {-26470, 53258},
  {-26469, 53196},
  {-26468, 53160},
  {-26467, 53087},
  {-26466, 53055},
  {-26465, 52962},
  {-26464, 52844},
  {-26463, 52820},
  {-26462, 52775},
  {-26461, 52741},
  {-26460, 52685},
  {-26459, 52665},
  {-26458, 52611},
  {-26457, 52591},
  {-26456, 52558},
  {-26455, 52514},
  {-26454, 52467},
  {-26453, 52434},
  {-26452, 52394},
  {-26451, 52361},
  {-26431, 52340},
  {-26408, 52208},
  {-26407, 52173},
  {-26406, 52134},
  {-26404, 52097},
  {-26403, 52085},
  {-26402, 52066},
  {-26401, 52045},
  {-26392, 51992},
  {-26391, 51969},
  {-26390, 51931},
  {-26389, 51893},
  {-26388, 51849},
  {-26387, 51805},
  {-26386, 51779},
  {-26385, 51753},
  {-26384, 51712},
  {-26383, 51667},
  {-26382, 51637},
  {-26381, 51607},
  {-26371, 51486},
  {-26365, 51466},
  {-26364, 51447},
  {-26363, 51428},
  {-26362, 51399},
  {-26361, 51374},
  {-26360, 51352},
  {-26216, 51571},
  {-26214, 51553},
  {-26213, 51517},
  {-26200, 51163},
  {-26199, 51113},
  {-26198, 51083},
  {-26197, 51056},
  {-26196, 51038},
  {-26195, 51017},
  {-26194, 51001},
  {-26193, 50964},
  {-26192, 50943},
  {-26191, 50921},
  {-26190, 50887},
  {-26189, 50855},
  {-26188, 50825},
  {-26187, 50804},
  {-26186, 50789},
  {-26185, 50759},
  {-26184, 50737},
  {-26183, 50714},
  {-26182, 50687},
  {-26181, 50654},
  {-26180, 50639},
  {-26179, 50604},
  {-26178, 50588},
  {-26176, 50564},
  {-26175, 50541},
  {-26174, 50520},
  {-26173, 50501},
  {-26172, 50469},
  {-26171, 50435},
  {-26170, 50410},
  {-26169, 50388},
  {-26168, 50361},
  {-26167, 50328},
  {-26166, 50304},
  {-26165, 50288},
  {-26164, 50264},
  {-26163, 50245},
  {-26162, 50224},
  {-26161, 50211},
  {-26160, 50191},
  {-26159, 50152},
  {-26158, 50121},
  {-26157, 50091},
  {-26156, 50067},
  {-26155, 50048},
  {-26154, 50028},
  {-26153, 50014},
  {-26152, 49992},
  {-26151, 49973},
  {-26114, 49953},
  {-26113, 49939},
  {-26112, 49923},
  {-26111, 49865},
  {-26110, 49778},
  {-26109, 49751},
  {-26108, 49718},
  {-26107, 49696},
  {-26106, 49669},
  {-26105, 49646},
  {-26103, 49591},
  {-26102, 49577},
  {-26101, 49561},
  {-26100, 49484},
  {-26099, 49430},
  {-26098, 49380},
  {-26097, 49358},
  {-26096, 49296},
  {-26095, 49267},
  {-26094, 49241},
  {-26093, 49226},
  {-26092, 49205},
  {-26091, 49190},
  {-26090, 49170},
  {-26088, 49118},
  {-26087, 49092},
  {-26086, 49055},
  {-26085, 49016},
  {-26084, 48980},
  {-26082, 48885},
  {-26081, 48848},
  {-26080, 48811},
  {-26079, 48781},
  {-26078, 48741},
  {-26077, 48710},
  {-26076, 48686},
  {-26075, 48666},
  {-26074, 48647},
  {-26073, 48631},
  {-26072, 48612},
  {-26071, 48578},
  {-26064, 48541},
  {-26063, 48518},
  {-26062, 48496},
  {-26061, 48430},
  {-26060, 48366},
  {-26059, 48325},
  {-26058, 48272},
  {-26057, 48250},
  {-26056, 48220},
  {-26055, 48196},
  {-26054, 48176},
  {-26053, 48142},
  {-26052, 48119},
  {-26051, 48077},
  {-26050, 48042},
  {-26049, 48007},
  {-26048, 47977},
  {-26047, 47921},
  {-26044, 47772},
  {-26043, 47737},
  {-26042, 47714},
  {-26041, 47690},
  {-26040, 47671},
  {-26039, 47638},
  {-26038, 47615},
  {-26037, 47586},
  {-26036, 47558},
  {-26035, 47541},
  {-26034, 47523},
  {-26033, 47505},
  {-26032, 47478},
  {-26031, 47437},
  {-26030, 47387},
  {-26029, 47351},
  {-26028, 47323},
  {-26027, 47300},
  {-26026, 47247},
  {-26025, 47207},
  {-26024, 47165},
  {-26023, 47067},
  {-26022, 47047},
  {-26021, 47010},
  {-26020, 46971},
  {-26019, 46943},
  {-26018, 46913},
  {-26017, 46881},
  {-26016, 46854},
  {-26015, 46825},
  {-26014, 46808},
  {-26013, 46787},
  {-26012, 46766},
  {-26011, 46746},
  {-26010, 46730},
  {-26009, 46720},
  {-26008, 46704},
  {-26007, 46688},
  {-26006, 46665},
  {-26005, 46643},
  {-26004, 46609},
  {-26003, 46540},
  {-26002, 46500},
  {-26001, 46474},
  {-26000, 46438},
  {-25899, 46414},
  {-25898, 46384},
  {-25862, 46347},
  {-25861, 46302},
  {-25860, 46269},
  {-25859, 46242},
  {-25858, 46195},
  {-25857, 46166},
  {-25856, 46139},
  {-25855, 46112},
  {-25854, 46053},
  {-25853, 46006},
  {-25852, 45974},
  {-25851, 45946},
  {-25850, 45909},
  {-25849, 45883},
  {-25848, 45864},
  {-25847, 45846},
  {-25846, 45811},
  {-25845, 45787},
  {-25844, 45764},
  {-25843, 45707},
  {-25842, 45660},
  {-25841, 45634},
  {-25840, 45608},
  {-25839, 45586},
  {-25838, 45554},
  {-25837, 45539},
  {-25836, 45515},
  {-25835, 45499},
  {-25834, 45476},
  {-25833, 45436},
  {-25832, 45412},
  {-25831, 45387},
  {-25830, 45352},
  {-25829, 45326},
  {-25828, 45285},
  {-25827, 45240},
  {-25826, 45206},
  {-25825, 45182},
  {-25824, 45144},
  {-25823, 45104},
  {-25822, 45061},
  {-25821, 45028},
  {-25820, 44988},
  {-25819, 44953},
  {-25818, 44934},
  {-25817, 44894},
  {-25816, 44862},
  {-25815, 44819},
  {-25814, 44728},
  {-25813, 44703},
  {-25812, 44652},
  {-25811, 44609},
  {-25810, 44563},
  {-25809, 44528},
  {-25808, 44492},
  {-25807, 44460},
  {-25806, 44416},
  {-25805, 44386},
  {-25804, 44358},
  {-25803, 44313},
  {-25802, 44275},
  {-25801, 44242},
  {-25800, 44204},
  {-25791, 44149},
  {-25790, 44100},
  {-25789, 44045},
  {-25788, 44014},
  {-25787, 43984},
  {-25786, 43943},
  {-25785, 43917},
  {-25748, 43830},
  {-25747, 43796},
  {-25746, 43781},
  {-25745, 43767},
  {-25741, 43742},
  {-25740, 43708},
  {-25739, 43683},
  {-25738, 43881},
  {-25737, 43852},
  {-25736, 43655},
  {-25735, 43638},
  {-25734, 43621},
  {-25733, 43604},
  {-25732, 43588},
  {-25731, 43571},
  {-25729, 43530},
  {-25728, 43505},
  {-25727, 43462},
  {-25726, 43438},
  {-25725, 43415},
  {-25724, 43396},
  {-25723, 43358},
  {-25722, 43305},
  {-25721, 43262},
  {-25720, 43227},
  {-25718, 43197},
  {-25713, 43165},
  {-25712, 43139},
  {-25711, 43098},
  {-25710, 43066},
  {-25709, 43026},
  {-25708, 43004},
  {-25707, 42974},
  {-25706, 42942},
  {-25705, 42907},
  {-25704, 42865},
  {-25703, 42848},
  {-25702, 42821},
  {-25701, 42796},
  {-25700, 42770},
  {-21555, 66984},
  {-21554, 66950},
  {-21553, 66924},
  {-21552, 66886},
  {-21551, 66864},
  {-21549, 66839},
  {-21548, 66812},
  {-21547, 66785},
  {-21546, 66773},
  {-21545, 66760},
  {-21544, 66743},
  {-21543, 66728},
  {-21542, 66694},
  {-21541, 66650},
  {-21539, 66606},
  {-21537, 66566},
  {-21536, 66536},
  {-21535, 66508},
  {-21534, 66477},
  {-21533, 66437},
  {-21532, 66403},
  {-21531, 66359},
  {-21530, 66331},
  {-21529, 66292},
  {-21528, 66268},
  {-21527, 64524},
  {-21526, 64460},
  {-21525, 64394},
  {-21524, 64332},
  {-21523, 64266},
  {-21522, 64224},
  {-21521, 64170},
  {-21520, 64130},
  {-21519, 64106},
  {-21518, 64026},
  {-21517, 63974},
  {-21516, 63948},
  {-21515, 63892},
  {-21514, 63840},
  {-21513, 63810},
  {-21512, 63752},
  {-21511, 63696},
  {-21500, 63658},
  {-21415, 82463},
  {-21414, 82447},
  {-21413, 82430},
  {-21412, 82406},
  {-21411, 82388},
  {-21410, 82376},
  {-21409, 82357},
  {-21408, 82346},
  {-21407, 82334},
  {-21406, 82327},
  {-21405, 82305},
  {-21404, 82281},
  {-21403, 82269},
  {-21402, 82250},
  {-21401, 82221},
  {-21400, 82201},
  {-19997, 42663},
  {-19996, 42587},
  {-19995, 42513},
  {-19994, 42477},
  {-19993, 42461},
  {-19992, 42411},
  {-19991, 42384},
  {-19990, 37409},
  {-19989, 42359},
  {-19851, 38468},
  {-19850, 38444},
  {-19849, 38419},
  {-19848, 38397},
  {-19847, 38367},
  {-19846, 38239},
  {-19845, 38197},
  {-19844, 38155},
  {-19843, 38340},
  {-19842, 38315},
  {-19841, 38279},
  {-19840, 38136},
  {-19839, 38117},
  {-19838, 38095},
  {-19837, 38077},
  {-19836, 38041},
  {-19835, 38001},
  {-19834, 37976},
  {-19833, 37947},
  {-19832, 37920},
  {-19831, 37891},
  {-19830, 37867},
  {-19829, 37841},
  {-19828, 37800},
  {-19827, 37773},
  {-19826, 37741},
  {-19825, 37704},
  {-19824, 37662},
  {-19823, 37614},
  {-19822, 37579},
  {-19821, 37562},
  {-19820, 37520},
  {-19819, 37498},
  {-19818, 37481},
  {-19817, 37441},
  {-19816, 37384},
  {-19815, 37365},
  {-19814, 37330},
  {-19813, 37296},
  {-19812, 37272},
  {-19811, 37248},
  {-19810, 37229},
  {-19809, 37212},
  {-19808, 37190},
  {-19807, 37155},
  {-19806, 37127},
  {-19805, 37109},
  {-19804, 37100},
  {-19803, 37061},
  {-19802, 37026},
  {-19801, 37016},
  {-19800, 36997},
  {-12247, 82179},
  {-12246, 67013},
  {-12245, 82149},
  {-12244, 82107},
  {-12243, 82068},
  {-12242, 82037},
  {-12241, 82007},
  {-12240, 81978},
  {-12235, 63606},
  {-12234, 63574},
  {-12233, 63534},
  {-12227, 63384},
  {-12226, 63312},
  {-12225, 63288},
  {-12224, 63250},
  {-12223, 63204},
  {-12222, 63146},
  {-12221, 63064},
  {-12220, 63016},
  {-12219, 62960},
  {-12218, 62918},
  {-12217, 62858},
  {-12216, 62740},
  {-12215, 62676},
  {-12214, 81951},
  {-12213, 81911},
  {-12212, 81878},
  {-12211, 81850},
  {-12210, 81823},
  {-12209, 81798},
  {-12208, 81763},
  {-12207, 81737},
  {-12206, 81715},
  {-12205, 81690},
  {-12204, 81675},
  {-12203, 81654},
  {-12202, 81640},
  {-12201, 81623},
  {-12146, 81594},
  {-12144, 81579},
  {-12143, 81566},
  {-12142, 81553},
  {-12141, 81535},
  {-12138, 81506},
  {-12137, 81494},
  {-12136, 81472},
  {-12135, 81449},
  {-12134, 81425},
  {-12133, 81402},
  {-12132, 81382},
  {-12131, 81357},
  {-12130, 81330},
  {-12129, 81311},
  {-12128, 81283},
  {-12127, 81263},
  {-12126, 81238},
  {-12125, 81212},
  {-12124, 81187},
  {-12123, 81173},
  {-12122, 81152},
  {-12121, 81133},
  {-12120, 81108},
  {-12119, 81093},
  {-12118, 81077},
  {-12117, 81049},
  {-12116, 81035},
  {-12115, 80998},
  {-12114, 80985},
  {-12113, 80957},
  {-12112, 80930},
  {-12111, 80908},
  {-12110, 80887},
  {-12109, 80876},
  {-12108, 80862},
  {-12106, 80841},
  {-12105, 80818},
  {-12104, 80795},
  {-12103, 80768},
  {-12102, 80743},
  {-12101, 80721},
  {-12100, 80696},
  {-12099, 80673},
  {-12098, 80660},
  {-12097, 80638},
  {-12096, 80610},
  {-12095, 80593},
  {-12094, 80569},
  {-12093, 80548},
  {-12092, 80523},
  {-12091, 80499},
  {-12090, 80481},
  {-12089, 80459},
  {-12088, 80433},
  {-12087, 80412},
  {-12086, 80392},
  {-12085, 80359},
  {-12084, 80328},
  {-12083, 80298},
  {-12082, 80277},
  {-12081, 80249},
  {-12080, 80221},
  {-12079, 80200},
  {-12078, 80171},
  {-12077, 80147},
  {-12076, 80127},
  {-12075, 80104},
  {-12074, 80082},
  {-12073, 80055},
  {-12072, 80042},
  {-12071, 80010},
  {-12070, 79983},
  {-12069, 79956},
  {-12068, 79929},
  {-12067, 79901},
  {-12066, 79873},
  {-12065, 79856},
  {-12064, 79835},
  {-12063, 79815},
  {-12062, 79798},
  {-12061, 79786},
  {-12060, 79765},
  {-12059, 79739},
  {-12058, 79719},
  {-12057, 79695},
  {-12056, 79684},
  {-12055, 79661},
  {-12054, 79642},
  {-12053, 79627},
  {-12052, 79605},
  {-12051, 79584},
  {-12050, 79557},
  {-12049, 79547},
  {-12048, 79524},
  {-12047, 79507},
  {-12046, 79492},
  {-12045, 79472},
  {-12044, 79447},
  {-12043, 79436},
  {-12042, 79418},
  {-12041, 79392},
  {-12040, 79375},
  {-12039, 79357},
  {-12038, 79334},
  {-12037, 79318},
  {-12036, 79306},
  {-12035, 79295},
  {-12034, 79282},
  {-12033, 79261},
  {-12032, 79250},
  {-12031, 79238},
  {-12030, 79220},
  {-12029, 79195},
  {-12028, 79173},
  {-12027, 79152},
  {-12026, 79137},
  {-12025, 79123},
  {-12024, 79104},
  {-12023, 79086},
  {-12022, 79065},
  {-12021, 79048},
  {-12020, 79034},
  {-12019, 79017},
  {-12018, 78999},
  {-12017, 78980},
  {-12016, 78963},
  {-12015, 78947},
  {-12014, 78931},
  {-12013, 78913},
  {-12012, 78894},
  {-12011, 78874},
  {-12010, 78856},
  {-12009, 78839},
  {-12008, 78822},
  {-12007, 78801},
  {-12006, 78785},
  {-12005, 78769},
  {-12004, 78753},
  {-12003, 78735},
  {-12002, 78719},
  {-12001, 78704},
  {-12000, 78689},
  {-10000, 36964},
  {-9999, 36945},
  {-9998, 36913},
  {-9997, 36894},
  {-9996, 36875},
  {-9995, 36866},
  {-9994, 36838},
  {-9993, 36822},
  {-9992, 36809},
  {-9991, 36791},
  {-9990, 36770},
  {-9989, 36745},
  {-9988, 36717},
  {-9987, 36704},
  {-9986, 36685},
  {-9985, 36668},
  {-9984, 36643},
  {-9983, 36625},
  {-9982, 36596},
  {-9981, 36566},
  {-9980, 36539},
  {-9979, 36512},
  {-9978, 36488},
  {-9977, 36465},
  {-9976, 36443},
  {-9975, 36419},
  {-9974, 36399},
  {-9973, 36362},
  {-9972, 36350},
  {-9971, 36315},
  {-9970, 36292},
  {-9969, 36273},
  {-9968, 36244},
  {-9967, 36227},
  {-9966, 36206},
  {-9965, 36172},
  {-9964, 36149},
  {-9963, 36127},
  {-9962, 36090},
  {-9961, 36074},
  {-9960, 36053},
  {-9953, 36029},
  {-9952, 35991},
  {-9951, 35961},
  {-9950, 35926},
  {-9946, 35908},
  {-9945, 35890},
  {-9944, 35868},
  {-9943, 35837},
  {-9942, 35814},
  {-9941, 35794},
  {-9940, 35776},
  {-9935, 35753},
  {-9934, 35726},
  {-9933, 35704},
  {-9932, 35676},
  {-9931, 35647},
  {-9930, 35598},
  {-9929, 35564},
  {-9928, 35528},
  {-9927, 35499},
  {-9926, 35363},
  {-9925, 35334},
  {-9924, 35308},
  {-9923, 35285},
  {-9921, 35265},
  {-9920, 35228},
  {-9919, 35215},
  {-9914, 35185},
  {-9913, 35107},
  {-9912, 35087},
  {-9911, 35066},
  {-9910, 35013},
  {-9909, 35000},
  {-9908, 34938},
  {-9907, 34917},
  {-9906, 34897},
  {-9905, 34869},
  {-9904, 34848},
  {-9903, 34833},
  {-9902, 34822},
  {-9901, 34809},
  {-9890, 34755},
  {-9889, 34693},
  {-9888, 34665},
  {-9887, 34608},
  {-9886, 34551},
  {-9885, 34513},
  {-9884, 34486},
  {-9883, 34464},
  {-9882, 34430},
  {-9880, 34402},
  {-9879, 34377},
  {-9878, 34350},
  {-9877, 34318},
  {-9876, 34294},
  {-9875, 34261},
  {-9874, 34235},
  {-9873, 34218},
  {-9872, 34196},
  {-9871, 34166},
  {-9870, 34144},
  {-9869, 34122},
  {-9868, 34105},
  {-9867, 34089},
  {-9866, 34073},
  {-9865, 34058},
  {-9864, 34040},
  {-9863, 34023},
  {-9862, 33994},
  {-9861, 33954},
  {-9860, 33937},
  {-9859, 33902},
  {-9858, 33876},
  {-9857, 33851},
  {-9856, 33818},
  {-9855, 33790},
  {-9854, 33764},
  {-9853, 33739},
  {-9852, 33714},
  {-9851, 33693},
  {-9850, 33670},
  {-9849, 33653},
  {-9848, 33628},
  {-9847, 33585},
  {-9846, 33564},
  {-9845, 33542},
  {-9844, 33522},
  {-9843, 33500},
  {-9842, 33468},
  {-9841, 33443},
  {-9840, 33417},
  {-9839, 33385},
  {-9838, 33358},
  {-9837, 33334},
  {-9836, 33311},
  {-9835, 33284},
  {-9834, 33248},
  {-9833, 33224},
  {-9832, 33193},
  {-9831, 33152},
  {-9827, 33104},
  {-9826, 33059},
  {-9825, 33031},
  {-9824, 32998},
  {-9823, 32968},
  {-9822, 32948},
  {-9821, 32934},
  {-9820, 32923},
  {-9819, 32897},
  {-9818, 32866},
  {-9817, 32844},
  {-9816, 32822},
  {-9815, 32809},
  {-9814, 32793},
  {-9813, 32771},
  {-9812, 32750},
  {-9811, 32727},
  {-9810, 32710},
  {-9809, 32678},
  {-9808, 32650},
  {-9807, 32629},
  {-9806, 32595},
  {-9805, 32567},
  {-9804, 32545},
  {-9803, 32522},
  {-9802, 32510},
  {-9801, 32487},
  {-9800, 32479},
  {-9799, 32452},
  {-9798, 32427},
  {-9797, 32400},
  {-9796, 32377},
  {-9795, 32359},
  {-9794, 32341},
  {-9793, 32318},
  {-9792, 32291},
  {-9791, 32272},
  {-9790, 32252},
  {-9788, 32222},
  {-9787, 32203},
  {-9786, 32179},
  {-9785, 32146},
  {-9784, 32098},
  {-9783, 32050},
  {-9782, 32023},
  {-9781, 31978},
  {-9780, 31935},
  {-9757, 31909},
  {-9756, 31866},
  {-9755, 31828},
  {-9754, 31815},
  {-9753, 31786},
  {-9752, 31729},
  {-9751, 31675},
  {-9750, 31625},
  {-9749, 31580},
  {-9748, 31543},
  {-9747, 31503},
  {-9746, 31459},
  {-9745, 31426},
  {-9744, 31394},
  {-9743, 31364},
  {-9742, 31347},
  {-9741, 31310},
  {-9740, 31276},
  {-9722, 31234},
  {-9721, 31209},
  {-9720, 31185},
  {-9719, 31158},
  {-9718, 31131},
  {-9717, 31101},
  {-9716, 31074},
  {-9715, 31048},
  {-9714, 31017},
  {-9713, 30974},
  {-9712, 30927},
  {-9711, 30893},
  {-9710, 30869},
  {-9709, 30832},
  {-9708, 30790},
  {-9707, 30735},
  {-9706, 30677},
  {-9705, 30655},
  {-9704, 30632},
  {-9703, 30591},
  {-9702, 30552},
  {-9701, 30515},
  {-9700, 30470},
  {-9666, 58669},
  {-9665, 57256},
  {-9664, 58636},
  {-9663, 58625},
  {-9662, 58611},
  {-9661, 57217},
  {-9660, 58578},
  {-9659, 58543},
  {-9657, 30439},
  {-9656, 30423},
  {-9655, 30409},
  {-9654, 30373},
  {-9653, 30341},
  {-9652, 30313},
  {-9651, 30265},
  {-9650, 30226},
  {-9649, 30186},
  {-9648, 30170},
  {-9647, 30147},
  {-9646, 30118},
  {-9645, 30087},
  {-9644, 30070},
  {-9643, 30057},
  {-9642, 30031},
  {-9641, 30002},
  {-9640, 29977},
  {-9639, 29943},
  {-9638, 29917},
  {-9637, 29904},
  {-9636, 29877},
  {-9635, 29828},
  {-9634, 29818},
  {-9633, 29767},
  {-9632, 29748},
  {-9631, 29730},
  {-9630, 29714},
  {-9629, 29703},
  {-9628, 29694},
  {-9627, 29657},
  {-9626, 29616},
  {-9625, 29591},
  {-9624, 29552},
  {-9623, 29517},
  {-9622, 29494},
  {-9621, 29462},
  {-9620, 29442},
  {-9619, 29426},
  {-9618, 29402},
  {-9617, 29367},
  {-9616, 29333},
  {-9615, 29303},
  {-9614, 29281},
  {-9613, 29244},
  {-9612, 29194},
  {-9611, 29160},
  {-9610, 29132},
  {-9609, 29110},
  {-9608, 29083},
  {-9607, 29057},
  {-9606, 29029},
  {-9605, 29003},
  {-9604, 28989},
  {-9603, 28962},
  {-9602, 28931},
  {-9601, 28914},
  {-9600, 28907},
  {-9499, 25690},
  {-9498, 25665},
  {-9497, 25630},
  {-9496, 25591},
  {-9495, 25549},
  {-9494, 25497},
  {-9493, 25467},
  {-9492, 25453},
  {-9491, 25422},
  {-9490, 25402},
  {-9489, 25365},
  {-9488, 25335},
  {-9487, 25302},
  {-9486, 25295},
  {-9485, 25273},
  {-9484, 25264},
  {-9483, 25249},
  {-9482, 25217},
  {-9481, 25207},
  {-9480, 25193},
  {-9479, 25178},
  {-9478, 25154},
  {-9477, 25135},
  {-9476, 25118},
  {-9475, 25107},
  {-9474, 25093},
  {-9473, 25082},
  {-9472, 25063},
  {-9471, 25047},
  {-9470, 25013},
  {-9469, 25002},
  {-9468, 24976},
  {-9467, 24952},
  {-9466, 24930},
  {-9465, 24913},
  {-9464, 24895},
  {-9463, 24872},
  {-9462, 24856},
  {-9461, 24835},
  {-9460, 24820},
  {-9459, 24807},
  {-9458, 24791},
  {-9457, 24767},
  {-9456, 24751},
  {-9455, 24741},
  {-9454, 24718},
  {-9453, 24691},
  {-9452, 24653},
  {-9451, 24622},
  {-9450, 24601},
  {-9449, 24574},
  {-9448, 24538},
  {-9447, 24507},
  {-9446, 24481},
  {-9445, 24458},
  {-9444, 24427},
  {-9443, 24413},
  {-9442, 24394},
  {-9441, 24380},
  {-9440, 24358},
  {-9439, 24331},
  {-9438, 24305},
  {-9437, 24280},
  {-9436, 24251},
  {-9435, 24220},
  {-9434, 24180},
  {-9433, 24165},
  {-9432, 24131},
  {-9431, 24100},
  {-9430, 24066},
  {-9429, 24029},
  {-9428, 24009},
  {-9427, 23984},
  {-9426, 23959},
  {-9425, 23935},
  {-9424, 23906},
  {-9423, 23886},
  {-9422, 23861},
  {-9421, 23832},
  {-9412, 23797},
  {-9411, 23765},
  {-9410, 23723},
  {-9409, 23695},
  {-9408, 23670},
  {-9407, 23633},
  {-9406, 23604},
  {-9405, 23575},
  {-9404, 23554},
  {-9403, 23540},
  {-9402, 23516},
  {-9401, 23492},
  {-9400, 23471},
  {-9304, 23436},
  {-9303, 23419},
  {-9302, 23400},
  {-9301, 23368},
  {-9300, 23337},
  {-9275, 23298},
  {-9274, 23261},
  {-9273, 23248},
  {-9272, 23215},
  {-9271, 23172},
  {-9270, 23149},
  {-9269, 23114},
  {-9268, 23089},
  {-9267, 23067},
  {-9266, 23057},
  {-9265, 23043},
  {-9263, 22995},
  {-9262, 22979},
  {-9261, 22954},
  {-9260, 22927},
  {-9259, 22904},
  {-9258, 22879},
  {-9257, 22846},
  {-9256, 22813},
  {-9255, 22783},
  {-9254, 22753},
  {-9253, 22739},
  {-9252, 22723},
  {-9251, 22704},
  {-9250, 22683},
  {-9202, 22656},
  {-9201, 22619},
  {-9200, 22593},
  {-8378, 22564},
  {-8377, 22535},
  {-8376, 22511},
  {-8375, 22498},
  {-8374, 22480},
  {-8373, 22467},
  {-8372, 22457},
  {-8371, 22448},
  {-8370, 22438},
  {-8369, 22414},
  {-8368, 22386},
  {-8367, 22366},
  {-8366, 22352},
  {-8365, 22331},
  {-8364, 22312},
  {-8363, 22291},
  {-8362, 22270},
  {-8361, 22252},
  {-8360, 22233},
  {-8359, 22208},
  {-8358, 22189},
  {-8357, 22170},
  {-8356, 22145},
  {-8355, 22119},
  {-8354, 22087},
  {-8353, 22063},
  {-8352, 22039},
  {-8351, 22003},
  {-8337, 21981},
  {-8336, 21966},
  {-8335, 21938},
  {-8334, 21908},
  {-8333, 21883},
  {-8332, 21855},
  {-8331, 21785},
  {-8329, 21746},
  {-8328, 21705},
  {-8325, 21681},
  {-8324, 21645},
  {-8323, 21621},
  {-8322, 21596},
  {-8321, 21578},
  {-8320, 21537},
  {-8319, 21519},
  {-8318, 21499},
  {-8317, 21467},
  {-8316, 21441},
  {-8315, 21409},
  {-8314, 21382},
  {-8313, 21358},
  {-8312, 21333},
  {-8311, 21302},
  {-8310, 21276},
  {-8309, 21223},
  {-8308, 21180},
  {-8307, 21132},
  {-8306, 21093},
  {-8305, 21068},
  {-8304, 21042},
  {-8303, 21011},
  {-8302, 20979},
  {-8301, 20961},
  {-8300, 20939},
  {-8270, 28880},
  {-8269, 28868},
  {-8268, 28835},
  {-8267, 28807},
  {-8266, 28795},
  {-8265, 28758},
  {-8264, 28720},
  {-8263, 28688},
  {-8262, 28674},
  {-8261, 28629},
  {-8260, 28608},
  {-8259, 28567},
  {-8258, 28540},
  {-8257, 28515},
  {-8256, 28500},
  {-8255, 28480},
  {-8254, 28454},
  {-8253, 28446},
  {-8252, 28429},
  {-8251, 28389},
  {-8250, 28353},
  {-8249, 28317},
  {-8248, 28281},
  {-8247, 28245},
  {-8246, 28215},
  {-8245, 28186},
  {-8244, 28157},
  {-8243, 28129},
  {-8242, 28106},
  {-8241, 28077},
  {-8240, 28054},
  {-8239, 28036},
  {-8238, 28006},
  {-8237, 27976},
  {-8236, 27952},
  {-8235, 27918},
  {-8234, 27886},
  {-8233, 27856},
  {-8232, 27829},
  {-8231, 27807},
  {-8230, 27772},
  {-8229, 27742},
  {-8228, 27694},
  {-8227, 27673},
  {-8226, 27652},
  {-8225, 27617},
  {-8224, 27581},
  {-8223, 27554},
  {-8222, 27528},
  {-8221, 27500},
  {-8220, 27463},
  {-8219, 27413},
  {-8218, 27366},
  {-8217, 27347},
  {-8216, 27310},
  {-8215, 27279},
  {-8214, 27246},
  {-8213, 27219},
  {-8212, 27188},
  {-8211, 27172},
  {-8210, 27156},
  {-8209, 27117},
  {-8208, 27097},
  {-8207, 27070},
  {-8206, 27054},
  {-8205, 27027},
  {-8204, 27000},
  {-8203, 26968},
  {-8202, 26943},
  {-8201, 26923},
  {-8200, 26899},
  {-7353, 62622},
  {-7352, 62578},
  {-7351, 62512},
  {-7350, 62466},
  {-5904, 26866},
  {-5903, 26817},
  {-5902, 26798},
  {-5901, 26759},
  {-5857, 26720},
  {-5856, 26678},
  {-5855, 26642},
  {-5854, 26621},
  {-5853, 26578},
  {-5852, 26573},
  {-5851, 26550},
  {-5849, 26482},
  {-5848, 26462},
  {-5824, 26431},
  {-5823, 26399},
  {-5822, 26368},
  {-5821, 26333},
  {-5820, 26292},
  {-5819, 26269},
  {-5818, 26241},
  {-5817, 26211},
  {-5816, 26176},
  {-5815, 26143},
  {-5814, 26115},
  {-5813, 26086},
  {-5812, 26061},
  {-5811, 26024},
  {-5810, 25986},
  {-5809, 25946},
  {-5808, 25905},
  {-5807, 25885},
  {-5806, 25861},
  {-5805, 25831},
  {-5804, 25804},
  {-5803, 25775},
  {-5802, 25756},
  {-5801, 25727},
  {-1833, 67789},
  {-1832, 67763},
  {-1831, 67714},
  {-1830, 67696},
  {-1829, 67679},
  {-1828, 67650},
  {-1827, 67600},
  {-1826, 67565},
  {-1825, 67527},
  {-1824, 67516},
  {-1823, 67497},
  {-1822, 67489},
  {-1821, 67449},
  {-1820, 67414},
  {-1819, 67389},
  {-1818, 67360},
  {-1817, 67340},
  {-1816, 67318},
  {-1815, 67293},
  {-1814, 67263},
  {-1813, 67237},
  {-1812, 67230},
  {-1811, 67199},
  {-1810, 67188},
  {-1809, 67173},
  {-1808, 67143},
  {-1807, 67129},
  {-1806, 67117},
  {-1805, 67107},
  {-1804, 67094},
  {-1803, 67083},
  {-1802, 67072},
  {-1801, 67053},
  {-1800, 67044},
  {-1290, 76458},
  {-1286, 76438},
  {-1285, 76422},
  {-1284, 76394},
  {-1283, 76361},
  {-1282, 76327},
  {-1281, 76295},
  {-1280, 76262},
  {-1279, 76242},
  {-1278, 76228},
  {-1277, 76207},
  {-1276, 76187},
  {-1275, 76149},
  {-1274, 76127},
  {-1273, 76091},
  {-1272, 76070},
  {-1271, 76039},
  {-1270, 76010},
  {-1269, 75996},
  {-1268, 75977},
  {-1267, 75951},
  {-1266, 75924},
  {-1265, 75894},
  {-1264, 75866},
  {-1263, 75815},
  {-1262, 75790},
  {-1261, 75758},
  {-1260, 75729},
  {-1258, 75694},
  {-1257, 75666},
  {-1254, 75646},
  {-1252, 75619},
  {-1251, 75593},
  {-1250, 75580},
  {-1239, 75555},
  {-1238, 75530},
  {-1237, 75516},
  {-1236, 75497},
  {-1235, 75470},
  {-1234, 75443},
  {-1233, 75424},
  {-1232, 75407},
  {-1231, 75391},
  {-1230, 75373},
  {-1229, 75358},
  {-1228, 75337},
  {-1227, 75325},
  {-1226, 75294},
  {-1225, 75273},
  {-1224, 75263},
  {-1223, 75243},
  {-1222, 75218},
  {-1221, 75203},
  {-1220, 75171},
  {-1219, 75142},
  {-1218, 75127},
  {-1217, 75111},
  {-1216, 75101},
  {-1215, 75071},
  {-1214, 75040},
  {-1213, 75013},
  {-1212, 74973},
  {-1211, 74964},
  {-1210, 74935},
  {-1209, 74893},
  {-1208, 74859},
  {-1207, 74835},
  {-1206, 74826},
  {-1205, 74816},
  {-1204, 74806},
  {-1203, 74773},
  {-1202, 74748},
  {-1201, 74721},
  {-1200, 74697},
  {-999, 16337},
  {-998, 16325},
  {-979, 20912},
  {-978, 20880},
  {-977, 20864},
  {-976, 20832},
  {-975, 20808},
  {-974, 20785},
  {-973, 20760},
  {-972, 20748},
  {-971, 20730},
  {-960, 20686},
  {-959, 20652},
  {-958, 20634},
  {-957, 20613},
  {-956, 20584},
  {-955, 20556},
  {-954, 20537},
  {-953, 20508},
  {-952, 20480},
  {-951, 20447},
  {-950, 20427},
  {-949, 20399},
  {-948, 20387},
  {-947, 20342},
  {-946, 20301},
  {-945, 20276},
  {-944, 20242},
  {-943, 20204},
  {-942, 20172},
  {-941, 20145},
  {-940, 20069},
  {-939, 20035},
  {-938, 19986},
  {-937, 19971},
  {-936, 19954},
  {-935, 19928},
  {-934, 19903},
  {-933, 19875},
  {-932, 19847},
  {-931, 19813},
  {-930, 19793},
  {-929, 19766},
  {-928, 19738},
  {-927, 19698},
  {-926, 19670},
  {-925, 19650},
  {-924, 19622},
  {-923, 19590},
  {-922, 19569},
  {-921, 19529},
  {-920, 19503},
  {-919, 19469},
  {-918, 19442},
  {-917, 19414},
  {-916, 19401},
  {-915, 19358},
  {-914, 19339},
  {-913, 19313},
  {-912, 19287},
  {-911, 19268},
  {-910, 19226},
  {-909, 19215},
  {-908, 19193},
  {-907, 19171},
  {-906, 19146},
  {-905, 19108},
  {-904, 19073},
  {-903, 19042},
  {-902, 19009},
  {-901, 18983},
  {-900, 18960},
  {-899, 16312},
  {-898, 16275},
  {-897, 16248},
  {-896, 16225},
  {-895, 16206},
  {-894, 16195},
  {-893, 16165},
  {-892, 16136},
  {-891, 16115},
  {-890, 16077},
  {-889, 16037},
  {-888, 16012},
  {-887, 15976},
  {-886, 15949},
  {-885, 15909},
  {-884, 15890},
  {-883, 15872},
  {-882, 15854},
  {-881, 15793},
  {-880, 15760},
  {-879, 15731},
  {-878, 15710},
  {-877, 15676},
  {-876, 15649},
  {-875, 15619},
  {-874, 15590},
  {-873, 15575},
  {-872, 15547},
  {-871, 15529},
  {-870, 15509},
  {-869, 15475},
  {-868, 15455},
  {-867, 15442},
  {-866, 15416},
  {-865, 15361},
  {-864, 15346},
  {-863, 15331},
  {-862, 15299},
  {-861, 15284},
  {-860, 15257},
  {-859, 15210},
  {-858, 15175},
  {-857, 15159},
  {-856, 15144},
  {-855, 15125},
  {-853, 15077},
  {-852, 15039},
  {-851, 15015},
  {-850, 14989},
  {-849, 14970},
  {-848, 14951},
  {-847, 14938},
  {-846, 14910},
  {-845, 14890},
  {-844, 14867},
  {-843, 14854},
  {-842, 14842},
  {-841, 14799},
  {-840, 14789},
  {-839, 14781},
  {-838, 14761},
  {-837, 14738},
  {-836, 14719},
  {-835, 14693},
  {-834, 14675},
  {-833, 14654},
  {-832, 14637},
  {-831, 14619},
  {-830, 14609},
  {-829, 14600},
  {-828, 14587},
  {-827, 14577},
  {-826, 14562},
  {-825, 14551},
  {-824, 14528},
  {-823, 14512},
  {-822, 14497},
  {-821, 14480},
  {-820, 14465},
  {-819, 14444},
  {-818, 14428},
  {-817, 14404},
  {-816, 14379},
  {-813, 14348},
  {-812, 14334},
  {-811, 14319},
  {-810, 14308},
  {-809, 14288},
  {-808, 14276},
  {-807, 14264},
  {-806, 14253},
  {-805, 14243},
  {-804, 14231},
  {-803, 14212},
  {-802, 14202},
  {-801, 14184},
  {-800, 14139},
  {-798, 14116},
  {-797, 14103},
  {-796, 14072},
  {-795, 14044},
  {-794, 14017},
  {-793, 13985},
  {-792, 13954},
  {-791, 13941},
  {-790, 13930},
  {-789, 13906},
  {-788, 13892},
  {-787, 13873},
  {-786, 13830},
  {-785, 13809},
  {-784, 13784},
  {-783, 13761},
  {-782, 13749},
  {-781, 13733},
  {-780, 13719},
  {-779, 13695},
  {-778, 13672},
  {-777, 13654},
  {-776, 13618},
  {-775, 13595},
  {-774, 13566},
  {-773, 13546},
  {-772, 13514},
  {-771, 13500},
  {-770, 13488},
  {-769, 13465},
  {-768, 13452},
  {-767, 13413},
  {-766, 13397},
  {-765, 13367},
  {-764, 13334},
  {-763, 13309},
  {-762, 13282},
  {-761, 13226},
  {-760, 13186},
  {-759, 13159},
  {-758, 13134},
  {-757, 13103},
  {-756, 13087},
  {-755, 13064},
  {-754, 13050},
  {-753, 13016},
  {-752, 12994},
  {-751, 12958},
  {-750, 12939},
  {-749, 12908},
  {-748, 12871},
  {-747, 12839},
  {-746, 12837},
  {-745, 12822},
  {-744, 12802},
  {-743, 12787},
  {-742, 12762},
  {-741, 12743},
  {-740, 12700},
  {-739, 12663},
  {-738, 12629},
  {-737, 12591},
  {-736, 12555},
  {-735, 12526},
  {-734, 12497},
  {-733, 12472},
  {-732, 12433},
  {-731, 12408},
  {-730, 12365},
  {-729, 12343},
  {-728, 12320},
  {-727, 12285},
  {-726, 12251},
  {-725, 12202},
  {-724, 12163},
  {-723, 12137},
  {-722, 12125},
  {-721, 12105},
  {-720, 12072},
  {-719, 12047},
  {-718, 12018},
  {-717, 11995},
  {-716, 11961},
  {-715, 11950},
  {-714, 11930},
  {-713, 11905},
  {-712, 11866},
  {-711, 11842},
  {-710, 11816},
  {-709, 11799},
  {-708, 11782},
  {-707, 11757},
  {-706, 11731},
  {-705, 11699},
  {-704, 11681},
  {-703, 11649},
  {-702, 11632},
  {-701, 11608},
  {-700, 11587},
  {-699, 11565},
  {-698, 11526},
  {-697, 11503},
  {-696, 11487},
  {-695, 11463},
  {-694, 11437},
  {-693, 11411},
  {-692, 11386},
  {-691, 11358},
  {-690, 11339},
  {-689, 11314},
  {-688, 11285},
  {-687, 11257},
  {-686, 11235},
  {-685, 11216},
  {-684, 11197},
  {-683, 11162},
  {-682, 11145},
  {-681, 11116},
  {-680, 11093},
  {-679, 11071},
  {-678, 11045},
  {-677, 11013},
  {-676, 10999},
  {-675, 10978},
  {-674, 10961},
  {-673, 10932},
  {-672, 10919},
  {-671, 10891},
  {-670, 10868},
  {-669, 10854},
  {-668, 10817},
  {-667, 10803},
  {-666, 10770},
  {-665, 10752},
  {-664, 10726},
  {-663, 10681},
  {-662, 10661},
  {-661, 10632},
  {-660, 10615},
  {-659, 10586},
  {-658, 10551},
  {-657, 10528},
  {-656, 10506},
  {-655, 10473},
  {-654, 10449},
  {-653, 10423},
  {-652, 10397},
  {-651, 10365},
  {-650, 10338},
  {-649, 10302},
  {-648, 10278},
  {-647, 10254},
  {-646, 10243},
  {-645, 10231},
  {-644, 10179},
  {-643, 10166},
  {-642, 10146},
  {-641, 10117},
  {-640, 10100},
  {-639, 10070},
  {-638, 10043},
  {-637, 10028},
  {-636, 9987},
  {-635, 9975},
  {-634, 9965},
  {-633, 9950},
  {-632, 9936},
  {-631, 9911},
  {-630, 9890},
  {-629, 9865},
  {-628, 9836},
  {-627, 9809},
  {-626, 9791},
  {-625, 9777},
  {-624, 9755},
  {-623, 9733},
  {-622, 9716},
  {-621, 9695},
  {-620, 9677},
  {-619, 9645},
  {-618, 9611},
  {-617, 9583},
  {-616, 9554},
  {-615, 9534},
  {-614, 9510},
  {-613, 9487},
  {-612, 9462},
  {-611, 9436},
  {-610, 9413},
  {-609, 9382},
  {-608, 9352},
  {-607, 9331},
  {-606, 9319},
  {-605, 9309},
  {-604, 9300},
  {-603, 9290},
  {-602, 9282},
  {-601, 9272},
  {-600, 9264},
  {-599, 9214},
  {-598, 9202},
  {-597, 9176},
  {-596, 9142},
  {-595, 9121},
  {-594, 9094},
  {-593, 9071},
  {-592, 9040},
  {-591, 9020},
  {-590, 9005},
  {-589, 8976},
  {-588, 8961},
  {-587, 8951},
  {-586, 8940},
  {-585, 8922},
  {-584, 8907},
  {-583, 8882},
  {-582, 8866},
  {-581, 8852},
  {-580, 8837},
  {-579, 8821},
  {-578, 8807},
  {-577, 8782},
  {-576, 8756},
  {-575, 8732},
  {-574, 8705},
  {-573, 8677},
  {-572, 8659},
  {-571, 8637},
  {-570, 8618},
  {-569, 8597},
  {-568, 8574},
  {-567, 8561},
  {-566, 8550},
  {-565, 8538},
  {-564, 8530},
  {-563, 8504},
  {-562, 8491},
  {-561, 8464},
  {-560, 8439},
  {-559, 8411},
  {-558, 8360},
  {-557, 8311},
  {-556, 8274},
  {-555, 8237},
  {-554, 8215},
  {-553, 8163},
  {-552, 8129},
  {-551, 8110},
  {-550, 8084},
  {-549, 8056},
  {-548, 8026},
  {-547, 7997},
  {-546, 7970},
  {-545, 7952},
  {-544, 7933},
  {-543, 7909},
  {-542, 7873},
  {-541, 7853},
  {-540, 7838},
  {-539, 7824},
  {-538, 7804},
  {-537, 7787},
  {-536, 7746},
  {-535, 7736},
  {-534, 7716},
  {-533, 7687},
  {-532, 7673},
  {-531, 7654},
  {-530, 7641},
  {-529, 7629},
  {-528, 7598},
  {-527, 7572},
  {-526, 7550},
  {-525, 7526},
  {-524, 7504},
  {-523, 7473},
  {-522, 7457},
  {-521, 7440},
  {-520, 7428},
  {-519, 7413},
  {-518, 7398},
  {-517, 7365},
  {-516, 7336},
  {-515, 7316},
  {-514, 7276},
  {-513, 7252},
  {-512, 7226},
  {-511, 7208},
  {-510, 7187},
  {-509, 7169},
  {-508, 7155},
  {-507, 7145},
  {-506, 7122},
  {-505, 7088},
  {-504, 7076},
  {-503, 7062},
  {-502, 7052},
  {-501, 7036},
  {-500, 7016},
  {-499, 6980},
  {-498, 6951},
  {-497, 6921},
  {-496, 6888},
  {-495, 6854},
  {-494, 6823},
  {-493, 6795},
  {-492, 6762},
  {-491, 6732},
  {-490, 6705},
  {-489, 6685},
  {-488, 6674},
  {-487, 6644},
  {-486, 6620},
  {-485, 6588},
  {-484, 6555},
  {-483, 6517},
  {-482, 6496},
  {-481, 6474},
  {-480, 6451},
  {-479, 6416},
  {-478, 6403},
  {-477, 6389},
  {-476, 6356},
  {-475, 6311},
  {-474, 6298},
  {-473, 6273},
  {-472, 6254},
  {-471, 6230},
  {-470, 6208},
  {-469, 6192},
  {-468, 6154},
  {-467, 6136},
  {-466, 6126},
  {-465, 6105},
  {-464, 6094},
  {-463, 6084},
  {-462, 6073},
  {-461, 6064},
  {-460, 6041},
  {-459, 6022},
  {-458, 6011},
  {-457, 5987},
  {-456, 5965},
  {-455, 5950},
  {-454, 5937},
  {-453, 5922},
  {-452, 5909},
  {-451, 5888},
  {-450, 5849},
  {-445, 5804},
  {-444, 5759},
  {-443, 5728},
  {-442, 5699},
  {-441, 5656},
  {-440, 5622},
  {-439, 5591},
  {-438, 5555},
  {-437, 5515},
  {-436, 5475},
  {-435, 5453},
  {-434, 5436},
  {-433, 5419},
  {-432, 5404},
  {-431, 5387},
  {-430, 5369},
  {-429, 5340},
  {-428, 5319},
  {-427, 5293},
  {-426, 5269},
  {-425, 5244},
  {-424, 5214},
  {-423, 5181},
  {-422, 5158},
  {-421, 5129},
  {-420, 5112},
  {-419, 5077},
  {-418, 5039},
  {-417, 5014},
  {-416, 4984},
  {-415, 4972},
  {-414, 4951},
  {-413, 4929},
  {-412, 4911},
  {-411, 4882},
  {-410, 4862},
  {-409, 4831},
  {-408, 4802},
  {-407, 4774},
  {-406, 4763},
  {-405, 4733},
  {-404, 4715},
  {-403, 4686},
  {-402, 4663},
  {-401, 4642},
  {-400, 4620},
  {-399, 4610},
  {-398, 4590},
  {-397, 4573},
  {-396, 4538},
  {-395, 4506},
  {-394, 4496},
  {-393, 4456},
  {-392, 4428},
  {-391, 4411},
  {-390, 4387},
  {-389, 4372},
  {-388, 4355},
  {-387, 4340},
  {-386, 4321},
  {-385, 4307},
  {-384, 4288},
  {-383, 4260},
  {-382, 4229},
  {-381, 4188},
  {-380, 4178},
  {-379, 4161},
  {-378, 4137},
  {-377, 4113},
  {-376, 4102},
  {-375, 4089},
  {-374, 4054},
  {-373, 4008},
  {-372, 3989},
  {-371, 3964},
  {-370, 3953},
  {-369, 3920},
  {-368, 3900},
  {-367, 3874},
  {-366, 3846},
  {-365, 3814},
  {-364, 3789},
  {-363, 3768},
  {-362, 3731},
  {-361, 3716},
  {-360, 3693},
  {-359, 3669},
  {-358, 3623},
  {-357, 3600},
  {-356, 3570},
  {-355, 3559},
  {-354, 3539},
  {-353, 3504},
  {-352, 3493},
  {-351, 3467},
  {-350, 3440},
  {-349, 3425},
  {-348, 3409},
  {-347, 3391},
  {-346, 3376},
  {-345, 3345},
  {-344, 3313},
  {-343, 3274},
  {-342, 3254},
  {-341, 3229},
  {-340, 3213},
  {-339, 3179},
  {-338, 3165},
  {-337, 3147},
  {-336, 3124},
  {-335, 3102},
  {-334, 3089},
  {-333, 3060},
  {-332, 3038},
  {-331, 3026},
  {-330, 3014},
  {-329, 2988},
  {-328, 2971},
  {-327, 2955},
  {-326, 2928},
  {-325, 2905},
  {-324, 2891},
  {-323, 2869},
  {-322, 2828},
  {-321, 2811},
  {-320, 2799},
  {-319, 2789},
  {-318, 2766},
  {-317, 2697},
  {-316, 2682},
  {-315, 2666},
  {-314, 2652},
  {-313, 2641},
  {-312, 2625},
  {-311, 2610},
  {-310, 2596},
  {-309, 2569},
  {-308, 2502},
  {-307, 2482},
  {-306, 2464},
  {-305, 2417},
  {-304, 2370},
  {-303, 2346},
  {-302, 2314},
  {-301, 2284},
  {-300, 2261},
  {-299, 2242},
  {-298, 2212},
  {-297, 2181},
  {-296, 2162},
  {-295, 2133},
  {-294, 2111},
  {-293, 2072},
  {-292, 2044},
  {-291, 2028},
  {-290, 1999},
  {-289, 1981},
  {-288, 1962},
  {-287, 1948},
  {-286, 1919},
  {-285, 1899},
  {-284, 1872},
  {-283, 1836},
  {-282, 1806},
  {-281, 1786},
  {-280, 1762},
  {-279, 1733},
  {-278, 1715},
  {-277, 1692},
  {-276, 1683},
  {-275, 1657},
  {-274, 1637},
  {-273, 1617},
  {-272, 1597},
  {-271, 1578},
  {-270, 1556},
  {-269, 1535},
  {-268, 1519},
  {-267, 1485},
  {-266, 1453},
  {-265, 1426},
  {-264, 1406},
  {-263, 1387},
  {-262, 1371},
  {-261, 1364},
  {-260, 1325},
  {-259, 1316},
  {-258, 1282},
  {-257, 1238},
  {-256, 1225},
  {-255, 1216},
  {-254, 1190},
  {-253, 1147},
  {-252, 1130},
  {-251, 1098},
  {-250, 1081},
  {-249, 1059},
  {-248, 1043},
  {-247, 1029},
  {-246, 1004},
  {-245, 982},
  {-244, 950},
  {-243, 935},
  {-242, 923},
  {-241, 910},
  {-240, 897},
  {-239, 854},
  {-238, 843},
  {-237, 833},
  {-236, 799},
  {-235, 780},
  {-234, 762},
  {-233, 736},
  {-232, 715},
  {-231, 684},
  {-230, 666},
  {-229, 646},
  {-228, 618},
  {-227, 596},
  {-226, 577},
  {-225, 559},
  {-224, 547},
  {-223, 525},
  {-222, 503},
  {-221, 482},
  {-220, 467},
  {-219, 436},
  {-218, 423},
  {-217, 389},
  {-216, 379},
  {-215, 369},
  {-214, 356},
  {-213, 331},
  {-212, 324},
  {-211, 308},
  {-210, 288},
  {-209, 274},
  {-208, 247},
  {-207, 214},
  {-206, 201},
  {-205, 119},
  {-204, 86},
  {-203, 59},
  {-202, 32},
  {-201, 14},
  {-200, 0},
  {-199, 62438},
  {-198, 62368},
  {-197, 62300},
  {-196, 62256},
  {-195, 62218},
  {-194, 62192},
  {-193, 62168},
  {-192, 62140},
  {-191, 62116},
  {-190, 62090},
  {-188, 62030},
  {-187, 61990},
  {-186, 61922},
  {-185, 61872},
  {-184, 61814},
  {-183, 61762},
  {-182, 61720},
  {-181, 61678},
  {-180, 61642},
  {-179, 61608},
  {-178, 61544},
  {-177, 61494},
  {-176, 61440},
  {-175, 61386},
  {-174, 61332},
  {-173, 61274},
  {-172, 61246},
  {-171, 61204},
  {-170, 61168},
  {-169, 61080},
  {-168, 61030},
  {-167, 60964},
  {-166, 60940},
  {-165, 60908},
  {-164, 60876},
  {-163, 60826},
  {-162, 60800},
  {-161, 60776},
  {-160, 60726},
  {-159, 60692},
  {-158, 60646},
  {-157, 60622},
  {-156, 60586},
  {-155, 60542},
  {-154, 60502},
  {-153, 60466},
  {-152, 60404},
  {-151, 60356},
  {-150, 60270},
  {-149, 60202},
  {-148, 60178},
  {-147, 60152},
  {-146, 60082},
  {-145, 60038},
  {-144, 60014},
  {-143, 59988},
  {-142, 59952},
  {-141, 59924},
  {-140, 59886},
  {-139, 59860},
  {-138, 59834},
  {-137, 59808},
  {-136, 59786},
  {-135, 59764},
  {-134, 59742},
  {-133, 59714},
  {-132, 59690},
  {-131, 59662},
  {-130, 59636},
  {-129, 59616},
  {-128, 59598},
  {-127, 59574},
  {-126, 59556},
  {-125, 59534},
  {-124, 59506},
  {-123, 59480},
  {-122, 59456},
  {-121, 59428},
  {-120, 59406},
  {-119, 59382},
  {-118, 59356},
  {-117, 59312},
  {-116, 59284},
  {-115, 59258},
  {-114, 59228},
  {-113, 59206},
  {-112, 59172},
  {-111, 59148},
  {-110, 59114},
  {-109, 59070},
  {-108, 59048},
  {-107, 59024},
  {-106, 58994},
  {-105, 58962},
  {-104, 58934},
  {-103, 58862},
  {-102, 58824},
  {-101, 58804},
  {-100, 58702},
  {-79, 78646},
  {-78, 78622},
  {-77, 78609},
  {-76, 78597},
  {-75, 78581},
  {-74, 78566},
  {-73, 78556},
  {-72, 78543},
  {-71, 78521},
  {-70, 78506},
  {-69, 78491},
  {-68, 78481},
  {-67, 78468},
  {-66, 78456},
  {-65, 78444},
  {-64, 78434},
  {-63, 78423},
  {-62, 78398},
  {-61, 78387},
  {-60, 78375},
  {-59, 78354},
  {-58, 78329},
  {-57, 78315},
  {-56, 78300},
  {-55, 78284},
  {-54, 78269},
  {-53, 78251},
  {-52, 78232},
  {-51, 78218},
  {-50, 78206},
  {-49, 78186},
  {-48, 78174},
  {-47, 78147},
  {-46, 78131},
  {-45, 78116},
  {-44, 78102},
  {-43, 78090},
  {-42, 78074},
  {-41, 78055},
  {-40, 78044},
  {-39, 78028},
  {-38, 78010},
  {-37, 77996},
  {-36, 77981},
  {-35, 77968},
  {-34, 77957},
  {-33, 77945},
  {-32, 77935},
  {-31, 77924},
  {-30, 77910},
  {-29, 77900},
  {-28, 77887},
  {-27, 77877},
  {-26, 77868},
  {-25, 77857},
  {-24, 77845},
  {-23, 77834},
  {-22, 77827},
  {-21, 77819},
  {-20, 77810},
  {-19, 77799},
  {-18, 77786},
  {-17, 77779},
  {-16, 77767},
  {-15, 77752},
  {-14, 77743},
  {-13, 77730},
  {-12, 77718},
  {-11, 77706},
  {-10, 77698},
  {-9, 77689},
  {-8, 77678},
  {-7, 77665},
  {-6, 77648},
  {-5, 77643},
  {-4, 77629},
  {-3, 77617},
  {-2, 77603},
  {-1, 77595},
  {1, 76527},
  {2, 76535},
  {3, 76549},
  {4, 76561},
  {5, 76575},
  {6, 76580},
  {7, 76597},
  {8, 76610},
  {9, 76621},
  {10, 76630},
  {11, 76638},
  {12, 76650},
  {13, 76662},
  {14, 76675},
  {15, 76684},
  {16, 76699},
  {17, 76711},
  {18, 76718},
  {19, 76731},
  {20, 76742},
  {21, 76751},
  {22, 76759},
  {23, 76766},
  {24, 76777},
  {25, 76789},
  {26, 76800},
  {27, 76809},
  {28, 76819},
  {29, 76832},
  {30, 76842},
  {31, 76856},
  {32, 76867},
  {33, 76877},
  {34, 76889},
  {35, 76900},
  {36, 76913},
  {37, 76928},
  {38, 76942},
  {39, 76960},
  {40, 76976},
  {41, 76987},
  {42, 77006},
  {43, 77022},
  {44, 77034},
  {45, 77048},
  {46, 77063},
  {47, 77079},
  {48, 77106},
  {49, 77118},
  {50, 77138},
  {51, 77150},
  {52, 77164},
  {53, 77183},
  {54, 77201},
  {55, 77216},
  {56, 77232},
  {57, 77247},
  {58, 77261},
  {59, 77286},
  {60, 77307},
  {61, 77319},
  {62, 77330},
  {63, 77355},
  {64, 77366},
  {65, 77376},
  {66, 77388},
  {67, 77400},
  {68, 77413},
  {69, 77423},
  {70, 77438},
  {71, 77453},
  {72, 77475},
  {73, 77488},
  {74, 77498},
  {75, 77513},
  {76, 77529},
  {77, 77541},
  {78, 77554},
  {79, 77578},
  {100, 58729},
  {101, 58814},
  {102, 58843},
  {103, 58898},
  {104, 58948},
  {105, 58978},
  {106, 59009},
  {107, 59036},
  {108, 59059},
  {109, 59092},
  {110, 59131},
  {111, 59160},
  {112, 59189},
  {113, 59217},
  {114, 59243},
  {115, 59271},
  {116, 59298},
  {117, 59334},
  {118, 59369},
  {119, 59394},
  {120, 59417},
  {121, 59442},
  {122, 59468},
  {123, 59493},
  {124, 59520},
  {125, 59545},
  {126, 59565},
  {127, 59586},
  {128, 59607},
  {129, 59626},
  {130, 59649},
  {131, 59676},
  {132, 59702},
  {133, 59728},
  {134, 59753},
  {135, 59775},
  {136, 59797},
  {137, 59821},
  {138, 59847},
  {139, 59873},
  {140, 59905},
  {141, 59938},
  {142, 59970},
  {143, 60001},
  {144, 60026},
  {145, 60060},
  {146, 60117},
  {147, 60165},
  {148, 60190},
  {149, 60236},
  {150, 60313},
  {151, 60380},
  {152, 60435},
  {153, 60484},
  {154, 60522},
  {155, 60564},
  {156, 60604},
  {157, 60634},
  {158, 60669},
  {159, 60709},
  {160, 60751},
  {161, 60788},
  {162, 60813},
  {163, 60851},
  {164, 60892},
  {165, 60924},
  {166, 60952},
  {167, 60997},
  {168, 61055},
  {169, 61124},
  {170, 61186},
  {171, 61225},
  {172, 61260},
  {173, 61303},
  {174, 61359},
  {175, 61413},
  {176, 61467},
  {177, 61519},
  {178, 61576},
  {179, 61625},
  {180, 61660},
  {181, 61699},
  {182, 61741},
  {183, 61788},
  {184, 61843},
  {185, 61897},
  {186, 61956},
  {187, 62010},
  {188, 62060},
  {190, 62103},
  {191, 62128},
  {192, 62154},
  {193, 62180},
  {194, 62205},
  {195, 62237},
  {196, 62278},
  {197, 62334},
  {198, 62403},
  {199, 62452},
  {600, 16351},
  {601, 16366},
  {602, 16390},
  {603, 16434},
  {604, 16454},
  {605, 16463},
  {611, 16480},
  {612, 16497},
  {613, 16556},
  {614, 16610},
  {615, 16647},
  {700, 16654},
  {701, 16680},
  {702, 16708},
  {703, 16734},
  {704, 16751},
  {705, 16769},
  {706, 16787},
  {707, 16809},
  {793, 16832},
  {794, 16846},
  {795, 16862},
  {796, 16877},
  {797, 16894},
  {798, 16908},
  {799, 16921},
  {801, 16930},
  {802, 16941},
  {803, 16958},
  {804, 16983},
  {805, 16995},
  {806, 17009},
  {809, 17024},
  {810, 17039},
  {811, 17047},
  {812, 17056},
  {813, 17065},
  {814, 17075},
  {815, 17082},
  {816, 17090},
  {817, 17098},
  {818, 17107},
  {819, 17120},
  {820, 17133},
  {821, 17141},
  {822, 17151},
  {825, 17159},
  {826, 17168},
  {827, 17177},
  {828, 17185},
  {829, 17195},
  {830, 17202},
  {831, 17213},
  {832, 17223},
  {833, 17237},
  {834, 17249},
  {835, 17259},
  {836, 17269},
  {837, 17282},
  {838, 17293},
  {839, 17303},
  {840, 17318},
  {841, 17327},
  {842, 17336},
  {843, 17343},
  {844, 17354},
  {845, 17366},
  {846, 17377},
  {847, 17389},
  {848, 17397},
  {849, 17411},
  {850, 17418},
  {851, 17428},
  {852, 17436},
  {853, 17451},
  {854, 17459},
  {855, 17468},
  {856, 17481},
  {857, 17490},
  {858, 17506},
  {859, 17520},
  {860, 17534},
  {861, 17549},
  {862, 17564},
  {863, 17579},
  {864, 17605},
  {867, 17620},
  {868, 17637},
  {869, 17653},
  {870, 17668},
  {871, 17678},
  {872, 17689},
  {873, 17718},
  {874, 17729},
  {875, 17743},
  {876, 17756},
  {877, 17764},
  {878, 17772},
  {879, 17780},
  {880, 17793},
  {881, 17808},
  {882, 17820},
  {883, 17831},
  {884, 17838},
  {885, 17846},
  {886, 17853},
  {887, 17865},
  {888, 17875},
  {889, 17884},
  {890, 17894},
  {891, 17904},
  {892, 17915},
  {893, 17927},
  {894, 17934},
  {895, 17942},
  {896, 17953},
  {897, 17961},
  {898, 17969},
  {899, 17984},
  {900, 18000},
  {901, 18015},
  {902, 18025},
  {903, 18036},
  {904, 18047},
  {905, 18065},
  {906, 18076},
  {907, 18088},
  {908, 18100},
  {909, 18109},
  {910, 18127},
  {911, 18139},
  {912, 18149},
  {913, 18159},
  {914, 18169},
  {915, 18179},
  {916, 18192},
  {917, 18201},
  {918, 18212},
  {919, 18224},
  {920, 18235},
  {921, 18246},
  {922, 18259},
  {923, 18269},
  {924, 18283},
  {925, 18293},
  {926, 18304},
  {927, 18314},
  {928, 18325},
  {929, 18335},
  {930, 18344},
  {931, 18357},
  {932, 18364},
  {933, 18381},
  {934, 18394},
  {935, 18408},
  {936, 18420},
  {937, 18435},
  {938, 18448},
  {939, 18458},
  {940, 18474},
  {941, 18490},
  {942, 18507},
  {943, 18524},
  {944, 18536},
  {945, 18549},
  {946, 18562},
  {947, 18574},
  {948, 18587},
  {949, 18600},
  {950, 18615},
  {951, 18630},
  {952, 18644},
  {953, 18658},
  {954, 18672},
  {955, 18686},
  {956, 18713},
  {957, 18740},
  {959, 18753},
  {960, 18765},
  {961, 18778},
  {962, 18801},
  {963, 18814},
  {964, 18835},
  {965, 18846},
  {967, 18857},
  {968, 18870},
  {969, 18883},
  {970, 18897},
  {971, 18911},
  {972, 18917},
  {973, 18923},
  {974, 18930},
  {975, 18937},
  {976, 18950},
  {1200, 74387},
  {1201, 74412},
  {1202, 74455},
  {1203, 74473},
  {1204, 74514},
  {1205, 74540},
  {1206, 74548},
  {1207, 74580},
  {1290, 74618},
  {1291, 74657},
  {1292, 76480},
  {7350, 62489},
  {7351, 62545},
  {7352, 62600},
  {7353, 62649},
  {12215, 62708},
  {12216, 62799},
  {12217, 62888},
  {12218, 62939},
  {12219, 62988},
  {12220, 63040},
  {12221, 63105},
  {12222, 63175},
  {12223, 63227},
  {12224, 63269},
  {12225, 63300},
  {12226, 63348},
  {12227, 63459},
  {12233, 63554},
  {12234, 63590},
  {12235, 63632},
  {19800, 38495},
  {19801, 38502},
  {19802, 38510},
  {19803, 38521},
  {19804, 38542},
  {19805, 38550},
  {19806, 38570},
  {19807, 38582},
  {19808, 38598},
  {19809, 38613},
  {19810, 38624},
  {19811, 38640},
  {19812, 38646},
  {19813, 38656},
  {19814, 38669},
  {19815, 38682},
  {19816, 38695},
  {19817, 38711},
  {19818, 38723},
  {19819, 38733},
  {19820, 38736},
  {19821, 38761},
  {19822, 38786},
  {19823, 38806},
  {19824, 38817},
  {19825, 38828},
  {19826, 38837},
  {19827, 38849},
  {19828, 38857},
  {19829, 38862},
  {19830, 38879},
  {19831, 38886},
  {19832, 38894},
  {19833, 38906},
  {19834, 38918},
  {19835, 38932},
  {19836, 38948},
  {19837, 38963},
  {19838, 38972},
  {19839, 38979},
  {19840, 38988},
  {19841, 38996},
  {19842, 39008},
  {19843, 39013},
  {19844, 39016},
  {19845, 39047},
  {19846, 39074},
  {19847, 39102},
  {19848, 39115},
  {19849, 39135},
  {19850, 39157},
  {19851, 39164},
  {19852, 39181},
  {19853, 39198},
  {19854, 39221},
  {19855, 39245},
  {19856, 39259},
  {19857, 39282},
  {19858, 39298},
  {19859, 39315},
  {19860, 39327},
  {19861, 39345},
  {19862, 39361},
  {19863, 39370},
  {19864, 39384},
  {19865, 39400},
  {19866, 39412},
  {19867, 39425},
  {19868, 39439},
  {19869, 39450},
  {19870, 39465},
  {19871, 39477},
  {19872, 39502},
  {19873, 39511},
  {19874, 39523},
  {19875, 39529},
  {19876, 39534},
  {19877, 39538},
  {19878, 39543},
  {19879, 39552},
  {19880, 39570},
  {19881, 39581},
  {19882, 39597},
  {19883, 39609},
  {19884, 39617},
  {19885, 39630},
  {19886, 39643},
  {19887, 39682},
  {19888, 39700},
  {19889, 39709},
  {19890, 39723},
  {19891, 39733},
  {19892, 39746},
  {19893, 39755},
  {19894, 39764},
  {19895, 39777},
  {19896, 39789},
  {19897, 39805},
  {19898, 39818},
  {19899, 39835},
  {19900, 39849},
  {19901, 39855},
  {19902, 39867},
  {19903, 39872},
  {19904, 39883},
  {19905, 39891},
  {19906, 39898},
  {19907, 39907},
  {19908, 39916},
  {19909, 39927},
  {19910, 39938},
  {19911, 39947},
  {19912, 39955},
  {19913, 39963},
  {19914, 39967},
  {19915, 39982},
  {19916, 40001},
  {19917, 40021},
  {19918, 40045},
  {19919, 40066},
  {19920, 40079},
  {19921, 40093},
  {19922, 40117},
  {19923, 40143},
  {19924, 40170},
  {19925, 40190},
  {19926, 40217},
  {19927, 40245},
  {19928, 40290},
  {19929, 40317},
  {19930, 40342},
  {19931, 40376},
  {19932, 40409},
  {19933, 40438},
  {19934, 40467},
  {19935, 40498},
  {19936, 40522},
  {19937, 40555},
  {19938, 40590},
  {19939, 40622},
  {19940, 40638},
  {19941, 40667},
  {19942, 40699},
  {19943, 40729},
  {19944, 40769},
  {19945, 40793},
  {19946, 40799},
  {19947, 40805},
  {19948, 40828},
  {19949, 40857},
  {19950, 40892},
  {19951, 40923},
  {19952, 40939},
  {19953, 40957},
  {19954, 40981},
  {19955, 41008},
  {19956, 41013},
  {19957, 41024},
  {19958, 41053},
  {19959, 41087},
  {19960, 41120},
  {19961, 41130},
  {19962, 41142},
  {19963, 41176},
  {19964, 41209},
  {19965, 41219},
  {19966, 41233},
  {19967, 41245},
  {19968, 41270},
  {19969, 41327},
  {19970, 41351},
  {19971, 41368},
  {19972, 41386},
  {19973, 41403},
  {19974, 41420},
  {19975, 41432},
  {19976, 41444},
  {19977, 41453},
  {19978, 41468},
  {19979, 41506},
  {19980, 41532},
  {19981, 41559},
  {19982, 41610},
  {19983, 41619},
  {19984, 41632},
  {19985, 41650},
  {19986, 41663},
  {19987, 41703},
  {19988, 41717},
  {19989, 41735},
  {19998, 42698},
  {19999, 42717},
  {21402, 82493},
  {21403, 82534},
  {21404, 82556},
  {21405, 82574},
  {21406, 82604},
  {21407, 82625},
  {21408, 82697},
  {21409, 82766},
  {21410, 82810},
  {21500, 63677},
  {21511, 63724},
  {21512, 63781},
  {21513, 63825},
  {21514, 63866},
  {21515, 63920},
  {21516, 63961},
  {21517, 64000},
  {21518, 64066},
  {21519, 64118},
  {21520, 64150},
  {21521, 64197},
  {21522, 64245},
  {21523, 64299},
  {21524, 64363},
  {21525, 64427},
  {21526, 64492},
  {21527, 64563},
  {25751, 41745},
  {25752, 41769},
  {25753, 41800},
  {25754, 41818},
  {25755, 41837},
  {25756, 41846},
  {25757, 41860},
  {25758, 41889},
  {25759, 41912},
  {25760, 41922},
  {25761, 41934},
  {25762, 41952},
  {25763, 42007},
  {25764, 42051},
  {25765, 42069},
  {25766, 42082},
  {25767, 42099},
  {25768, 42118},
  {25769, 42129},
  {25770, 42136},
  {25771, 42146},
  {25772, 42162},
  {25773, 42182},
  {25774, 42220},
  {25775, 42225},
  {25776, 42236},
  {25777, 42278},
  {25778, 42292},
  {25779, 42308},
  {25780, 42325},
  {25781, 42342},
  {26045, 47812},
  {26046, 47857},
  {26083, 48926},
  {26251, 51233},
  {26252, 51253},
  {26253, 51278},
  {26254, 51319},
  {26255, 51329},
  {26415, 52232},
  {26416, 52245},
  {26418, 52261},
  {26419, 52272},
  {26420, 52283},
  {26421, 52299},
  {26422, 52308},
  {26423, 52333},
  {32000, 64602},
  {32001, 64658},
  {32002, 64724},
  {32003, 64790},
  {32004, 64870},
  {32005, 64974},
  {32006, 65036},
  {32007, 65116},
  {32009, 65170},
  {32010, 65240},
  {32011, 65330},
  {32012, 65402},
  {32013, 65470},
  {32014, 65542},
  {32015, 65606},
  {32016, 65656},
  {32017, 65722},
  {32018, 65750},
  {32019, 65786},
  {32020, 65836},
  {32021, 65880},
  {32022, 65908},
  {32023, 65978},
  {32024, 66056},
  {32025, 66120},
  {32765, 78663},
  {32766, 78673},
};

const size_t ifx_code_table_count = 3412;
const size_t ifx_dict_count = 383;
